Workbook

Sheet JANUARI
A2: LAPORAN PELAYANAN KESEHATAN GIGI DAN MULUT
A3: DI PUSKESMAS KABUPATEN ROTE NDAO
A4: JANUARI 2026
A6: NO | B6: PUSKESMAS | C6: PELAYANAN KESEHATAN GIGI DAN MULUT
C7: TUMPATAN GIGI TETAP | D7: PENCABUTAN GIGI TETAP | E7: JUMLAH KUNJUNGAN | F7: RASIO TUMPATAN/PENCABUTAN | G7: JUMLAH KASUS GIGI | H7: JUMLAH KASUS DIRUJUK | I7: % KASUS DIRUJUK
A8: 1 | B8: Eahun | C8: 36 | D8: 36 | E8: 72 | F8: =C8/D8 -> 1 | G8: 72 | I8: =H8/G8 -> 0
A9: 2 | B9: Sotimori | C9: 1 | D9: 2 | E9: 8 | F9: =C9/D9 -> 0.5 | G9: 8 | H9: 0 | I9: =H9/G9 -> 0
A10: 3 | B10: Korbafo | C10: 17 | D10: 0 | E10: 45 | F10: =C10/D10 -> #DIV/0! | G10: 49 | H10: 0 | I10: =H10/G10 -> 0
A11: 4 | B11: Sonimanu | C11: 0 | D11: 0 | E11: 2 | F11: =C11/D11 -> #DIV/0! | G11: 2 | H11: 0 | I11: =H11/G11 -> 0
A12: 5 | B12: Feapopi | C12: 0 | D12: 0 | E12: 2 | F12: =C12/D12 -> #DIV/0! | G12: 2 | H12: 0 | I12: =H12/G12 -> 0
A13: 6 | B13: Ba'a | C13: 4 | D13: 0 | E13: 72 | F13: =C13/D13 -> #DIV/0! | G13: 72 | H13: 3 | I13: =H13/G13 -> 0.041666667
A14: 7 | B14: Oele | C14: 0 | D14: 0 | E14: 38 | F14: =C14/D14 -> #DIV/0! | G14: 38 | H14: 1 | I14: =H14/G14 -> 0.026315789
A15: 8 | B15: Busalangga | C15: 12 | D15: 2 | E15: 81 | F15: =C15/D15 -> 6 | G15: 81 | H15: 0 | I15: =H15/G15 -> 0
A16: 9 | B16: Oelaba | F16: =C16/D16 -> #DIV/0! | I16: =H16/G16 -> #DIV/0!
A17: 10 | B17: Batutua | F17: =C17/D17 -> #DIV/0! | I17: =H17/G17 -> #DIV/0!
A18: 11 | B18: Delha | C18: 0 | D18: 2 | E18: 22 | F18: =C18/D18 -> 0 | G18: 22 | H18: 0 | I18: =H18/G18 -> 0
A19: 12 | B19: Ndao | F19: =C19/D19 -> #DIV/0! | I19: =H19/G19 -> #DIV/0!
A20: Total | C20: =SUM(C8:C19) -> 70 | D20: =SUM(D8:D19) -> 42 | E20: =SUM(E8:E19) -> 342 | F20: =C20/D20 -> 1.6666667 | G20: =SUM(G8:G19) -> 346 | H20: =SUM(H8:H19) -> 4 | I20: =H20/G20 -> 0.011560694

Sheet FEBRUARI
A2: LAPORAN PELAYANAN KESEHATAN GIGI DAN MULUT
A3: DI PUSKESMAS KABUPATEN ROTE NDAO
A4: FEBRUARI 2026
A6: NO | B6: PUSKESMAS | C6: PELAYANAN KESEHATAN GIGI DAN MULUT
C7: TUMPATAN GIGI TETAP | D7: PENCABUTAN GIGI TETAP | E7: JUMLAH KUNJUNGAN | F7: RASIO TUMPATAN/PENCABUTAN | G7: JUMLAH KASUS GIGI | H7: JUMLAH KASUS DIRUJUK | I7: % KASUS DIRUJUK
A8: 1 | B8: Eahun | C8: 15 | D8: 26 | E8: 41 | F8: =C8/D8 -> 0.57692308 | G8: 41 | I8: =H8/G8 -> 0
A9: 2 | B9: Sotimori | C9: 0 | D9: 3 | E9: 12 | F9: =C9/D9 -> 0 | G9: 12 | H9: 0 | I9: =H9/G9 -> 0
A10: 3 | B10: Korbafo | F10: =C10/D10 -> #DIV/0! | I10: =H10/G10 -> #DIV/0!
A11: 4 | B11: Sonimanu | C11: 0 | D11: 0 | E11: 1 | F11: =C11/D11 -> #DIV/0! | G11: 1 | H11: 0 | I11: =H11/G11 -> 0
A12: 5 | B12: Feapopi | C12: 0 | D12: 0 | E12: 3 | F12: =C12/D12 -> #DIV/0! | G12: 3 | H12: 0 | I12: =H12/G12 -> 0
A13: 6 | B13: Ba'a | C13: 2 | D13: 3 | E13: 61 | F13: =C13/D13 -> 0.66666667 | G13: 61 | H13: 0 | I13: =H13/G13 -> 0
A14: 7 | B14: Oele | C14: 0 | D14: 2 | E14: 44 | F14: =C14/D14 -> 0 | G14: 44 | H14: 0 | I14: =H14/G14 -> 0
A15: 8 | B15: Busalangga | C15: 18 | D15: 7 | E15: 91 | F15: =C15/D15 -> 2.5714286 | G15: 91 | H15: 2 | I15: =H15/G15 -> 0.021978022
A16: 9 | B16: Oelaba | F16: =C16/D16 -> #DIV/0! | I16: =H16/G16 -> #DIV/0!
A17: 10 | B17: Batutua | F17: =C17/D17 -> #DIV/0! | I17: =H17/G17 -> #DIV/0!
A18: 11 | B18: Delha | C18: 2 | D18: 2 | E18: 36 | F18: =C18/D18 -> 1 | G18: 36 | H18: 0 | I18: =H18/G18 -> 0
A19: 12 | B19: Ndao | F19: =C19/D19 -> #DIV/0! | I19: =H19/G19 -> #DIV/0!
A20: Total | C20: =SUM(C8:C19) -> 37 | D20: =SUM(D8:D19) -> 43 | E20: =SUM(E8:E19) -> 289 | F20: =C20/D20 -> 0.86046512 | G20: =SUM(G8:G19) -> 289 | H20: =SUM(H8:H19) -> 2 | I20: =H20/G20 -> 0.0069204152

Sheet MARET
A2: LAPORAN PELAYANAN KESEHATAN GIGI DAN MULUT
A3: DI PUSKESMAS KABUPATEN ROTE NDAO
A4: MARET 2026
A6: NO | B6: PUSKESMAS | C6: PELAYANAN KESEHATAN GIGI DAN MULUT
C7: TUMPATAN GIGI TETAP | D7: PENCABUTAN GIGI TETAP | E7: JUMLAH KUNJUNGAN | F7: RASIO TUMPATAN/PENCABUTAN | G7: JUMLAH KASUS GIGI | H7: JUMLAH KASUS DIRUJUK | I7: % KASUS DIRUJUK
A8: 1 | B8: Eahun | C8: 50 | D8: 35 | E8: 85 | F8: =C8/D8 -> 1.4285714 | G8: 85 | H8: 0 | I8: =H8/G8 -> 0
A9: 2 | B9: Sotimori | C9: 0 | D9: 0 | E9: 3 | F9: =C9/D9 -> #DIV/0! | G9: 3 | H9: 0 | I9: =H9/G9 -> 0
A10: 3 | B10: Korbafo | F10: =C10/D10 -> #DIV/0! | I10: =H10/G10 -> #DIV/0!
A11: 4 | B11: Sonimanu | C11: 0 | D11: 1 | E11: 6 | F11: =C11/D11 -> 0 | G11: 6 | H11: 0 | I11: =H11/G11 -> 0
A12: 5 | B12: Feapopi | C12: 0 | D12: 0 | E12: 2 | F12: =C12/D12 -> #DIV/0! | G12: 2 | H12: 0 | I12: =H12/G12 -> 0
A13: 6 | B13: Ba'a | C13: 0 | D13: 4 | E13: 92 | F13: =C13/D13 -> 0 | G13: 92 | H13: 1 | I13: =H13/G13 -> 0.010869565
A14: 7 | B14: Oele | C14: 0 | D14: 1 | E14: 22 | F14: =C14/D14 -> 0 | G14: 22 | H14: 0 | I14: =H14/G14 -> 0
A15: 8 | B15: Busalangga | C15: 10 | D15: 8 | E15: 66 | F15: =C15/D15 -> 1.25 | G15: 66 | H15: 1 | I15: =H15/G15 -> 0.015151515
A16: 9 | B16: Oelaba | F16: =C16/D16 -> #DIV/0! | I16: =H16/G16 -> #DIV/0!
A17: 10 | B17: Batutua | F17: =C17/D17 -> #DIV/0! | I17: =H17/G17 -> #DIV/0!
A18: 11 | B18: Delha | C18: 0 | D18: 1 | E18: 15 | F18: =C18/D18 -> 0 | G18: 15 | H18: 0 | I18: =H18/G18 -> 0
A19: 12 | B19: Ndao | F19: =C19/D19 -> #DIV/0! | I19: =H19/G19 -> #DIV/0!
A20: Total | C20: =SUM(C8:C19) -> 60 | D20: =SUM(D8:D19) -> 50 | E20: =SUM(E8:E19) -> 291 | F20: =C20/D20 -> 1.2 | G20: =SUM(G8:G19) -> 291 | H20: =SUM(H8:H19) -> 2 | I20: =H20/G20 -> 0.0068728522

Sheet APRIL
A2: LAPORAN PELAYANAN KESEHATAN GIGI DAN MULUT
A3: DI PUSKESMAS KABUPATEN ROTE NDAO
A4: APRIL 2026
A6: NO | B6: PUSKESMAS | C6: PELAYANAN KESEHATAN GIGI DAN MULUT
C7: TUMPATAN GIGI TETAP | D7: PENCABUTAN GIGI TETAP | E7: JUMLAH KUNJUNGAN | F7: RASIO TUMPATAN/PENCABUTAN | G7: JUMLAH KASUS GIGI | H7: JUMLAH KASUS DIRUJUK | I7: % KASUS DIRUJUK
A8: 1 | B8: Eahun | C8: 7 | D8: 6 | E8: 13 | F8: =C8/D8 -> 1.1666667 | G8: 13 | H8: 0 | I8: =H8/G8 -> 0
A9: 2 | B9: Sotimori | C9: 0 | D9: 4 | E9: 11 | F9: =C9/D9 -> 0 | G9: 11 | H9: 0 | I9: =H9/G9 -> 0
A10: 3 | B10: Korbafo | F10: =C10/D10 -> #DIV/0! | I10: =H10/G10 -> #DIV/0!
A11: 4 | B11: Sonimanu | C11: 1 | D11: 0 | E11: 5 | F11: =C11/D11 -> #DIV/0! | G11: 5 | H11: 0 | I11: =H11/G11 -> 0
A12: 5 | B12: Feapopi | C12: 0 | D12: 0 | E12: 4 | F12: =C12/D12 -> #DIV/0! | G12: 4 | H12: 0 | I12: =H12/G12 -> 0
A13: 6 | B13: Ba'a | C13: 14 | D13: 5 | E13: 120 | F13: =C13/D13 -> 2.8 | G13: 120 | H13: 2 | I13: =H13/G13 -> 0.016666667
A14: 7 | B14: Oele | C14: 1 | D14: 3 | E14: 47 | F14: =C14/D14 -> 0.33333333 | G14: 47 | H14: 1 | I14: =H14/G14 -> 0.021276596
A15: 8 | B15: Busalangga | C15: 16 | D15: 7 | E15: 72 | F15: =C15/D15 -> 2.2857143 | G15: 72 | H15: 2 | I15: =H15/G15 -> 0.027777778
A16: 9 | B16: Oelaba | F16: =C16/D16 -> #DIV/0! | I16: =H16/G16 -> #DIV/0!
A17: 10 | B17: Batutua | F17: =C17/D17 -> #DIV/0! | I17: =H17/G17 -> #DIV/0!
A18: 11 | B18: Delha | C18: 5 | D18: 5 | E18: 40 | F18: =C18/D18 -> 1 | G18: 40 | H18: 0 | I18: =H18/G18 -> 0
A19: 12 | B19: Ndao | F19: =C19/D19 -> #DIV/0! | I19: =H19/G19 -> #DIV/0!
A20: Total | C20: =SUM(C8:C19) -> 44 | D20: =SUM(D8:D19) -> 30 | E20: =SUM(E8:E19) -> 312 | F20: =C20/D20 -> 1.4666667 | G20: =SUM(G8:G19) -> 312 | H20: =SUM(H8:H19) -> 5 | I20: =H20/G20 -> 0.016025641

Sheet MEI
A2: LAPORAN PELAYANAN KESEHATAN GIGI DAN MULUT
A3: DI PUSKESMAS KABUPATEN ROTE NDAO
A4: MEI 2026
A6: NO | B6: PUSKESMAS | C6: PELAYANAN KESEHATAN GIGI DAN MULUT
C7: TUMPATAN GIGI TETAP | D7: PENCABUTAN GIGI TETAP | E7: JUMLAH KUNJUNGAN | F7: RASIO TUMPATAN/PENCABUTAN | G7: JUMLAH KASUS GIGI | H7: JUMLAH KASUS DIRUJUK | I7: % KASUS DIRUJUK
A8: 1 | B8: Eahun | C8: 13 | D8: 10 | E8: 23 | F8: =C8/D8 -> 1.3 | G8: 23 | H8: 0 | I8: =H8/G8 -> 0
A9: 2 | B9: Sotimori | C9: 0 | D9: 1 | E9: 8 | F9: =C9/D9 -> 0 | G9: 8 | H9: 1 | I9: =H9/G9 -> 0.125
A10: 3 | B10: Korbafo | F10: =C10/D10 -> #DIV/0! | I10: =H10/G10 -> #DIV/0!
A11: 4 | B11: Sonimanu | C11: 0 | D11: 0 | E11: 2 | F11: =C11/D11 -> #DIV/0! | G11: 2 | H11: 0 | I11: =H11/G11 -> 0
A12: 5 | B12: Feapopi | C12: 0 | D12: 0 | E12: 2 | F12: =C12/D12 -> #DIV/0! | G12: 2 | H12: 0 | I12: =H12/G12 -> 0
A13: 6 | B13: Ba'a | F13: =C13/D13 -> #DIV/0! | I13: =H13/G13 -> #DIV/0!
A14: 7 | B14: Oele | C14: 0 | D14: 2 | E14: 31 | F14: =C14/D14 -> 0 | G14: 31 | H14: 1 | I14: =H14/G14 -> 0.032258065
A15: 8 | B15: Busalangga | C15: 16 | D15: 7 | E15: 109 | F15: =C15/D15 -> 2.2857143 | G15: 109 | H15: 1 | I15: =H15/G15 -> 0.0091743119
A16: 9 | B16: Oelaba | F16: =C16/D16 -> #DIV/0! | I16: =H16/G16 -> #DIV/0!
A17: 10 | B17: Batutua | F17: =C17/D17 -> #DIV/0! | I17: =H17/G17 -> #DIV/0!
A18: 11 | B18: Delha | C18: 0 | D18: 1 | E18: 32 | F18: =C18/D18 -> 0 | G18: 32 | H18: 0 | I18: =H18/G18 -> 0
A19: 12 | B19: Ndao | F19: =C19/D19 -> #DIV/0! | I19: =H19/G19 -> #DIV/0!
A20: Total | C20: =SUM(C8:C19) -> 29 | D20: =SUM(D8:D19) -> 21 | E20: =SUM(E8:E19) -> 207 | F20: =C20/D20 -> 1.3809524 | G20: =SUM(G8:G19) -> 207 | H20: =SUM(H8:H19) -> 3 | I20: =H20/G20 -> 0.014492754

Sheet JUNI
A2: LAPORAN PELAYANAN KESEHATAN GIGI DAN MULUT
A3: DI PUSKESMAS KABUPATEN ROTE NDAO
A4: JUNI 2026
A6: NO | B6: PUSKESMAS | C6: PELAYANAN KESEHATAN GIGI DAN MULUT
C7: TUMPATAN GIGI TETAP | D7: PENCABUTAN GIGI TETAP | E7: JUMLAH KUNJUNGAN | F7: RASIO TUMPATAN/PENCABUTAN | G7: JUMLAH KASUS GIGI | H7: JUMLAH KASUS DIRUJUK | I7: % KASUS DIRUJUK
A8: 1 | B8: Eahun | C8: 3 | D8: 14 | E8: 17 | F8: =C8/D8 -> 0.21428571 | G8: 17 | H8: 1 | I8: =H8/G8 -> 0.058823529
A9: 2 | B9: Sotimori | F9: =C9/D9 -> #DIV/0! | I9: =H9/G9 -> #DIV/0!
A10: 3 | B10: Korbafo | F10: =C10/D10 -> #DIV/0! | I10: =H10/G10 -> #DIV/0!
A11: 4 | B11: Sonimanu | F11: =C11/D11 -> #DIV/0! | I11: =H11/G11 -> #DIV/0!
A12: 5 | B12: Feapopi | F12: =C12/D12 -> #DIV/0! | I12: =H12/G12 -> #DIV/0!
A13: 6 | B13: Ba'a | F13: =C13/D13 -> #DIV/0! | I13: =H13/G13 -> #DIV/0!
A14: 7 | B14: Oele | F14: =C14/D14 -> #DIV/0! | I14: =H14/G14 -> #DIV/0!
A15: 8 | B15: Busalangga | C15: 16 | D15: 10 | E15: 71 | F15: =C15/D15 -> 1.6 | G15: 71 | H15: 4 | I15: =H15/G15 -> 0.056338028
A16: 9 | B16: Oelaba | F16: =C16/D16 -> #DIV/0! | I16: =H16/G16 -> #DIV/0!
A17: 10 | B17: Batutua | F17: =C17/D17 -> #DIV/0! | I17: =H17/G17 -> #DIV/0!
A18: 11 | B18: Delha | C18: 0 | D18: 1 | E18: 19 | F18: =C18/D18 -> 0 | G18: 17 | I18: =H18/G18 -> 0
A19: 12 | B19: Ndao | F19: =C19/D19 -> #DIV/0! | I19: =H19/G19 -> #DIV/0!
A20: Total | C20: =SUM(C8:C19) -> 19 | D20: =SUM(D8:D19) -> 25 | E20: =SUM(E8:E19) -> 107 | F20: =C20/D20 -> 0.76 | G20: =SUM(G8:G19) -> 105 | H20: =SUM(H8:H19) -> 5 | I20: =H20/G20 -> 0.047619048

Sheet JULI
A2: LAPORAN PELAYANAN KESEHATAN GIGI DAN MULUT
A3: DI PUSKESMAS KABUPATEN ROTE NDAO
A4: JULI 2026
A6: NO | B6: PUSKESMAS | C6: PELAYANAN KESEHATAN GIGI DAN MULUT
C7: TUMPATAN GIGI TETAP | D7: PENCABUTAN GIGI TETAP | E7: JUMLAH KUNJUNGAN | F7: RASIO TUMPATAN/PENCABUTAN | G7: JUMLAH KASUS GIGI | H7: JUMLAH KASUS DIRUJUK | I7: % KASUS DIRUJUK
A8: 1 | B8: Eahun | F8: =C8/D8 -> #DIV/0! | I8: =H8/G8 -> #DIV/0!
A9: 2 | B9: Sotimori | F9: =C9/D9 -> #DIV/0! | I9: =H9/G9 -> #DIV/0!
A10: 3 | B10: Korbafo | F10: =C10/D10 -> #DIV/0! | I10: =H10/G10 -> #DIV/0!
A11: 4 | B11: Sonimanu | F11: =C11/D11 -> #DIV/0! | I11: =H11/G11 -> #DIV/0!
A12: 5 | B12: Feapopi | F12: =C12/D12 -> #DIV/0! | I12: =H12/G12 -> #DIV/0!
A13: 6 | B13: Ba'a | F13: =C13/D13 -> #DIV/0! | I13: =H13/G13 -> #DIV/0!
A14: 7 | B14: Oele | F14: =C14/D14 -> #DIV/0! | I14: =H14/G14 -> #DIV/0!
A15: 8 | B15: Busalangga | C15: 10 | D15: 2 | E15: 103 | F15: =C15/D15 -> 5 | G15: 103 | H15: 8 | I15: =H15/G15 -> 0.077669903
A16: 9 | B16: Oelaba | F16: =C16/D16 -> #DIV/0! | I16: =H16/G16 -> #DIV/0!
A17: 10 | B17: Batutua | F17: =C17/D17 -> #DIV/0! | I17: =H17/G17 -> #DIV/0!
A18: 11 | B18: Delha | F18: =C18/D18 -> #DIV/0! | I18: =H18/G18 -> #DIV/0!
A19: 12 | B19: Ndao | F19: =C19/D19 -> #DIV/0! | I19: =H19/G19 -> #DIV/0!
A20: Total | C20: =SUM(C8:C19) -> 10 | D20: =SUM(D8:D19) -> 2 | E20: =SUM(E8:E19) -> 103 | F20: =C20/D20 -> 5 | G20: =SUM(G8:G19) -> 103 | H20: =SUM(H8:H19) -> 8 | I20: =H20/G20 -> 0.077669903

Sheet AGUSTUS
A2: LAPORAN PELAYANAN KESEHATAN GIGI DAN MULUT
A3: DI PUSKESMAS KABUPATEN ROTE NDAO
A4: AGUSTUS 2026
A6: NO | B6: PUSKESMAS | C6: PELAYANAN KESEHATAN GIGI DAN MULUT
C7: TUMPATAN GIGI TETAP | D7: PENCABUTAN GIGI TETAP | E7: JUMLAH KUNJUNGAN | F7: RASIO TUMPATAN/PENCABUTAN | G7: JUMLAH KASUS GIGI | H7: JUMLAH KASUS DIRUJUK | I7: % KASUS DIRUJUK
A8: 1 | B8: Eahun | F8: =C8/D8 -> #DIV/0! | I8: =H8/G8 -> #DIV/0!
A9: 2 | B9: Sotimori | F9: =C9/D9 -> #DIV/0! | I9: =H9/G9 -> #DIV/0!
A10: 3 | B10: Korbafo | F10: =C10/D10 -> #DIV/0! | I10: =H10/G10 -> #DIV/0!
A11: 4 | B11: Sonimanu | F11: =C11/D11 -> #DIV/0! | I11: =H11/G11 -> #DIV/0!
A12: 5 | B12: Feapopi | F12: =C12/D12 -> #DIV/0! | I12: =H12/G12 -> #DIV/0!
A13: 6 | B13: Ba'a | F13: =C13/D13 -> #DIV/0! | I13: =H13/G13 -> #DIV/0!
A14: 7 | B14: Oele | F14: =C14/D14 -> #DIV/0! | I14: =H14/G14 -> #DIV/0!
A15: 8 | B15: Busalangga | F15: =C15/D15 -> #DIV/0! | I15: =H15/G15 -> #DIV/0!
A16: 9 | B16: Oelaba | F16: =C16/D16 -> #DIV/0! | I16: =H16/G16 -> #DIV/0!
A17: 10 | B17: Batutua | F17: =C17/D17 -> #DIV/0! | I17: =H17/G17 -> #DIV/0!
A18: 11 | B18: Delha | F18: =C18/D18 -> #DIV/0! | I18: =H18/G18 -> #DIV/0!
A19: 12 | B19: Ndao | F19: =C19/D19 -> #DIV/0! | I19: =H19/G19 -> #DIV/0!
A20: Total | C20: =SUM(C8:C19) -> 0 | D20: =SUM(D8:D19) -> 0 | E20: =SUM(E8:E19) -> 0 | F20: =C20/D20 -> #DIV/0! | G20: =SUM(G8:G19) -> 0 | H20: =SUM(H8:H19) -> 0 | I20: =H20/G20 -> #DIV/0!

Sheet SEPTEMBER
A2: LAPORAN PELAYANAN KESEHATAN GIGI DAN MULUT
A3: DI PUSKESMAS KABUPATEN ROTE NDAO
A4: SEPTEMBER 2026
A6: NO | B6: PUSKESMAS | C6: PELAYANAN KESEHATAN GIGI DAN MULUT
C7: TUMPATAN GIGI TETAP | D7: PENCABUTAN GIGI TETAP | E7: JUMLAH KUNJUNGAN | F7: RASIO TUMPATAN/PENCABUTAN | G7: JUMLAH KASUS GIGI | H7: JUMLAH KASUS DIRUJUK | I7: % KASUS DIRUJUK
A8: 1 | B8: Eahun | F8: =C8/D8 -> #DIV/0! | I8: =H8/G8 -> #DIV/0!
A9: 2 | B9: Sotimori | F9: =C9/D9 -> #DIV/0! | I9: =H9/G9 -> #DIV/0!
A10: 3 | B10: Korbafo | F10: =C10/D10 -> #DIV/0! | I10: =H10/G10 -> #DIV/0!
A11: 4 | B11: Sonimanu | F11: =C11/D11 -> #DIV/0! | I11: =H11/G11 -> #DIV/0!
A12: 5 | B12: Feapopi | F12: =C12/D12 -> #DIV/0! | I12: =H12/G12 -> #DIV/0!
A13: 6 | B13: Ba'a | F13: =C13/D13 -> #DIV/0! | I13: =H13/G13 -> #DIV/0!
A14: 7 | B14: Oele | F14: =C14/D14 -> #DIV/0! | I14: =H14/G14 -> #DIV/0!
A15: 8 | B15: Busalangga | F15: =C15/D15 -> #DIV/0! | I15: =H15/G15 -> #DIV/0!
A16: 9 | B16: Oelaba | F16: =C16/D16 -> #DIV/0! | I16: =H16/G16 -> #DIV/0!
A17: 10 | B17: Batutua | F17: =C17/D17 -> #DIV/0! | I17: =H17/G17 -> #DIV/0!
A18: 11 | B18: Delha | F18: =C18/D18 -> #DIV/0! | I18: =H18/G18 -> #DIV/0!
A19: 12 | B19: Ndao | F19: =C19/D19 -> #DIV/0! | I19: =H19/G19 -> #DIV/0!
A20: Total | C20: =SUM(C8:C19) -> 0 | D20: =SUM(D8:D19) -> 0 | E20: =SUM(E8:E19) -> 0 | F20: =C20/D20 -> #DIV/0! | G20: =SUM(G8:G19) -> 0 | H20: =SUM(H8:H19) -> 0 | I20: =H20/G20 -> #DIV/0!

Sheet OKTOBER
A2: LAPORAN PELAYANAN KESEHATAN GIGI DAN MULUT
A3: DI PUSKESMAS KABUPATEN ROTE NDAO
A4: OKTOBER 2026
A6: NO | B6: PUSKESMAS | C6: PELAYANAN KESEHATAN GIGI DAN MULUT
C7: TUMPATAN GIGI TETAP | D7: PENCABUTAN GIGI TETAP | E7: JUMLAH KUNJUNGAN | F7: RASIO TUMPATAN/PENCABUTAN | G7: JUMLAH KASUS GIGI | H7: JUMLAH KASUS DIRUJUK | I7: % KASUS DIRUJUK
A8: 1 | B8: Eahun | F8: =C8/D8 -> #DIV/0! | I8: =H8/G8 -> #DIV/0!
A9: 2 | B9: Sotimori | F9: =C9/D9 -> #DIV/0! | I9: =H9/G9 -> #DIV/0!
A10: 3 | B10: Korbafo | F10: =C10/D10 -> #DIV/0! | I10: =H10/G10 -> #DIV/0!
A11: 4 | B11: Sonimanu | F11: =C11/D11 -> #DIV/0! | I11: =H11/G11 -> #DIV/0!
A12: 5 | B12: Feapopi | F12: =C12/D12 -> #DIV/0! | I12: =H12/G12 -> #DIV/0!
A13: 6 | B13: Ba'a | F13: =C13/D13 -> #DIV/0! | I13: =H13/G13 -> #DIV/0!
A14: 7 | B14: Oele | F14: =C14/D14 -> #DIV/0! | I14: =H14/G14 -> #DIV/0!
A15: 8 | B15: Busalangga | F15: =C15/D15 -> #DIV/0! | I15: =H15/G15 -> #DIV/0!
A16: 9 | B16: Oelaba | F16: =C16/D16 -> #DIV/0! | I16: =H16/G16 -> #DIV/0!
A17: 10 | B17: Batutua | F17: =C17/D17 -> #DIV/0! | I17: =H17/G17 -> #DIV/0!
A18: 11 | B18: Delha | F18: =C18/D18 -> #DIV/0! | I18: =H18/G18 -> #DIV/0!
A19: 12 | B19: Ndao | F19: =C19/D19 -> #DIV/0! | I19: =H19/G19 -> #DIV/0!
A20: Total | C20: =SUM(C8:C19) -> 0 | D20: =SUM(D8:D19) -> 0 | E20: =SUM(E8:E19) -> 0 | F20: =C20/D20 -> #DIV/0! | G20: =SUM(G8:G19) -> 0 | H20: =SUM(H8:H19) -> 0 | I20: =H20/G20 -> #DIV/0!

Sheet NOVEMBER
A2: LAPORAN PELAYANAN KESEHATAN GIGI DAN MULUT
A3: DI PUSKESMAS KABUPATEN ROTE NDAO
A4: NOVEMBER 2026
A6: NO | B6: PUSKESMAS | C6: PELAYANAN KESEHATAN GIGI DAN MULUT
C7: TUMPATAN GIGI TETAP | D7: PENCABUTAN GIGI TETAP | E7: JUMLAH KUNJUNGAN | F7: RASIO TUMPATAN/PENCABUTAN | G7: JUMLAH KASUS GIGI | H7: JUMLAH KASUS DIRUJUK | I7: % KASUS DIRUJUK
A8: 1 | B8: Eahun | F8: =C8/D8 -> #DIV/0! | I8: =H8/G8 -> #DIV/0!
A9: 2 | B9: Sotimori | F9: =C9/D9 -> #DIV/0! | I9: =H9/G9 -> #DIV/0!
A10: 3 | B10: Korbafo | F10: =C10/D10 -> #DIV/0! | I10: =H10/G10 -> #DIV/0!
A11: 4 | B11: Sonimanu | F11: =C11/D11 -> #DIV/0! | I11: =H11/G11 -> #DIV/0!
A12: 5 | B12: Feapopi | F12: =C12/D12 -> #DIV/0! | I12: =H12/G12 -> #DIV/0!
A13: 6 | B13: Ba'a | F13: =C13/D13 -> #DIV/0! | I13: =H13/G13 -> #DIV/0!
A14: 7 | B14: Oele | F14: =C14/D14 -> #DIV/0! | I14: =H14/G14 -> #DIV/0!
A15: 8 | B15: Busalangga | F15: =C15/D15 -> #DIV/0! | I15: =H15/G15 -> #DIV/0!
A16: 9 | B16: Oelaba | F16: =C16/D16 -> #DIV/0! | I16: =H16/G16 -> #DIV/0!
A17: 10 | B17: Batutua | F17: =C17/D17 -> #DIV/0! | I17: =H17/G17 -> #DIV/0!
A18: 11 | B18: Delha | F18: =C18/D18 -> #DIV/0! | I18: =H18/G18 -> #DIV/0!
A19: 12 | B19: Ndao | F19: =C19/D19 -> #DIV/0! | I19: =H19/G19 -> #DIV/0!
A20: Total | C20: =SUM(C8:C19) -> 0 | D20: =SUM(D8:D19) -> 0 | E20: =SUM(E8:E19) -> 0 | F20: =C20/D20 -> #DIV/0! | G20: =SUM(G8:G19) -> 0 | H20: =SUM(H8:H19) -> 0 | I20: =H20/G20 -> #DIV/0!

Sheet DESEMBER
A2: LAPORAN PELAYANAN KESEHATAN GIGI DAN MULUT
A3: DI PUSKESMAS KABUPATEN ROTE NDAO
A4: DESEMBER 2026
A6: NO | B6: PUSKESMAS | C6: PELAYANAN KESEHATAN GIGI DAN MULUT
C7: TUMPATAN GIGI TETAP | D7: PENCABUTAN GIGI TETAP | E7: JUMLAH KUNJUNGAN | F7: RASIO TUMPATAN/PENCABUTAN | G7: JUMLAH KASUS GIGI | H7: JUMLAH KASUS DIRUJUK | I7: % KASUS DIRUJUK
A8: 1 | B8: Eahun | F8: =C8/D8 -> #DIV/0! | I8: =H8/G8 -> #DIV/0!
A9: 2 | B9: Sotimori | F9: =C9/D9 -> #DIV/0! | I9: =H9/G9 -> #DIV/0!
A10: 3 | B10: Korbafo | F10: =C10/D10 -> #DIV/0! | I10: =H10/G10 -> #DIV/0!
A11: 4 | B11: Sonimanu | F11: =C11/D11 -> #DIV/0! | I11: =H11/G11 -> #DIV/0!
A12: 5 | B12: Feapopi | F12: =C12/D12 -> #DIV/0! | I12: =H12/G12 -> #DIV/0!
A13: 6 | B13: Ba'a | F13: =C13/D13 -> #DIV/0! | I13: =H13/G13 -> #DIV/0!
A14: 7 | B14: Oele | F14: =C14/D14 -> #DIV/0! | I14: =H14/G14 -> #DIV/0!
A15: 8 | B15: Busalangga | F15: =C15/D15 -> #DIV/0! | I15: =H15/G15 -> #DIV/0!
A16: 9 | B16: Oelaba | F16: =C16/D16 -> #DIV/0! | I16: =H16/G16 -> #DIV/0!
A17: 10 | B17: Batutua | F17: =C17/D17 -> #DIV/0! | I17: =H17/G17 -> #DIV/0!
A18: 11 | B18: Delha | F18: =C18/D18 -> #DIV/0! | I18: =H18/G18 -> #DIV/0!
A19: 12 | B19: Ndao | F19: =C19/D19 -> #DIV/0! | I19: =H19/G19 -> #DIV/0!
A20: Total | C20: =SUM(C8:C19) -> 0 | D20: =SUM(D8:D19) -> 0 | E20: =SUM(E8:E19) -> 0 | F20: =C20/D20 -> #DIV/0! | G20: =SUM(G8:G19) -> 0 | H20: =SUM(H8:H19) -> 0 | I20: =H20/G20 -> #DIV/0!

Sheet REKAP KES. GIGI & MULUT
A2: LAPORAN PELAYANAN KESEHATAN GIGI DAN MULUT
A3: DI PUSKESMAS KABUPATEN ROTE NDAO
A4: DESEMBER 2026
A6: NO | B6: PUSKESMAS | C6: PELAYANAN KESEHATAN GIGI DAN MULUT
C7: TUMPATAN GIGI TETAP | D7: PENCABUTAN GIGI TETAP | E7: JUMLAH KUNJUNGAN | F7: RASIO TUMPATAN/PENCABUTAN | G7: JUMLAH KASUS GIGI | H7: JUMLAH KASUS DIRUJUK | I7: % KASUS DIRUJUK
A8: 1 | B8: Eahun | C8: =SUM(JANUARI!C8+FEBRUARI!C8+MARET!C8+APRIL!C8+MEI!C8+JUNI!C8+JULI!C8+AGUSTUS!C8+SEPTEMBER!C8+OKTOBER!C8+NOVEMBER!C8+DESEMBER!C8) -> 124 | D8: =SUM(JANUARI!D8+FEBRUARI!D8+MARET!D8+APRIL!D8+MEI!D8+JUNI!D8+JULI!D8+AGUSTUS!D8+SEPTEMBER!D8+OKTOBER!D8+NOVEMBER!D8+DESEMBER!D8) -> 127 | E8: =SUM(JANUARI!E8+FEBRUARI!E8+MARET!E8+APRIL!E8+MEI!E8+JUNI!E8+JULI!E8+AGUSTUS!E8+SEPTEMBER!E8+OKTOBER!E8+NOVEMBER!E8+DESEMBER!E8) -> 251 | F8: =C8/D8 -> 0.97637795 | G8: =SUM(JANUARI!G8+FEBRUARI!G8+MARET!G8+APRIL!G8+MEI!G8+JUNI!G8+JULI!G8+AGUSTUS!G8+SEPTEMBER!G8+OKTOBER!G8+NOVEMBER!G8+DESEMBER!G8) -> 251 | H8: =SUM(JANUARI!H8+FEBRUARI!H8+MARET!H8+APRIL!H8+MEI!H8+JUNI!H8+JULI!H8+AGUSTUS!H8+SEPTEMBER!H8+OKTOBER!H8+NOVEMBER!H8+DESEMBER!H8) -> 1 | I8: =H8/G8 -> 0.0039840637
A9: 2 | B9: Sotimori | C9: =SUM(JANUARI!C9+FEBRUARI!C9+MARET!C9+APRIL!C9+MEI!C9+JUNI!C9+JULI!C9+AGUSTUS!C9+SEPTEMBER!C9+OKTOBER!C9+NOVEMBER!C9+DESEMBER!C9) -> 1 | D9: =SUM(JANUARI!D9+FEBRUARI!D9+MARET!D9+APRIL!D9+MEI!D9+JUNI!D9+JULI!D9+AGUSTUS!D9+SEPTEMBER!D9+OKTOBER!D9+NOVEMBER!D9+DESEMBER!D9) -> 10 | E9: =SUM(JANUARI!E9+FEBRUARI!E9+MARET!E9+APRIL!E9+MEI!E9+JUNI!E9+JULI!E9+AGUSTUS!E9+SEPTEMBER!E9+OKTOBER!E9+NOVEMBER!E9+DESEMBER!E9) -> 42 | F9: =C9/D9 -> 0.1 | G9: =SUM(JANUARI!G9+FEBRUARI!G9+MARET!G9+APRIL!G9+MEI!G9+JUNI!G9+JULI!G9+AGUSTUS!G9+SEPTEMBER!G9+OKTOBER!G9+NOVEMBER!G9+DESEMBER!G9) -> 42 | H9: =SUM(JANUARI!H9+FEBRUARI!H9+MARET!H9+APRIL!H9+MEI!H9+JUNI!H9+JULI!H9+AGUSTUS!H9+SEPTEMBER!H9+OKTOBER!H9+NOVEMBER!H9+DESEMBER!H9) -> 1 | I9: =H9/G9 -> 0.023809524
A10: 3 | B10: Korbafo | C10: =SUM(JANUARI!C10+FEBRUARI!C10+MARET!C10+APRIL!C10+MEI!C10+JUNI!C10+JULI!C10+AGUSTUS!C10+SEPTEMBER!C10+OKTOBER!C10+NOVEMBER!C10+DESEMBER!C10) -> 17 | D10: =SUM(JANUARI!D10+FEBRUARI!D10+MARET!D10+APRIL!D10+MEI!D10+JUNI!D10+JULI!D10+AGUSTUS!D10+SEPTEMBER!D10+OKTOBER!D10+NOVEMBER!D10+DESEMBER!D10) -> 0 | E10: =SUM(JANUARI!E10+FEBRUARI!E10+MARET!E10+APRIL!E10+MEI!E10+JUNI!E10+JULI!E10+AGUSTUS!E10+SEPTEMBER!E10+OKTOBER!E10+NOVEMBER!E10+DESEMBER!E10) -> 45 | F10: =C10/D10 -> #DIV/0! | G10: =SUM(JANUARI!G10+FEBRUARI!G10+MARET!G10+APRIL!G10+MEI!G10+JUNI!G10+JULI!G10+AGUSTUS!G10+SEPTEMBER!G10+OKTOBER!G10+NOVEMBER!G10+DESEMBER!G10) -> 49 | H10: =SUM(JANUARI!H10+FEBRUARI!H10+MARET!H10+APRIL!H10+MEI!H10+JUNI!H10+JULI!H10+AGUSTUS!H10+SEPTEMBER!H10+OKTOBER!H10+NOVEMBER!H10+DESEMBER!H10) -> 0 | I10: =H10/G10 -> 0
A11: 4 | B11: Sonimanu | C11: =SUM(JANUARI!C11+FEBRUARI!C11+MARET!C11+APRIL!C11+MEI!C11+JUNI!C11+JULI!C11+AGUSTUS!C11+SEPTEMBER!C11+OKTOBER!C11+NOVEMBER!C11+DESEMBER!C11) -> 1 | D11: =SUM(JANUARI!D11+FEBRUARI!D11+MARET!D11+APRIL!D11+MEI!D11+JUNI!D11+JULI!D11+AGUSTUS!D11+SEPTEMBER!D11+OKTOBER!D11+NOVEMBER!D11+DESEMBER!D11) -> 1 | E11: =SUM(JANUARI!E11+FEBRUARI!E11+MARET!E11+APRIL!E11+MEI!E11+JUNI!E11+JULI!E11+AGUSTUS!E11+SEPTEMBER!E11+OKTOBER!E11+NOVEMBER!E11+DESEMBER!E11) -> 16 | F11: =C11/D11 -> 1 | G11: =SUM(JANUARI!G11+FEBRUARI!G11+MARET!G11+APRIL!G11+MEI!G11+JUNI!G11+JULI!G11+AGUSTUS!G11+SEPTEMBER!G11+OKTOBER!G11+NOVEMBER!G11+DESEMBER!G11) -> 16 | H11: =SUM(JANUARI!H11+FEBRUARI!H11+MARET!H11+APRIL!H11+MEI!H11+JUNI!H11+JULI!H11+AGUSTUS!H11+SEPTEMBER!H11+OKTOBER!H11+NOVEMBER!H11+DESEMBER!H11) -> 0 | I11: =H11/G11 -> 0
A12: 5 | B12: Feapopi | C12: =SUM(JANUARI!C12+FEBRUARI!C12+MARET!C12+APRIL!C12+MEI!C12+JUNI!C12+JULI!C12+AGUSTUS!C12+SEPTEMBER!C12+OKTOBER!C12+NOVEMBER!C12+DESEMBER!C12) -> 0 | D12: =SUM(JANUARI!D12+FEBRUARI!D12+MARET!D12+APRIL!D12+MEI!D12+JUNI!D12+JULI!D12+AGUSTUS!D12+SEPTEMBER!D12+OKTOBER!D12+NOVEMBER!D12+DESEMBER!D12) -> 0 | E12: =SUM(JANUARI!E12+FEBRUARI!E12+MARET!E12+APRIL!E12+MEI!E12+JUNI!E12+JULI!E12+AGUSTUS!E12+SEPTEMBER!E12+OKTOBER!E12+NOVEMBER!E12+DESEMBER!E12) -> 13 | F12: =C12/D12 -> #DIV/0! | G12: =SUM(JANUARI!G12+FEBRUARI!G12+MARET!G12+APRIL!G12+MEI!G12+JUNI!G12+JULI!G12+AGUSTUS!G12+SEPTEMBER!G12+OKTOBER!G12+NOVEMBER!G12+DESEMBER!G12) -> 13 | H12: =SUM(JANUARI!H12+FEBRUARI!H12+MARET!H12+APRIL!H12+MEI!H12+JUNI!H12+JULI!H12+AGUSTUS!H12+SEPTEMBER!H12+OKTOBER!H12+NOVEMBER!H12+DESEMBER!H12) -> 0 | I12: =H12/G12 -> 0
A13: 6 | B13: Ba'a | C13: =SUM(JANUARI!C13+FEBRUARI!C13+MARET!C13+APRIL!C13+MEI!C13+JUNI!C13+JULI!C13+AGUSTUS!C13+SEPTEMBER!C13+OKTOBER!C13+NOVEMBER!C13+DESEMBER!C13) -> 20 | D13: =SUM(JANUARI!D13+FEBRUARI!D13+MARET!D13+APRIL!D13+MEI!D13+JUNI!D13+JULI!D13+AGUSTUS!D13+SEPTEMBER!D13+OKTOBER!D13+NOVEMBER!D13+DESEMBER!D13) -> 12 | E13: =SUM(JANUARI!E13+FEBRUARI!E13+MARET!E13+APRIL!E13+MEI!E13+JUNI!E13+JULI!E13+AGUSTUS!E13+SEPTEMBER!E13+OKTOBER!E13+NOVEMBER!E13+DESEMBER!E13) -> 345 | F13: =C13/D13 -> 1.6666667 | G13: =SUM(JANUARI!G13+FEBRUARI!G13+MARET!G13+APRIL!G13+MEI!G13+JUNI!G13+JULI!G13+AGUSTUS!G13+SEPTEMBER!G13+OKTOBER!G13+NOVEMBER!G13+DESEMBER!G13) -> 345 | H13: =SUM(JANUARI!H13+FEBRUARI!H13+MARET!H13+APRIL!H13+MEI!H13+JUNI!H13+JULI!H13+AGUSTUS!H13+SEPTEMBER!H13+OKTOBER!H13+NOVEMBER!H13+DESEMBER!H13) -> 6 | I13: =H13/G13 -> 0.017391304
A14: 7 | B14: Oele | C14: =SUM(JANUARI!C14+FEBRUARI!C14+MARET!C14+APRIL!C14+MEI!C14+JUNI!C14+JULI!C14+AGUSTUS!C14+SEPTEMBER!C14+OKTOBER!C14+NOVEMBER!C14+DESEMBER!C14) -> 1 | D14: =SUM(JANUARI!D14+FEBRUARI!D14+MARET!D14+APRIL!D14+MEI!D14+JUNI!D14+JULI!D14+AGUSTUS!D14+SEPTEMBER!D14+OKTOBER!D14+NOVEMBER!D14+DESEMBER!D14) -> 8 | E14: =SUM(JANUARI!E14+FEBRUARI!E14+MARET!E14+APRIL!E14+MEI!E14+JUNI!E14+JULI!E14+AGUSTUS!E14+SEPTEMBER!E14+OKTOBER!E14+NOVEMBER!E14+DESEMBER!E14) -> 182 | F14: =C14/D14 -> 0.125 | G14: =SUM(JANUARI!G14+FEBRUARI!G14+MARET!G14+APRIL!G14+MEI!G14+JUNI!G14+JULI!G14+AGUSTUS!G14+SEPTEMBER!G14+OKTOBER!G14+NOVEMBER!G14+DESEMBER!G14) -> 182 | H14: =SUM(JANUARI!H14+FEBRUARI!H14+MARET!H14+APRIL!H14+MEI!H14+JUNI!H14+JULI!H14+AGUSTUS!H14+SEPTEMBER!H14+OKTOBER!H14+NOVEMBER!H14+DESEMBER!H14) -> 3 | I14: =H14/G14 -> 0.016483516
A15: 8 | B15: Busalangga | C15: =SUM(JANUARI!C15+FEBRUARI!C15+MARET!C15+APRIL!C15+MEI!C15+JUNI!C15+JULI!C15+AGUSTUS!C15+SEPTEMBER!C15+OKTOBER!C15+NOVEMBER!C15+DESEMBER!C15) -> 98 | D15: =SUM(JANUARI!D15+FEBRUARI!D15+MARET!D15+APRIL!D15+MEI!D15+JUNI!D15+JULI!D15+AGUSTUS!D15+SEPTEMBER!D15+OKTOBER!D15+NOVEMBER!D15+DESEMBER!D15) -> 43 | E15: =SUM(JANUARI!E15+FEBRUARI!E15+MARET!E15+APRIL!E15+MEI!E15+JUNI!E15+JULI!E15+AGUSTUS!E15+SEPTEMBER!E15+OKTOBER!E15+NOVEMBER!E15+DESEMBER!E15) -> 593 | F15: =C15/D15 -> 2.2790698 | G15: =SUM(JANUARI!G15+FEBRUARI!G15+MARET!G15+APRIL!G15+MEI!G15+JUNI!G15+JULI!G15+AGUSTUS!G15+SEPTEMBER!G15+OKTOBER!G15+NOVEMBER!G15+DESEMBER!G15) -> 593 | H15: =SUM(JANUARI!H15+FEBRUARI!H15+MARET!H15+APRIL!H15+MEI!H15+JUNI!H15+JULI!H15+AGUSTUS!H15+SEPTEMBER!H15+OKTOBER!H15+NOVEMBER!H15+DESEMBER!H15) -> 18 | I15: =H15/G15 -> 0.030354132
A16: 9 | B16: Oelaba | C16: =SUM(JANUARI!C16+FEBRUARI!C16+MARET!C16+APRIL!C16+MEI!C16+JUNI!C16+JULI!C16+AGUSTUS!C16+SEPTEMBER!C16+OKTOBER!C16+NOVEMBER!C16+DESEMBER!C16) -> 0 | D16: =SUM(JANUARI!D16+FEBRUARI!D16+MARET!D16+APRIL!D16+MEI!D16+JUNI!D16+JULI!D16+AGUSTUS!D16+SEPTEMBER!D16+OKTOBER!D16+NOVEMBER!D16+DESEMBER!D16) -> 0 | E16: =SUM(JANUARI!E16+FEBRUARI!E16+MARET!E16+APRIL!E16+MEI!E16+JUNI!E16+JULI!E16+AGUSTUS!E16+SEPTEMBER!E16+OKTOBER!E16+NOVEMBER!E16+DESEMBER!E16) -> 0 | F16: =C16/D16 -> #DIV/0! | G16: =SUM(JANUARI!G16+FEBRUARI!G16+MARET!G16+APRIL!G16+MEI!G16+JUNI!G16+JULI!G16+AGUSTUS!G16+SEPTEMBER!G16+OKTOBER!G16+NOVEMBER!G16+DESEMBER!G16) -> 0 | H16: =SUM(JANUARI!H16+FEBRUARI!H16+MARET!H16+APRIL!H16+MEI!H16+JUNI!H16+JULI!H16+AGUSTUS!H16+SEPTEMBER!H16+OKTOBER!H16+NOVEMBER!H16+DESEMBER!H16) -> 0 | I16: =H16/G16 -> #DIV/0!
A17: 10 | B17: Batutua | C17: =SUM(JANUARI!C17+FEBRUARI!C17+MARET!C17+APRIL!C17+MEI!C17+JUNI!C17+JULI!C17+AGUSTUS!C17+SEPTEMBER!C17+OKTOBER!C17+NOVEMBER!C17+DESEMBER!C17) -> 0 | D17: =SUM(JANUARI!D17+FEBRUARI!D17+MARET!D17+APRIL!D17+MEI!D17+JUNI!D17+JULI!D17+AGUSTUS!D17+SEPTEMBER!D17+OKTOBER!D17+NOVEMBER!D17+DESEMBER!D17) -> 0 | E17: =SUM(JANUARI!E17+FEBRUARI!E17+MARET!E17+APRIL!E17+MEI!E17+JUNI!E17+JULI!E17+AGUSTUS!E17+SEPTEMBER!E17+OKTOBER!E17+NOVEMBER!E17+DESEMBER!E17) -> 0 | F17: =C17/D17 -> #DIV/0! | G17: =SUM(JANUARI!G17+FEBRUARI!G17+MARET!G17+APRIL!G17+MEI!G17+JUNI!G17+JULI!G17+AGUSTUS!G17+SEPTEMBER!G17+OKTOBER!G17+NOVEMBER!G17+DESEMBER!G17) -> 0 | H17: =SUM(JANUARI!H17+FEBRUARI!H17+MARET!H17+APRIL!H17+MEI!H17+JUNI!H17+JULI!H17+AGUSTUS!H17+SEPTEMBER!H17+OKTOBER!H17+NOVEMBER!H17+DESEMBER!H17) -> 0 | I17: =H17/G17 -> #DIV/0!
A18: 11 | B18: Delha | C18: =SUM(JANUARI!C18+FEBRUARI!C18+MARET!C18+APRIL!C18+MEI!C18+JUNI!C18+JULI!C18+AGUSTUS!C18+SEPTEMBER!C18+OKTOBER!C18+NOVEMBER!C18+DESEMBER!C18) -> 7 | D18: =SUM(JANUARI!D18+FEBRUARI!D18+MARET!D18+APRIL!D18+MEI!D18+JUNI!D18+JULI!D18+AGUSTUS!D18+SEPTEMBER!D18+OKTOBER!D18+NOVEMBER!D18+DESEMBER!D18) -> 12 | E18: =SUM(JANUARI!E18+FEBRUARI!E18+MARET!E18+APRIL!E18+MEI!E18+JUNI!E18+JULI!E18+AGUSTUS!E18+SEPTEMBER!E18+OKTOBER!E18+NOVEMBER!E18+DESEMBER!E18) -> 164 | F18: =C18/D18 -> 0.58333333 | G18: =SUM(JANUARI!G18+FEBRUARI!G18+MARET!G18+APRIL!G18+MEI!G18+JUNI!G18+JULI!G18+AGUSTUS!G18+SEPTEMBER!G18+OKTOBER!G18+NOVEMBER!G18+DESEMBER!G18) -> 162 | H18: =SUM(JANUARI!H18+FEBRUARI!H18+MARET!H18+APRIL!H18+MEI!H18+JUNI!H18+JULI!H18+AGUSTUS!H18+SEPTEMBER!H18+OKTOBER!H18+NOVEMBER!H18+DESEMBER!H18) -> 0 | I18: =H18/G18 -> 0
A19: 12 | B19: Ndao | C19: =SUM(JANUARI!C19+FEBRUARI!C19+MARET!C19+APRIL!C19+MEI!C19+JUNI!C19+JULI!C19+AGUSTUS!C19+SEPTEMBER!C19+OKTOBER!C19+NOVEMBER!C19+DESEMBER!C19) -> 0 | D19: =SUM(JANUARI!D19+FEBRUARI!D19+MARET!D19+APRIL!D19+MEI!D19+JUNI!D19+JULI!D19+AGUSTUS!D19+SEPTEMBER!D19+OKTOBER!D19+NOVEMBER!D19+DESEMBER!D19) -> 0 | E19: =SUM(JANUARI!E19+FEBRUARI!E19+MARET!E19+APRIL!E19+MEI!E19+JUNI!E19+JULI!E19+AGUSTUS!E19+SEPTEMBER!E19+OKTOBER!E19+NOVEMBER!E19+DESEMBER!E19) -> 0 | F19: =C19/D19 -> #DIV/0! | G19: =SUM(JANUARI!G19+FEBRUARI!G19+MARET!G19+APRIL!G19+MEI!G19+JUNI!G19+JULI!G19+AGUSTUS!G19+SEPTEMBER!G19+OKTOBER!G19+NOVEMBER!G19+DESEMBER!G19) -> 0 | H19: =SUM(JANUARI!H19+FEBRUARI!H19+MARET!H19+APRIL!H19+MEI!H19+JUNI!H19+JULI!H19+AGUSTUS!H19+SEPTEMBER!H19+OKTOBER!H19+NOVEMBER!H19+DESEMBER!H19) -> 0 | I19: =H19/G19 -> #DIV/0!
A20: Total | C20: =SUM(C8:C19) -> 269 | D20: =SUM(D8:D19) -> 213 | E20: =SUM(E8:E19) -> 1651 | F20: =C20/D20 -> 1.2629108 | G20: =SUM(G8:G19) -> 1653 | H20: =SUM(H8:H19) -> 29 | I20: =H20/G20 -> 0.01754386
