Workbook

Sheet JANUARI
A2: LAPORAN LABORATORIUM
A3: DI PUSKESMAS KABUPATEN ROTE NDAO
A4: JANUARI 2026
A6: No. | B6: ELEMEN DATA | D6: BAA | G6: BATUTUA | J6: BUSALANGGA | M6: DELHA | P6: EAHUN | S6: FEAPOPI
D7: L | E7: P | F7: TOTAL | G7: L | H7: P | I7: TOTAL | J7: L | K7: P | L7: TOTAL | M7: L | N7: P | O7: TOTAL | P7: L | Q7: P | R7: TOTAL | S7: L | T7: P | U7: TOTAL
A8: 1 | B8: Total Kunjungan Laboratorium | D8: =D9+D18 -> 163 | E8: =E9+E18 -> 778 | F8: =F9+F18 -> 941 | G8: =G9+G18 -> 276 | H8: =H9+H18 -> 622 | I8: =I9+I18 -> 898 | J8: =J9+J18 -> 174 | K8: =K9+K18 -> 630 | ... U8: =U9+U18 -> 237
A9: 2 | B9: Peminta Tes Laboratorium | D9: =SUM(D10:D17) -> 55 | E9: =SUM(E10:E17) -> 198 | F9: =SUM(F10:F17) -> 253 | G9: =SUM(G10:G17) -> 116 | H9: =SUM(H10:H17) -> 208 | I9: =SUM(I10:I17) -> 324 | J9: =SUM(J10:J17) -> 87 | K9: =SUM(K10:K17) -> 315 | ... U9: =SUM(U10:U17) -> 72
B10: a. | C10: Poli umum | D10: 51 | E10: 135 | F10: =SUM(D10:E10) -> 186 | G10: 98 | H10: 149 | I10: =SUM(G10:H10) -> 247 | J10: 87 | K10: 170 | L10: =SUM(J10:K10) -> 257 | M10: 33 | N10: 49 | O10: =SUM(M10:N10) -> 82 | P10: 45 | Q10: 67 | R10: =SUM(P10:Q10) -> 112 | S10: 27 | T10: 25 | U10: =SUM(S10:T10) -> 52
B11: b. | C11: KIA / KB | D11: 2 | E11: 62 | F11: =SUM(D11:E11) -> 64 | G11: 0 | H11: 41 | I11: =SUM(G11:H11) -> 41 | J11: 0 | K11: 144 | L11: =SUM(J11:K11) -> 144 | M11: 0 | N11: 39 | O11: =SUM(M11:N11) -> 39 | P11: 0 | Q11: 60 | R11: =SUM(P11:Q11) -> 60 | S11: 0 | T11: 20 | U11: =SUM(S11:T11) -> 20
B12: c. | C12: Rawat inap | D12: 0 | E12: 0 | F12: =SUM(D12:E12) -> 0 | G12: 0 | H12: 0 | I12: =SUM(G12:H12) -> 0 | L12: =SUM(J12:K12) -> 0 | M12: 1 | N12: 0 | O12: =SUM(M12:N12) -> 1 | P12: 0 | Q12: 6 | R12: =SUM(P12:Q12) -> 6 | S12: 0 | T12: 0 | U12: =SUM(S12:T12) -> 0
B13: d. | C13: Unit gawat darurat | D13: 0 | E13: 0 | F13: =SUM(D13:E13) -> 0 | G13: 0 | H13: 4 | I13: =SUM(G13:H13) -> 4 | L13: =SUM(J13:K13) -> 0 | M13: 3 | N13: 4 | O13: =SUM(M13:N13) -> 7 | P13: 1 | Q13: 4 | R13: =SUM(P13:Q13) -> 5 | S13: 0 | T13: 0 | U13: =SUM(S13:T13) -> 0
B14: e. | C14: MTBS | D14: 0 | E14: 0 | F14: =SUM(D14:E14) -> 0 | G14: 4 | H14: 4 | I14: =SUM(G14:H14) -> 8 | L14: =SUM(J14:K14) -> 0 | M14: 1 | N14: 2 | O14: =SUM(M14:N14) -> 3 | P14: 0 | Q14: 0 | R14: =SUM(P14:Q14) -> 0 | S14: 0 | T14: 0 | U14: =SUM(S14:T14) -> 0
B15: f. | C15: Poli Gigi | D15: 2 | E15: 1 | F15: =SUM(D15:E15) -> 3 | G15: 14 | H15: 8 | I15: =SUM(G15:H15) -> 22 | L15: =SUM(J15:K15) -> 0 | M15: 0 | N15: 0 | O15: =SUM(M15:N15) -> 0 | P15: 4 | Q15: 3 | R15: =SUM(P15:Q15) -> 7 | S15: 0 | T15: 0 | U15: =SUM(S15:T15) -> 0
B16: g. | C16: PONED | D16: 0 | E16: 0 | F16: =SUM(D16:E16) -> 0 | G16: 0 | H16: 2 | I16: =SUM(G16:H16) -> 2 | J16: 0 | K16: 1 | L16: =SUM(J16:K16) -> 1 | M16: 0 | N16: 3 | O16: =SUM(M16:N16) -> 3 | P16: 0 | Q16: 8 | R16: =SUM(P16:Q16) -> 8 | S16: 0 | T16: 0 | U16: =SUM(S16:T16) -> 0
B17: h. | C17: Pustu | D17: 0 | E17: 0 | F17: =SUM(D17:E17) -> 0 | G17: 0 | H17: 0 | I17: =SUM(G17:H17) -> 0 | L17: =SUM(J17:K17) -> 0 | M17: 0 | N17: 0 | O17: =SUM(M17:N17) -> 0 | P17: 0 | Q17: 0 | R17: =SUM(P17:Q17) -> 0 | S17: 0 | T17: 0 | U17: =SUM(S17:T17) -> 0
A18: 3 | B18: Jumlah Pemeriksaan Laboratorium | D18: =SUM(D19:D41) -> 108 | E18: =SUM(E19:E41) -> 580 | F18: =SUM(F19:F41) -> 688 | G18: =SUM(G19:G41) -> 160 | H18: =SUM(H19:H41) -> 414 | I18: =SUM(I19:I41) -> 574 | J18: =SUM(J19:J41) -> 87 | K18: =SUM(K19:K41) -> 315 | ... U18: =SUM(U19:U41) -> 165
B19: a. | C19: Golongan darah | D19: 3 | E19: 21 | F19: =SUM(D19:E19) -> 24 | G19: 0 | H19: 11 | I19: =SUM(G19:H19) -> 11 | J19: 2 | K19: 18 | L19: =SUM(J19:K19) -> 20 | M19: 0 | N19: 6 | O19: =SUM(M19:N19) -> 6 | P19: 0 | Q19: 33 | R19: =SUM(P19:Q19) -> 33 | S19: 0 | T19: 9 | U19: =SUM(S19:T19) -> 9
B20: b. | C20: Hb | E20: 59 | F20: =SUM(D20:E20) -> 59 | G20: 0 | H20: 34 | I20: =SUM(G20:H20) -> 34 | J20: 3 | K20: 45 | L20: =SUM(J20:K20) -> 48 | M20: 9 | N20: 55 | O20: =SUM(M20:N20) -> 64 | P20: 17 | Q20: 72 | R20: =SUM(P20:Q20) -> 89 | S20: 2 | T20: 11 | U20: =SUM(S20:T20) -> 13
B21: c. | C21: Leukosit | E21: 8 | F21: =SUM(D21:E21) -> 8 | G21: 0 | H21: 0 | I21: =SUM(G21:H21) -> 0 | L21: =SUM(J21:K21) -> 0 | M21: 0 | N21: 0 | O21: =SUM(M21:N21) -> 0 | P21: 7 | Q21: 9 | R21: =SUM(P21:Q21) -> 16 | S21: 0 | T21: 0 | U21: =SUM(S21:T21) -> 0
B22: d. | C22: Eritrosit | E22: 8 | F22: =SUM(D22:E22) -> 8 | G22: 0 | H22: 0 | I22: =SUM(G22:H22) -> 0 | L22: =SUM(J22:K22) -> 0 | M22: 0 | N22: 0 | O22: =SUM(M22:N22) -> 0 | P22: 7 | Q22: 9 | R22: =SUM(P22:Q22) -> 16 | S22: 0 | T22: 0 | U22: =SUM(S22:T22) -> 0
B23: e. | C23: Trombosit | F23: =SUM(D23:E23) -> 0 | G23: 0 | H23: 0 | I23: =SUM(G23:H23) -> 0 | L23: =SUM(J23:K23) -> 0 | M23: 0 | N23: 0 | O23: =SUM(M23:N23) -> 0 | P23: 7 | Q23: 9 | R23: =SUM(P23:Q23) -> 16 | S23: 0 | T23: 0 | U23: =SUM(S23:T23) -> 0
B24: f. | C24: Glukosa Post pandiel ( 2 jam PP ) | F24: =SUM(D24:E24) -> 0 | G24: 0 | H24: 0 | I24: =SUM(G24:H24) -> 0 | L24: =SUM(J24:K24) -> 0 | M24: 0 | N24: 0 | O24: =SUM(M24:N24) -> 0 | P24: 0 | Q24: 0 | R24: =SUM(P24:Q24) -> 0 | S24: 0 | T24: 0 | U24: =SUM(S24:T24) -> 0
B25: g. | C25: Gulukosa Urine | E25: 10 | F25: =SUM(D25:E25) -> 10 | G25: 0 | H25: 23 | I25: =SUM(G25:H25) -> 23 | L25: =SUM(J25:K25) -> 0 | M25: 0 | N25: 0 | O25: =SUM(M25:N25) -> 0 | P25: 0 | Q25: 0 | R25: =SUM(P25:Q25) -> 0 | S25: 0 | T25: 0 | U25: =SUM(S25:T25) -> 0
B26: h. | C26: Asam Urat | D26: 25 | E26: 72 | F26: =SUM(D26:E26) -> 97 | G26: 26 | H26: 30 | I26: =SUM(G26:H26) -> 56 | J26: 27 | K26: 57 | L26: =SUM(J26:K26) -> 84 | M26: 20 | N26: 28 | O26: =SUM(M26:N26) -> 48 | P26: 28 | Q26: 47 | R26: =SUM(P26:Q26) -> 75 | S26: 7 | T26: 9 | U26: =SUM(S26:T26) -> 16
B27: i. | C27: Gula darah sewaktu | D27: 27 | E27: 51 | F27: =SUM(D27:E27) -> 78 | G27: 69 | H27: 112 | I27: =SUM(G27:H27) -> 181 | J27: 8 | K27: 20 | L27: =SUM(J27:K27) -> 28 | M27: 30 | N27: 72 | O27: =SUM(M27:N27) -> 102 | P27: 25 | Q27: 92 | R27: =SUM(P27:Q27) -> 117 | S27: 15 | T27: =29-15 -> 14 | U27: =SUM(S27:T27) -> 29
B28: j. | C28: Gula darah puasa | D28: 21 | E28: 73 | F28: =SUM(D28:E28) -> 94 | G28: 44 | H28: 64 | I28: =SUM(G28:H28) -> 108 | J28: 19 | K28: 26 | L28: =SUM(J28:K28) -> 45 | M28: 2 | N28: 2 | O28: =SUM(M28:N28) -> 4 | P28: 10 | Q28: 24 | R28: =SUM(P28:Q28) -> 34 | S28: 7 | T28: 3 | U28: =SUM(S28:T28) -> 10
B29: k. | C29: Urin Acid | F29: =SUM(D29:E29) -> 0 | G29: 0 | H29: 0 | I29: =SUM(G29:H29) -> 0 | L29: =SUM(J29:K29) -> 0 | M29: 0 | N29: 0 | O29: =SUM(M29:N29) -> 0 | P29: 0 | Q29: 0 | R29: =SUM(P29:Q29) -> 0 | S29: 0 | T29: 0 | U29: =SUM(S29:T29) -> 0
B30: l. | C30: Cholestrol | D30: 25 | E30: 83 | F30: =SUM(D30:E30) -> 108 | G30: 21 | H30: 24 | I30: =SUM(G30:H30) -> 45 | J30: 24 | K30: 47 | L30: =SUM(J30:K30) -> 71 | M30: 22 | N30: 44 | O30: =SUM(M30:N30) -> 66 | P30: 27 | Q30: 43 | R30: =SUM(P30:Q30) -> 70 | S30: 10 | T30: 17 | U30: =SUM(S30:T30) -> 27
B31: m. | C31: Protein Urine | E31: 13 | F31: =SUM(D31:E31) -> 13 | G31: 0 | H31: 23 | I31: =SUM(G31:H31) -> 23 | L31: =SUM(J31:K31) -> 0 | M31: 0 | N31: 0 | O31: =SUM(M31:N31) -> 0 | P31: 0 | Q31: 47 | R31: =SUM(P31:Q31) -> 47 | S31: 0 | T31: 4 | U31: =SUM(S31:T31) -> 4
B32: n. | C32: HIV | D32: 1 | E32: 41 | F32: =SUM(D32:E32) -> 42 | G32: 0 | H32: 26 | I32: =SUM(G32:H32) -> 26 | J32: 1 | K32: 29 | L32: =SUM(J32:K32) -> 30 | M32: 0 | N32: 17 | O32: =SUM(M32:N32) -> 17 | P32: 2 | Q32: 38 | R32: =SUM(P32:Q32) -> 40 | S32: 0 | T32: 12 | U32: =SUM(S32:T32) -> 12
B33: o. | C33: SYPHILIS | E33: 41 | F33: =SUM(D33:E33) -> 41 | G33: 0 | H33: 26 | I33: =SUM(G33:H33) -> 26 | J33: 1 | K33: 12 | L33: =SUM(J33:K33) -> 13 | M33: 3 | N33: 17 | O33: =SUM(M33:N33) -> 20 | P33: 2 | Q33: 38 | R33: =SUM(P33:Q33) -> 40 | S33: 0 | T33: 12 | U33: =SUM(S33:T33) -> 12
B34: p. | C34: HBSAg | D34: 5 | E34: 43 | F34: =SUM(D34:E34) -> 48 | G34: 0 | H34: 27 | I34: =SUM(G34:H34) -> 27 | J34: 2 | K34: 31 | L34: =SUM(J34:K34) -> 33 | M34: 1 | N34: 17 | O34: =SUM(M34:N34) -> 18 | P34: 1 | Q34: 34 | R34: =SUM(P34:Q34) -> 35 | S34: 0 | T34: 12 | U34: =SUM(S34:T34) -> 12
B35: q. | C35: Malaria P.V (Jika positip isi jenis plasmodiumnya) | D35: 1 | E35: 39 | F35: =SUM(D35:E35) -> 40 | G35: 0 | H35: 0 | I35: =SUM(G35:H35) -> 0 | L35: =SUM(J35:K35) -> 0 | M35: 1 | N35: 15 | O35: =SUM(M35:N35) -> 16 | P35: 10 | Q35: 36 | R35: =SUM(P35:Q35) -> 46 | S35: 0 | T35: 9 | U35: =SUM(S35:T35) -> 9
B36: r. | C36: Widal | F36: =SUM(D36:E36) -> 0 | G36: 0 | H36: 0 | I36: =SUM(G36:H36) -> 0 | L36: =SUM(J36:K36) -> 0 | M36: 0 | N36: 0 | O36: =SUM(M36:N36) -> 0 | P36: 0 | Q36: 0 | R36: =SUM(P36:Q36) -> 0 | S36: 0 | T36: 0 | U36: =SUM(S36:T36) -> 0
B37: s. | C37: Sputum BTA | F37: =SUM(D37:E37) -> 0 | I37: =SUM(G37:H37) -> 0 | L37: =SUM(J37:K37) -> 0 | M37: 1 | N37: 5 | O37: =SUM(M37:N37) -> 6 | P37: 0 | Q37: 0 | R37: =SUM(P37:Q37) -> 0 | S37: 0 | T37: 0 | U37: =SUM(S37:T37) -> 0
B38: t. | C38: Test Kehamilan | E38: 18 | F38: =SUM(D38:E38) -> 18 | G38: 0 | H38: 14 | I38: =SUM(G38:H38) -> 14 | J38: 0 | K38: 29 | L38: =SUM(J38:K38) -> 29 | M38: 0 | N38: 15 | O38: =SUM(M38:N38) -> 15 | P38: 0 | Q38: 26 | R38: =SUM(P38:Q38) -> 26 | S38: 0 | T38: 12 | U38: =SUM(S38:T38) -> 12
B39: u. | C39: Tinja | F39: =SUM(D39:E39) -> 0 | G39: 0 | H39: 0 | I39: =SUM(G39:H39) -> 0 | L39: =SUM(J39:K39) -> 0 | M39: 0 | N39: 0 | O39: =SUM(M39:N39) -> 0 | P39: 0 | Q39: 0 | R39: =SUM(P39:Q39) -> 0 | S39: 0 | T39: 0 | U39: =SUM(S39:T39) -> 0
B40: v. | C40: Urine Lengkap | F40: =SUM(D40:E40) -> 0 | G40: 0 | H40: 0 | I40: =SUM(G40:H40) -> 0 | J40: 0 | K40: 1 | L40: =SUM(J40:K40) -> 1 | M40: 1 | N40: 13 | O40: =SUM(M40:N40) -> 14 | P40: 0 | Q40: 0 | R40: =SUM(P40:Q40) -> 0 | S40: 0 | T40: 0 | U40: =SUM(S40:T40) -> 0
B41: w. | C41: Urine Sedimen | F41: =SUM(D41:E41) -> 0 | G41: 0 | H41: 0 | I41: =SUM(G41:H41) -> 0 | L41: =SUM(J41:K41) -> 0 | M41: 0 | N41: 0 | O41: =SUM(M41:N41) -> 0 | P41: 0 | Q41: 0 | R41: =SUM(P41:Q41) -> 0 | S41: 0 | T41: 0 | U41: =SUM(S41:T41) -> 0
A44: No. | B44: ELEMEN DATA | D44: KORBAFO | G44: NDAO | J44: OELABA | M44: OELE | P44: SONIMANU | S44: SOTIMORI
D45: L | E45: P | F45: TOTAL | G45: L | H45: P | I45: TOTAL | J45: L | K45: P | L45: TOTAL | M45: L | N45: P | O45: TOTAL | P45: L | Q45: P | R45: TOTAL | S45: L | T45: P | U45: TOTAL
A46: 1 | B46: Total Kunjungan Laboratorium | D46: =D47+D56 -> 0 | E46: =E47+E56 -> 0 | F46: =F47+F56 -> 0 | G46: =G47+G56 -> 0 | H46: =H47+H56 -> 0 | I46: =I47+I56 -> 0 | J46: =J47+J56 -> 0 | K46: =K47+K56 -> 0 | ... U46: =U47+U56 -> 299
A47: 2 | B47: Peminta Tes Laboratorium | D47: =SUM(D48:D55) -> 0 | E47: =SUM(E48:E55) -> 0 | F47: =SUM(F48:F55) -> 0 | G47: =SUM(G48:G55) -> 0 | H47: =SUM(H48:H55) -> 0 | I47: =SUM(I48:I55) -> 0 | J47: =SUM(J48:J55) -> 0 | K47: =SUM(K48:K55) -> 0 | ... U47: =SUM(U48:U55) -> 84
B48: a. | C48: Poli umum | F48: =SUM(D48:E48) -> 0 | I48: =SUM(G48:H48) -> 0 | L48: =SUM(J48:K48) -> 0 | M48: 10 | N48: 11 | O48: =SUM(M48:N48) -> 21 | P48: 1 | Q48: 4 | R48: =SUM(P48:Q48) -> 5 | S48: 26 | T48: 34 | U48: =SUM(S48:T48) -> 60
B49: b. | C49: KIA / KB | F49: =SUM(D49:E49) -> 0 | I49: =SUM(G49:H49) -> 0 | L49: =SUM(J49:K49) -> 0 | M49: 0 | N49: 8 | O49: =SUM(M49:N49) -> 8 | P49: 0 | Q49: 11 | R49: =SUM(P49:Q49) -> 11 | T49: 20 | U49: =SUM(S49:T49) -> 20
B50: c. | C50: Rawat inap | F50: =SUM(D50:E50) -> 0 | I50: =SUM(G50:H50) -> 0 | L50: =SUM(J50:K50) -> 0 | M50: 0 | N50: 0 | O50: =SUM(M50:N50) -> 0 | P50: 0 | Q50: 1 | R50: =SUM(P50:Q50) -> 1 | S50: 2 | T50: 1 | U50: =SUM(S50:T50) -> 3
B51: d. | C51: Unit gawat darurat | F51: =SUM(D51:E51) -> 0 | I51: =SUM(G51:H51) -> 0 | L51: =SUM(J51:K51) -> 0 | M51: 3 | N51: 4 | O51: =SUM(M51:N51) -> 7 | P51: 0 | Q51: 0 | R51: =SUM(P51:Q51) -> 0 | T51: 1 | U51: =SUM(S51:T51) -> 1
B52: e. | C52: MTBS | F52: =SUM(D52:E52) -> 0 | I52: =SUM(G52:H52) -> 0 | L52: =SUM(J52:K52) -> 0 | M52: 5 | N52: 5 | O52: =SUM(M52:N52) -> 10 | P52: 0 | Q52: 0 | R52: =SUM(P52:Q52) -> 0 | U52: =SUM(S52:T52) -> 0
B53: f. | C53: Poli Gigi | F53: =SUM(D53:E53) -> 0 | I53: =SUM(G53:H53) -> 0 | L53: =SUM(J53:K53) -> 0 | M53: 0 | N53: 0 | O53: =SUM(M53:N53) -> 0 | P53: 0 | Q53: 0 | R53: =SUM(P53:Q53) -> 0 | U53: =SUM(S53:T53) -> 0
B54: g. | C54: PONED | F54: =SUM(D54:E54) -> 0 | I54: =SUM(G54:H54) -> 0 | L54: =SUM(J54:K54) -> 0 | M54: 0 | N54: 0 | O54: =SUM(M54:N54) -> 0 | P54: 0 | Q54: 0 | R54: =SUM(P54:Q54) -> 0 | U54: =SUM(S54:T54) -> 0
B55: h. | C55: Pustu | F55: =SUM(D55:E55) -> 0 | I55: =SUM(G55:H55) -> 0 | L55: =SUM(J55:K55) -> 0 | O55: =SUM(M55:N55) -> 0 | P55: 0 | Q55: 0 | R55: =SUM(P55:Q55) -> 0 | U55: =SUM(S55:T55) -> 0
A56: 3 | B56: Jumlah Pemeriksaan Laboratorium | D56: =SUM(D57:D79) -> 0 | E56: =SUM(E57:E79) -> 0 | F56: =SUM(F57:F79) -> 0 | G56: =SUM(G57:G79) -> 0 | H56: =SUM(H57:H79) -> 0 | I56: =SUM(I57:I79) -> 0 | J56: =SUM(J57:J79) -> 0 | K56: =SUM(K57:K79) -> 0 | ... U56: =SUM(U57:U79) -> 215
B57: a. | C57: Golongan darah | F57: =SUM(D57:E57) -> 0 | I57: =SUM(G57:H57) -> 0 | L57: =SUM(J57:K57) -> 0 | M57: 0 | N57: 5 | O57: =SUM(M57:N57) -> 5 | P57: 0 | Q57: 0 | R57: =SUM(P57:Q57) -> 0 | U57: =SUM(S57:T57) -> 0
B58: b. | C58: Hb | F58: =SUM(D58:E58) -> 0 | I58: =SUM(G58:H58) -> 0 | L58: =SUM(J58:K58) -> 0 | M58: 5 | N58: 5 | O58: =SUM(M58:N58) -> 10 | P58: 1 | Q58: 10 | R58: =SUM(P58:Q58) -> 11 | S58: 7 | T58: 19 | U58: =SUM(S58:T58) -> 26
B59: c. | C59: Leukosit | F59: =SUM(D59:E59) -> 0 | I59: =SUM(G59:H59) -> 0 | L59: =SUM(J59:K59) -> 0 | M59: 0 | N59: 0 | O59: =SUM(M59:N59) -> 0 | P59: 0 | Q59: 0 | R59: =SUM(P59:Q59) -> 0 | U59: =SUM(S59:T59) -> 0
B60: d. | C60: Eritrosit | F60: =SUM(D60:E60) -> 0 | I60: =SUM(G60:H60) -> 0 | L60: =SUM(J60:K60) -> 0 | M60: 0 | N60: 0 | O60: =SUM(M60:N60) -> 0 | P60: 0 | Q60: 0 | R60: =SUM(P60:Q60) -> 0 | U60: =SUM(S60:T60) -> 0
B61: e. | C61: HCT | F61: =SUM(D61:E61) -> 0 | I61: =SUM(G61:H61) -> 0 | L61: =SUM(J61:K61) -> 0 | M61: 0 | N61: 0 | O61: =SUM(M61:N61) -> 0 | P61: 0 | Q61: 0 | R61: =SUM(P61:Q61) -> 0 | U61: =SUM(S61:T61) -> 0
B62: f. | C62: Glukosa Post pandiel ( 2 jam PP ) | F62: =SUM(D62:E62) -> 0 | I62: =SUM(G62:H62) -> 0 | L62: =SUM(J62:K62) -> 0 | M62: 0 | N62: 0 | O62: =SUM(M62:N62) -> 0 | P62: 0 | Q62: 0 | R62: =SUM(P62:Q62) -> 0 | U62: =SUM(S62:T62) -> 0
B63: g. | C63: Gulukosa Urine | F63: =SUM(D63:E63) -> 0 | I63: =SUM(G63:H63) -> 0 | L63: =SUM(J63:K63) -> 0 | M63: 0 | N63: 0 | O63: =SUM(M63:N63) -> 0 | P63: 0 | Q63: 3 | R63: =SUM(P63:Q63) -> 3 | U63: =SUM(S63:T63) -> 0
B64: h. | C64: Asam Urat | F64: =SUM(D64:E64) -> 0 | I64: =SUM(G64:H64) -> 0 | L64: =SUM(J64:K64) -> 0 | M64: 10 | N64: 19 | O64: =SUM(M64:N64) -> 29 | P64: 0 | Q64: 0 | R64: =SUM(P64:Q64) -> 0 | S64: 18 | T64: 30 | U64: =SUM(S64:T64) -> 48
B65: i. | C65: Gula darah sewaktu | F65: =SUM(D65:E65) -> 0 | I65: =SUM(G65:H65) -> 0 | L65: =SUM(J65:K65) -> 0 | M65: 10 | N65: 11 | O65: =SUM(M65:N65) -> 21 | P65: 0 | Q65: 11 | R65: =SUM(P65:Q65) -> 11 | S65: 12 | T65: 16 | U65: =SUM(S65:T65) -> 28
B66: j. | C66: Gula darah puasa | F66: =SUM(D66:E66) -> 0 | I66: =SUM(G66:H66) -> 0 | L66: =SUM(J66:K66) -> 0 | M66: 3 | N66: 6 | O66: =SUM(M66:N66) -> 9 | P66: 0 | Q66: 0 | R66: =SUM(P66:Q66) -> 0 | S66: 4 | T66: 9 | U66: =SUM(S66:T66) -> 13
B67: k. | C67: Urin Acid | F67: =SUM(D67:E67) -> 0 | I67: =SUM(G67:H67) -> 0 | L67: =SUM(J67:K67) -> 0 | M67: 0 | N67: 0 | O67: =SUM(M67:N67) -> 0 | P67: 0 | Q67: 0 | R67: =SUM(P67:Q67) -> 0 | U67: =SUM(S67:T67) -> 0
B68: l. | C68: Cholestrol | F68: =SUM(D68:E68) -> 0 | I68: =SUM(G68:H68) -> 0 | L68: =SUM(J68:K68) -> 0 | M68: 8 | N68: 10 | O68: =SUM(M68:N68) -> 18 | P68: 0 | Q68: 1 | R68: =SUM(P68:Q68) -> 1 | S68: 15 | T68: 30 | U68: =SUM(S68:T68) -> 45
B69: m. | C69: Protein Urine | F69: =SUM(D69:E69) -> 0 | I69: =SUM(G69:H69) -> 0 | L69: =SUM(J69:K69) -> 0 | M69: 0 | N69: 0 | O69: =SUM(M69:N69) -> 0 | P69: 0 | Q69: 4 | R69: =SUM(P69:Q69) -> 4 | T69: 11 | U69: =SUM(S69:T69) -> 11
B70: n. | C70: HIV | F70: =SUM(D70:E70) -> 0 | I70: =SUM(G70:H70) -> 0 | L70: =SUM(J70:K70) -> 0 | M70: 0 | N70: 6 | O70: =SUM(M70:N70) -> 6 | P70: 1 | Q70: 8 | R70: =SUM(P70:Q70) -> 9 | T70: 6 | U70: =SUM(S70:T70) -> 6
B71: o. | C71: SYPHILIS | F71: =SUM(D71:E71) -> 0 | I71: =SUM(G71:H71) -> 0 | L71: =SUM(J71:K71) -> 0 | M71: 0 | N71: 6 | O71: =SUM(M71:N71) -> 6 | P71: 1 | Q71: 7 | R71: =SUM(P71:Q71) -> 8 | T71: 7 | U71: =SUM(S71:T71) -> 7
B72: p. | C72: HBSAg | F72: =SUM(D72:E72) -> 0 | I72: =SUM(G72:H72) -> 0 | L72: =SUM(J72:K72) -> 0 | M72: 0 | N72: 6 | O72: =SUM(M72:N72) -> 6 | P72: 0 | Q72: 2 | R72: =SUM(P72:Q72) -> 2 | S72: 1 | T72: 13 | U72: =SUM(S72:T72) -> 14
B73: q. | C73: Malaria P.V (Jika positip isi jenis plasmodiumnya) | F73: =SUM(D73:E73) -> 0 | I73: =SUM(G73:H73) -> 0 | L73: =SUM(J73:K73) -> 0 | M73: 0 | N73: 4 | O73: =SUM(M73:N73) -> 4 | P73: 0 | Q73: 6 | R73: =SUM(P73:Q73) -> 6 | T73: 11 | U73: =SUM(S73:T73) -> 11
B74: r. | C74: Widal | F74: =SUM(D74:E74) -> 0 | I74: =SUM(G74:H74) -> 0 | L74: =SUM(J74:K74) -> 0 | M74: 0 | N74: 0 | O74: =SUM(M74:N74) -> 0 | P74: 0 | Q74: 0 | R74: =SUM(P74:Q74) -> 0 | U74: =SUM(S74:T74) -> 0
B75: s. | C75: Sputum BTA | F75: =SUM(D75:E75) -> 0 | I75: =SUM(G75:H75) -> 0 | L75: =SUM(J75:K75) -> 0 | M75: 0 | N75: 0 | O75: =SUM(M75:N75) -> 0 | R75: =SUM(P75:Q75) -> 0 | U75: =SUM(S75:T75) -> 0
B76: t. | C76: Test Kehamilan | F76: =SUM(D76:E76) -> 0 | I76: =SUM(G76:H76) -> 0 | L76: =SUM(J76:K76) -> 0 | M76: 0 | N76: 8 | O76: =SUM(M76:N76) -> 8 | P76: 0 | Q76: 5 | R76: =SUM(P76:Q76) -> 5 | T76: 5 | U76: =SUM(S76:T76) -> 5
B77: u. | C77: Tinja | F77: =SUM(D77:E77) -> 0 | I77: =SUM(G77:H77) -> 0 | L77: =SUM(J77:K77) -> 0 | M77: 0 | N77: 0 | O77: =SUM(M77:N77) -> 0 | P77: 0 | Q77: 0 | R77: =SUM(P77:Q77) -> 0 | U77: =SUM(S77:T77) -> 0
B78: v. | C78: Urine Lengkap | F78: =SUM(D78:E78) -> 0 | I78: =SUM(G78:H78) -> 0 | L78: =SUM(J78:K78) -> 0 | M78: 1 | N78: 0 | O78: =SUM(M78:N78) -> 1 | P78: 1 | Q78: 0 | R78: =SUM(P78:Q78) -> 1 | T78: 1 | U78: =SUM(S78:T78) -> 1
B79: w. | C79: Urine Sedimen | F79: =SUM(D79:E79) -> 0 | I79: =SUM(G79:H79) -> 0 | L79: =SUM(J79:K79) -> 0 | O79: =SUM(M79:N79) -> 0 | P79: 1 | Q79: 0 | R79: =SUM(P79:Q79) -> 1 | U79: =SUM(S79:T79) -> 0

Sheet FEBRUARI
A2: LAPORAN LABORATORIUM
A3: DI PUSKESMAS KABUPATEN ROTE NDAO
A4: FEBRUARI 2026
A6: No. | B6: ELEMEN DATA | D6: BAA | G6: BATUTUA | J6: BUSALANGGA | M6: DELHA | P6: EAHUN | S6: FEAPOPI
D7: L | E7: P | F7: TOTAL | G7: L | H7: P | I7: TOTAL | J7: L | K7: P | L7: TOTAL | M7: L | N7: P | O7: TOTAL | P7: L | Q7: P | R7: TOTAL | S7: L | T7: P | U7: TOTAL
A8: 1 | B8: Total Kunjungan Laboratorium | D8: =D9+D18 -> 249 | E8: =E9+E18 -> 991 | F8: =F9+F18 -> 1240 | G8: =G9+G18 -> 208 | H8: =H9+H18 -> 591 | I8: =I9+I18 -> 799 | J8: =J9+J18 -> 108 | K8: =K9+K18 -> 492 | ... U8: =U9+U18 -> 285
A9: 2 | B9: Peminta Tes Laboratorium | D9: =SUM(D10:D17) -> 39 | E9: =SUM(E10:E17) -> 202 | F9: =SUM(F10:F17) -> 241 | G9: =SUM(G10:G17) -> 93 | H9: =SUM(H10:H17) -> 169 | I9: =SUM(I10:I17) -> 262 | J9: =SUM(J10:J17) -> 54 | K9: =SUM(K10:K17) -> 246 | ... U9: =SUM(U10:U17) -> 143
B10: a. | C10: Poli umum | D10: 36 | E10: 101 | F10: =SUM(D10:E10) -> 137 | G10: 82 | H10: 103 | I10: =SUM(G10:H10) -> 185 | J10: 54 | K10: 121 | L10: =SUM(J10:K10) -> 175 | M10: 17 | N10: 48 | O10: =SUM(M10:N10) -> 65 | P10: 18 | Q10: 37 | R10: =SUM(P10:Q10) -> 55 | S10: 48 | T10: 30 | U10: =SUM(S10:T10) -> 78
B11: b. | C11: KIA / KB | D11: 3 | E11: 101 | F11: =SUM(D11:E11) -> 104 | G11: 0 | H11: 48 | I11: =SUM(G11:H11) -> 48 | K11: 125 | L11: =SUM(J11:K11) -> 125 | M11: 0 | N11: 35 | O11: =SUM(M11:N11) -> 35 | Q11: 43 | R11: =SUM(P11:Q11) -> 43 | S11: 0 | T11: 64 | U11: =SUM(S11:T11) -> 64
B12: c. | C12: Rawat inap | D12: 0 | E12: 0 | F12: =SUM(D12:E12) -> 0 | G12: 0 | H12: 0 | I12: =SUM(G12:H12) -> 0 | L12: =SUM(J12:K12) -> 0 | M12: 0 | N12: 0 | O12: =SUM(M12:N12) -> 0 | P12: 4 | Q12: 7 | R12: =SUM(P12:Q12) -> 11 | S12: 0 | T12: 0 | U12: =SUM(S12:T12) -> 0
B13: d. | C13: Unit gawat darurat | D13: 0 | E13: 0 | F13: =SUM(D13:E13) -> 0 | G13: 4 | H13: 4 | I13: =SUM(G13:H13) -> 8 | L13: =SUM(J13:K13) -> 0 | M13: 3 | N13: 3 | O13: =SUM(M13:N13) -> 6 | P13: 0 | Q13: 0 | R13: =SUM(P13:Q13) -> 0 | S13: 0 | T13: 0 | U13: =SUM(S13:T13) -> 0
B14: e. | C14: MTBS | D14: 0 | E14: 0 | F14: =SUM(D14:E14) -> 0 | G14: 1 | H14: 2 | I14: =SUM(G14:H14) -> 3 | L14: =SUM(J14:K14) -> 0 | M14: 0 | N14: 2 | O14: =SUM(M14:N14) -> 2 | P14: 0 | Q14: 0 | R14: =SUM(P14:Q14) -> 0 | S14: 0 | T14: 1 | U14: =SUM(S14:T14) -> 1
B15: f. | C15: Poli Gigi | D15: 0 | E15: 0 | F15: =SUM(D15:E15) -> 0 | G15: 6 | H15: 7 | I15: =SUM(G15:H15) -> 13 | L15: =SUM(J15:K15) -> 0 | M15: 0 | N15: 0 | O15: =SUM(M15:N15) -> 0 | P15: 0 | Q15: 1 | R15: =SUM(P15:Q15) -> 1 | S15: 0 | T15: 0 | U15: =SUM(S15:T15) -> 0
B16: g. | C16: PONED | D16: 0 | E16: 0 | F16: =SUM(D16:E16) -> 0 | G16: 0 | H16: 5 | I16: =SUM(G16:H16) -> 5 | L16: =SUM(J16:K16) -> 0 | M16: 0 | N16: 19 | O16: =SUM(M16:N16) -> 19 | P16: 0 | Q16: 7 | R16: =SUM(P16:Q16) -> 7 | S16: 0 | T16: 0 | U16: =SUM(S16:T16) -> 0
B17: h. | C17: Pustu | D17: 0 | E17: 0 | F17: =SUM(D17:E17) -> 0 | G17: 0 | H17: 0 | I17: =SUM(G17:H17) -> 0 | L17: =SUM(J17:K17) -> 0 | M17: 0 | N17: 0 | O17: =SUM(M17:N17) -> 0 | P17: 0 | Q17: 0 | R17: =SUM(P17:Q17) -> 0 | S17: 0 | T17: 0 | U17: =SUM(S17:T17) -> 0
A18: 3 | B18: Jumlah Pemeriksaan Laboratorium | D18: =SUM(D19:D41) -> 210 | E18: =SUM(E19:E41) -> 789 | F18: =SUM(F19:F41) -> 999 | G18: =SUM(G19:G41) -> 115 | H18: =SUM(H19:H41) -> 422 | I18: =SUM(I19:I41) -> 537 | J18: =SUM(J19:J41) -> 54 | K18: =SUM(K19:K41) -> 246 | ... U18: =SUM(U19:U41) -> 142
B19: a. | C19: Golongan darah | D19: 2 | E19: 21 | F19: =SUM(D19:E19) -> 23 | G19: 0 | H19: 20 | I19: =SUM(G19:H19) -> 20 | J19: 0 | K19: 12 | L19: =SUM(J19:K19) -> 12 | M19: 1 | N19: 4 | O19: =SUM(M19:N19) -> 5 | P19: 0 | Q19: 22 | R19: =SUM(P19:Q19) -> 22 | S19: 0 | T19: 9 | U19: =SUM(S19:T19) -> 9
B20: b. | C20: Hb | D20: 4 | E20: 82 | F20: =SUM(D20:E20) -> 86 | G20: 0 | H20: 53 | I20: =SUM(G20:H20) -> 53 | J20: 3 | K20: 30 | L20: =SUM(J20:K20) -> 33 | M20: 10 | N20: 70 | O20: =SUM(M20:N20) -> 80 | P20: 8 | Q20: 66 | R20: =SUM(P20:Q20) -> 74 | S20: 3 | T20: 15 | U20: =SUM(S20:T20) -> 18
B21: c. | C21: Leukosit | E21: 11 | F21: =SUM(D21:E21) -> 11 | G21: 0 | H21: 0 | I21: =SUM(G21:H21) -> 0 | L21: =SUM(J21:K21) -> 0 | M21: 0 | N21: 0 | O21: =SUM(M21:N21) -> 0 | P21: 3 | Q21: 6 | R21: =SUM(P21:Q21) -> 9 | S21: 0 | T21: 0 | U21: =SUM(S21:T21) -> 0
B22: d. | C22: Eritrosit | E22: 11 | F22: =SUM(D22:E22) -> 11 | G22: 0 | H22: 0 | I22: =SUM(G22:H22) -> 0 | L22: =SUM(J22:K22) -> 0 | M22: 0 | N22: 0 | O22: =SUM(M22:N22) -> 0 | P22: 3 | Q22: 6 | R22: =SUM(P22:Q22) -> 9 | S22: 0 | T22: 0 | U22: =SUM(S22:T22) -> 0
B23: e. | C23: Trombosit | F23: =SUM(D23:E23) -> 0 | G23: 0 | H23: 0 | I23: =SUM(G23:H23) -> 0 | L23: =SUM(J23:K23) -> 0 | M23: 0 | N23: 0 | O23: =SUM(M23:N23) -> 0 | P23: 3 | Q23: 6 | R23: =SUM(P23:Q23) -> 9 | S23: 0 | T23: 0 | U23: =SUM(S23:T23) -> 0
B24: f. | C24: Glukosa Post pandiel ( 2 jam PP ) | F24: =SUM(D24:E24) -> 0 | G24: 0 | H24: 0 | I24: =SUM(G24:H24) -> 0 | L24: =SUM(J24:K24) -> 0 | M24: 0 | N24: 0 | O24: =SUM(M24:N24) -> 0 | P24: 0 | Q24: 0 | R24: =SUM(P24:Q24) -> 0 | S24: 0 | T24: 1 | U24: =SUM(S24:T24) -> 1
B25: g. | C25: Gulukosa Urine | E25: 19 | F25: =SUM(D25:E25) -> 19 | G25: 0 | H25: 23 | I25: =SUM(G25:H25) -> 23 | L25: =SUM(J25:K25) -> 0 | M25: 0 | N25: 0 | O25: =SUM(M25:N25) -> 0 | P25: 0 | Q25: 0 | R25: =SUM(P25:Q25) -> 0 | S25: 0 | T25: 0 | U25: =SUM(S25:T25) -> 0
B26: h. | C26: Asam Urat | D26: 30 | E26: 58 | F26: =SUM(D26:E26) -> 88 | G26: 19 | H26: 32 | I26: =SUM(G26:H26) -> 51 | J26: 15 | K26: 40 | L26: =SUM(J26:K26) -> 55 | M26: 8 | N26: 28 | O26: =SUM(M26:N26) -> 36 | P26: 1 | Q26: 0 | R26: =SUM(P26:Q26) -> 1 | S26: 0 | T26: 0 | U26: =SUM(S26:T26) -> 0
B27: i. | C27: Gula darah sewaktu | D27: 67 | E27: 155 | F27: =SUM(D27:E27) -> 222 | G27: 55 | H27: 110 | I27: =SUM(G27:H27) -> 165 | J27: 8 | K27: 11 | L27: =SUM(J27:K27) -> 19 | M27: 19 | N27: 58 | O27: =SUM(M27:N27) -> 77 | P27: 4 | Q27: 54 | R27: =SUM(P27:Q27) -> 58 | S27: 11 | T27: 8 | U27: =SUM(S27:T27) -> 19
B28: j. | C28: Gula darah puasa | D28: 30 | E28: 71 | F28: =SUM(D28:E28) -> 101 | G28: 25 | H28: 39 | I28: =SUM(G28:H28) -> 64 | J28: 8 | K28: 18 | L28: =SUM(J28:K28) -> 26 | M28: 1 | N28: 5 | O28: =SUM(M28:N28) -> 6 | P28: 6 | Q28: 19 | R28: =SUM(P28:Q28) -> 25 | S28: 8 | T28: 6 | U28: =SUM(S28:T28) -> 14
B29: k. | C29: HCT | F29: =SUM(D29:E29) -> 0 | G29: 0 | H29: 0 | I29: =SUM(G29:H29) -> 0 | J29: 0 | K29: 2 | L29: =SUM(J29:K29) -> 2 | M29: 0 | N29: 0 | O29: =SUM(M29:N29) -> 0 | P29: 0 | Q29: 0 | R29: =SUM(P29:Q29) -> 0 | S29: 0 | T29: 0 | U29: =SUM(S29:T29) -> 0
B30: l. | C30: Cholestrol | D30: 34 | E30: 115 | F30: =SUM(D30:E30) -> 149 | G30: 16 | H30: 30 | I30: =SUM(G30:H30) -> 46 | J30: 19 | K30: 43 | L30: =SUM(J30:K30) -> 62 | M30: 13 | N30: 35 | O30: =SUM(M30:N30) -> 48 | P30: 7 | Q30: 13 | R30: =SUM(P30:Q30) -> 20 | S30: =25-T30 -> 18 | T30: 7 | U30: =SUM(S30:T30) -> 25
B31: m. | C31: Protein Urine | E31: 24 | F31: =SUM(D31:E31) -> 24 | G31: 0 | H31: 23 | I31: =SUM(G31:H31) -> 23 | J31: 0 | K31: 1 | L31: =SUM(J31:K31) -> 1 | M31: 0 | N31: 0 | O31: =SUM(M31:N31) -> 0 | P31: 0 | Q31: 35 | R31: =SUM(P31:Q31) -> 35 | S31: 0 | T31: 5 | U31: =SUM(S31:T31) -> 5
B32: n. | C32: HIV | D32: 9 | E32: 40 | F32: =SUM(D32:E32) -> 49 | G32: 0 | H32: 27 | I32: =SUM(G32:H32) -> 27 | J32: 0 | K32: 21 | L32: =SUM(J32:K32) -> 21 | M32: 1 | N32: 13 | O32: =SUM(M32:N32) -> 14 | P32: 0 | Q32: 23 | R32: =SUM(P32:Q32) -> 23 | S32: 0 | T32: 14 | U32: =SUM(S32:T32) -> 14
B33: o. | C33: SYPHILIS | D33: 8 | E33: 40 | F33: =SUM(D33:E33) -> 48 | G33: 0 | H33: 27 | I33: =SUM(G33:H33) -> 27 | J33: 0 | K33: 19 | L33: =SUM(J33:K33) -> 19 | M33: 1 | N33: 12 | O33: =SUM(M33:N33) -> 13 | P33: 0 | Q33: 23 | R33: =SUM(P33:Q33) -> 23 | S33: 0 | T33: 14 | U33: =SUM(S33:T33) -> 14
B34: p. | C34: HBSAg | D34: 24 | E34: 70 | F34: =SUM(D34:E34) -> 94 | G34: 0 | H34: 30 | I34: =SUM(G34:H34) -> 30 | J34: 1 | K34: 24 | L34: =SUM(J34:K34) -> 25 | M34: 3 | N34: 12 | O34: =SUM(M34:N34) -> 15 | P34: 0 | Q34: 23 | R34: =SUM(P34:Q34) -> 23 | S34: 0 | T34: 14 | U34: =SUM(S34:T34) -> 14
B35: q. | C35: Malaria P.V (Jika positip isi jenis plasmodiumnya) | D35: 2 | E35: 37 | F35: =SUM(D35:E35) -> 39 | G35: 0 | H35: 0 | I35: =SUM(G35:H35) -> 0 | L35: =SUM(J35:K35) -> 0 | M35: 2 | N35: 12 | O35: =SUM(M35:N35) -> 14 | P35: 12 | Q35: 27 | R35: =SUM(P35:Q35) -> 39 | S35: 0 | T35: 2 | U35: =SUM(S35:T35) -> 2
B36: r. | C36: Widal | F36: =SUM(D36:E36) -> 0 | G36: 0 | H36: 0 | I36: =SUM(G36:H36) -> 0 | L36: =SUM(J36:K36) -> 0 | M36: 0 | N36: 0 | O36: =SUM(M36:N36) -> 0 | P36: 0 | Q36: 0 | R36: =SUM(P36:Q36) -> 0 | S36: 0 | T36: 0 | U36: =SUM(S36:T36) -> 0
B37: s. | C37: Sputum BTA | F37: =SUM(D37:E37) -> 0 | G37: 0 | H37: 0 | I37: =SUM(G37:H37) -> 0 | L37: =SUM(J37:K37) -> 0 | M37: 2 | N37: 1 | O37: =SUM(M37:N37) -> 3 | P37: 0 | Q37: 0 | R37: =SUM(P37:Q37) -> 0 | S37: 0 | T37: 0 | U37: =SUM(S37:T37) -> 0
B38: t. | C38: Test Kehamilan | E38: 35 | F38: =SUM(D38:E38) -> 35 | G38: 0 | H38: 8 | I38: =SUM(G38:H38) -> 8 | J38: 0 | K38: 23 | L38: =SUM(J38:K38) -> 23 | M38: 0 | N38: 3 | O38: =SUM(M38:N38) -> 3 | P38: 0 | Q38: 13 | R38: =SUM(P38:Q38) -> 13 | S38: 0 | T38: 7 | U38: =SUM(S38:T38) -> 7
B39: u. | C39: Tinja | F39: =SUM(D39:E39) -> 0 | G39: 0 | H39: 0 | I39: =SUM(G39:H39) -> 0 | L39: =SUM(J39:K39) -> 0 | M39: 0 | N39: 0 | O39: =SUM(M39:N39) -> 0 | P39: 0 | Q39: 0 | R39: =SUM(P39:Q39) -> 0 | S39: 0 | T39: 0 | U39: =SUM(S39:T39) -> 0
B40: v. | C40: Urine Lengkap | F40: =SUM(D40:E40) -> 0 | G40: 0 | H40: 0 | I40: =SUM(G40:H40) -> 0 | J40: 0 | K40: 2 | L40: =SUM(J40:K40) -> 2 | M40: 0 | N40: 8 | O40: =SUM(M40:N40) -> 8 | P40: 0 | Q40: 2 | R40: =SUM(P40:Q40) -> 2 | S40: 0 | T40: 0 | U40: =SUM(S40:T40) -> 0
B41: w. | C41: Urine Sedimen | F41: =SUM(D41:E41) -> 0 | G41: 0 | H41: 0 | I41: =SUM(G41:H41) -> 0 | L41: =SUM(J41:K41) -> 0 | M41: 0 | N41: 0 | O41: =SUM(M41:N41) -> 0 | P41: 0 | Q41: 0 | R41: =SUM(P41:Q41) -> 0 | S41: 0 | T41: 0 | U41: =SUM(S41:T41) -> 0
A44: No. | B44: ELEMEN DATA | D44: KORBAFO | G44: NDAO | J44: OELABA | M44: OELE | P44: SONIMANU | S44: SOTIMORI
D45: L | E45: P | F45: TOTAL | G45: L | H45: P | I45: TOTAL | J45: L | K45: P | L45: TOTAL | M45: L | N45: P | O45: TOTAL | P45: L | Q45: P | R45: TOTAL | S45: L | T45: P | U45: TOTAL
A46: 1 | B46: Total Kunjungan Laboratorium | D46: =D47+D56 -> 0 | E46: =E47+E56 -> 0 | F46: =F47+F56 -> 0 | G46: =G47+G56 -> 0 | H46: =H47+H56 -> 0 | I46: =I47+I56 -> 0 | J46: =J47+J56 -> 0 | K46: =K47+K56 -> 0 | ... U46: =U47+U56 -> 228
A47: 2 | B47: Peminta Tes Laboratorium | D47: =SUM(D48:D55) -> 0 | E47: =SUM(E48:E55) -> 0 | F47: =SUM(F48:F55) -> 0 | G47: =SUM(G48:G55) -> 0 | H47: =SUM(H48:H55) -> 0 | I47: =SUM(I48:I55) -> 0 | J47: =SUM(J48:J55) -> 0 | K47: =SUM(K48:K55) -> 0 | ... U47: =SUM(U48:U55) -> 63
B48: a. | C48: Poli umum | F48: =SUM(D48:E48) -> 0 | I48: =SUM(G48:H48) -> 0 | L48: =SUM(J48:K48) -> 0 | M48: 11 | N48: 34 | O48: =SUM(M48:N48) -> 45 | P48: 0 | Q48: 1 | R48: =SUM(P48:Q48) -> 1 | S48: 13 | T48: 32 | U48: =SUM(S48:T48) -> 45
B49: b. | C49: KIA / KB | F49: =SUM(D49:E49) -> 0 | I49: =SUM(G49:H49) -> 0 | L49: =SUM(J49:K49) -> 0 | M49: 0 | N49: 13 | O49: =SUM(M49:N49) -> 13 | P49: 0 | Q49: 6 | R49: =SUM(P49:Q49) -> 6 | T49: 17 | U49: =SUM(S49:T49) -> 17
B50: c. | C50: Rawat inap | F50: =SUM(D50:E50) -> 0 | I50: =SUM(G50:H50) -> 0 | L50: =SUM(J50:K50) -> 0 | M50: 2 | N50: 1 | O50: =SUM(M50:N50) -> 3 | P50: 0 | Q50: 3 | R50: =SUM(P50:Q50) -> 3 | U50: =SUM(S50:T50) -> 0
B51: d. | C51: Unit gawat darurat | F51: =SUM(D51:E51) -> 0 | I51: =SUM(G51:H51) -> 0 | L51: =SUM(J51:K51) -> 0 | M51: 2 | N51: 6 | O51: =SUM(M51:N51) -> 8 | P51: 0 | Q51: 0 | R51: =SUM(P51:Q51) -> 0 | T51: 1 | U51: =SUM(S51:T51) -> 1
B52: e. | C52: MTBS | F52: =SUM(D52:E52) -> 0 | I52: =SUM(G52:H52) -> 0 | L52: =SUM(J52:K52) -> 0 | M52: 5 | N52: 13 | O52: =SUM(M52:N52) -> 18 | P52: 0 | Q52: 0 | R52: =SUM(P52:Q52) -> 0 | U52: =SUM(S52:T52) -> 0
B53: f. | C53: Poli Gigi | F53: =SUM(D53:E53) -> 0 | I53: =SUM(G53:H53) -> 0 | L53: =SUM(J53:K53) -> 0 | M53: 0 | N53: 0 | O53: =SUM(M53:N53) -> 0 | P53: 0 | Q53: 0 | R53: =SUM(P53:Q53) -> 0 | U53: =SUM(S53:T53) -> 0
B54: g. | C54: PONED | F54: =SUM(D54:E54) -> 0 | I54: =SUM(G54:H54) -> 0 | L54: =SUM(J54:K54) -> 0 | M54: 0 | N54: 0 | O54: =SUM(M54:N54) -> 0 | P54: 0 | Q54: 0 | R54: =SUM(P54:Q54) -> 0 | U54: =SUM(S54:T54) -> 0
B55: h. | C55: Pustu | F55: =SUM(D55:E55) -> 0 | I55: =SUM(G55:H55) -> 0 | L55: =SUM(J55:K55) -> 0 | O55: =SUM(M55:N55) -> 0 | P55: 0 | Q55: 0 | R55: =SUM(P55:Q55) -> 0 | U55: =SUM(S55:T55) -> 0
A56: 3 | B56: Jumlah Pemeriksaan Laboratorium | D56: =SUM(D57:D79) -> 0 | E56: =SUM(E57:E79) -> 0 | F56: =SUM(F57:F79) -> 0 | G56: =SUM(G57:G79) -> 0 | H56: =SUM(H57:H79) -> 0 | I56: =SUM(I57:I79) -> 0 | J56: =SUM(J57:J79) -> 0 | K56: =SUM(K57:K79) -> 0 | ... U56: =SUM(U57:U79) -> 165
B57: a. | C57: Golongan darah | F57: =SUM(D57:E57) -> 0 | I57: =SUM(G57:H57) -> 0 | L57: =SUM(J57:K57) -> 0 | M57: 0 | N57: 13 | O57: =SUM(M57:N57) -> 13 | P57: 0 | Q57: 0 | R57: =SUM(P57:Q57) -> 0 | T57: 2 | U57: =SUM(S57:T57) -> 2
B58: b. | C58: Hb | F58: =SUM(D58:E58) -> 0 | I58: =SUM(G58:H58) -> 0 | L58: =SUM(J58:K58) -> 0 | M58: 10 | N58: 18 | O58: =SUM(M58:N58) -> 28 | P58: 0 | Q58: 9 | R58: =SUM(P58:Q58) -> 9 | T58: 19 | U58: =SUM(S58:T58) -> 19
B59: c. | C59: Leukosit | F59: =SUM(D59:E59) -> 0 | I59: =SUM(G59:H59) -> 0 | L59: =SUM(J59:K59) -> 0 | M59: 0 | N59: 0 | O59: =SUM(M59:N59) -> 0 | P59: 0 | Q59: 0 | R59: =SUM(P59:Q59) -> 0 | T59: 1 | U59: =SUM(S59:T59) -> 1
B60: d. | C60: Eritrosit | F60: =SUM(D60:E60) -> 0 | I60: =SUM(G60:H60) -> 0 | L60: =SUM(J60:K60) -> 0 | M60: 0 | N60: 0 | O60: =SUM(M60:N60) -> 0 | P60: 0 | Q60: 0 | R60: =SUM(P60:Q60) -> 0 | T60: 1 | U60: =SUM(S60:T60) -> 1
B61: e. | C61: HCT | F61: =SUM(D61:E61) -> 0 | I61: =SUM(G61:H61) -> 0 | L61: =SUM(J61:K61) -> 0 | M61: 0 | N61: 0 | O61: =SUM(M61:N61) -> 0 | P61: 0 | Q61: 0 | R61: =SUM(P61:Q61) -> 0 | T61: 2 | U61: =SUM(S61:T61) -> 2
B62: f. | C62: Glukosa Post pandiel ( 2 jam PP ) | F62: =SUM(D62:E62) -> 0 | I62: =SUM(G62:H62) -> 0 | L62: =SUM(J62:K62) -> 0 | M62: 0 | N62: 0 | O62: =SUM(M62:N62) -> 0 | P62: 0 | Q62: 0 | R62: =SUM(P62:Q62) -> 0 | U62: =SUM(S62:T62) -> 0
B63: g. | C63: Gulukosa Urine | F63: =SUM(D63:E63) -> 0 | I63: =SUM(G63:H63) -> 0 | L63: =SUM(J63:K63) -> 0 | M63: 0 | N63: 0 | O63: =SUM(M63:N63) -> 0 | P63: 0 | Q63: 4 | R63: =SUM(P63:Q63) -> 4 | U63: =SUM(S63:T63) -> 0
B64: h. | C64: Asam Urat | F64: =SUM(D64:E64) -> 0 | I64: =SUM(G64:H64) -> 0 | L64: =SUM(J64:K64) -> 0 | M64: 17 | N64: 40 | O64: =SUM(M64:N64) -> 57 | P64: 0 | Q64: 0 | R64: =SUM(P64:Q64) -> 0 | S64: 8 | T64: 23 | U64: =SUM(S64:T64) -> 31
B65: i. | C65: Gula darah sewaktu | F65: =SUM(D65:E65) -> 0 | I65: =SUM(G65:H65) -> 0 | L65: =SUM(J65:K65) -> 0 | M65: 12 | N65: 22 | O65: =SUM(M65:N65) -> 34 | P65: 0 | Q65: 5 | R65: =SUM(P65:Q65) -> 5 | S65: 8 | T65: 21 | U65: =SUM(S65:T65) -> 29
B66: j. | C66: Gula darah puasa | F66: =SUM(D66:E66) -> 0 | I66: =SUM(G66:H66) -> 0 | L66: =SUM(J66:K66) -> 0 | M66: 11 | N66: 22 | O66: =SUM(M66:N66) -> 33 | P66: 0 | Q66: 1 | R66: =SUM(P66:Q66) -> 1 | S66: 1 | T66: 5 | U66: =SUM(S66:T66) -> 6
B67: k. | C67: Urin Acid | F67: =SUM(D67:E67) -> 0 | I67: =SUM(G67:H67) -> 0 | L67: =SUM(J67:K67) -> 0 | M67: 0 | N67: 0 | O67: =SUM(M67:N67) -> 0 | P67: 0 | Q67: 0 | R67: =SUM(P67:Q67) -> 0 | U67: =SUM(S67:T67) -> 0
B68: l. | C68: Cholestrol | F68: =SUM(D68:E68) -> 0 | I68: =SUM(G68:H68) -> 0 | L68: =SUM(J68:K68) -> 0 | M68: 10 | N68: 21 | O68: =SUM(M68:N68) -> 31 | P68: 0 | Q68: 0 | R68: =SUM(P68:Q68) -> 0 | S68: 6 | T68: 23 | U68: =SUM(S68:T68) -> 29
B69: m. | C69: Protein Urine | F69: =SUM(D69:E69) -> 0 | I69: =SUM(G69:H69) -> 0 | L69: =SUM(J69:K69) -> 0 | M69: 0 | N69: 3 | O69: =SUM(M69:N69) -> 3 | P69: 0 | Q69: 5 | R69: =SUM(P69:Q69) -> 5 | T69: 7 | U69: =SUM(S69:T69) -> 7
B70: n. | C70: HIV | F70: =SUM(D70:E70) -> 0 | I70: =SUM(G70:H70) -> 0 | L70: =SUM(J70:K70) -> 0 | M70: 0 | N70: 13 | O70: =SUM(M70:N70) -> 13 | P70: 0 | Q70: 5 | R70: =SUM(P70:Q70) -> 5 | T70: 8 | U70: =SUM(S70:T70) -> 8
B71: o. | C71: SYPHILIS | F71: =SUM(D71:E71) -> 0 | I71: =SUM(G71:H71) -> 0 | L71: =SUM(J71:K71) -> 0 | M71: 0 | N71: 13 | O71: =SUM(M71:N71) -> 13 | P71: 0 | Q71: 5 | R71: =SUM(P71:Q71) -> 5 | T71: 8 | U71: =SUM(S71:T71) -> 8
B72: p. | C72: HBSAg | F72: =SUM(D72:E72) -> 0 | I72: =SUM(G72:H72) -> 0 | L72: =SUM(J72:K72) -> 0 | M72: 0 | N72: 13 | O72: =SUM(M72:N72) -> 13 | P72: 0 | Q72: 0 | R72: =SUM(P72:Q72) -> 0 | T72: 8 | U72: =SUM(S72:T72) -> 8
B73: q. | C73: Malaria P.V (Jika positip isi jenis plasmodiumnya) | F73: =SUM(D73:E73) -> 0 | I73: =SUM(G73:H73) -> 0 | L73: =SUM(J73:K73) -> 0 | M73: 2 | N73: 9 | O73: =SUM(M73:N73) -> 11 | P73: 0 | Q73: 5 | R73: =SUM(P73:Q73) -> 5 | S73: 1 | T73: 8 | U73: =SUM(S73:T73) -> 9
B74: r. | C74: Widal | F74: =SUM(D74:E74) -> 0 | I74: =SUM(G74:H74) -> 0 | L74: =SUM(J74:K74) -> 0 | M74: 0 | N74: 0 | O74: =SUM(M74:N74) -> 0 | P74: 0 | Q74: 0 | R74: =SUM(P74:Q74) -> 0 | U74: =SUM(S74:T74) -> 0
B75: s. | C75: Sputum BTA | F75: =SUM(D75:E75) -> 0 | I75: =SUM(G75:H75) -> 0 | L75: =SUM(J75:K75) -> 0 | M75: 0 | N75: 0 | O75: =SUM(M75:N75) -> 0 | R75: =SUM(P75:Q75) -> 0 | U75: =SUM(S75:T75) -> 0
B76: t. | C76: Test Kehamilan | F76: =SUM(D76:E76) -> 0 | I76: =SUM(G76:H76) -> 0 | L76: =SUM(J76:K76) -> 0 | M76: 0 | N76: 11 | O76: =SUM(M76:N76) -> 11 | P76: 0 | Q76: 0 | R76: =SUM(P76:Q76) -> 0 | T76: 5 | U76: =SUM(S76:T76) -> 5
B77: u. | C77: Tinja | F77: =SUM(D77:E77) -> 0 | I77: =SUM(G77:H77) -> 0 | L77: =SUM(J77:K77) -> 0 | M77: 0 | N77: 0 | O77: =SUM(M77:N77) -> 0 | P77: 0 | Q77: 0 | R77: =SUM(P77:Q77) -> 0 | U77: =SUM(S77:T77) -> 0
B78: v. | C78: Urine Lengkap | F78: =SUM(D78:E78) -> 0 | I78: =SUM(G78:H78) -> 0 | L78: =SUM(J78:K78) -> 0 | M78: 0 | N78: 1 | O78: =SUM(M78:N78) -> 1 | P78: 0 | Q78: 0 | R78: =SUM(P78:Q78) -> 0 | U78: =SUM(S78:T78) -> 0
B79: w. | C79: Urine Sedimen | F79: =SUM(D79:E79) -> 0 | I79: =SUM(G79:H79) -> 0 | L79: =SUM(J79:K79) -> 0 | M79: 0 | N79: 0 | O79: =SUM(M79:N79) -> 0 | P79: 0 | Q79: 0 | R79: =SUM(P79:Q79) -> 0 | U79: =SUM(S79:T79) -> 0

Sheet MARET
A2: LAPORAN LABORATORIUM
A3: DI PUSKESMAS KABUPATEN ROTE NDAO
A4: MARET 2026
A6: No. | B6: ELEMEN DATA | D6: BAA | G6: BATUTUA | J6: BUSALANGGA | M6: DELHA | P6: EAHUN | S6: FEAPOPI
D7: L | E7: P | F7: TOTAL | G7: L | H7: P | I7: TOTAL | J7: L | K7: P | L7: TOTAL | M7: L | N7: P | O7: TOTAL | P7: L | Q7: P | R7: TOTAL | S7: L | T7: P | U7: TOTAL
A8: 1 | B8: Total Kunjungan Laboratorium | D8: =D9+D18 -> 631 | E8: =E9+E18 -> 1615 | F8: =F9+F18 -> 2246 | G8: =G9+G18 -> 211 | H8: =H9+H18 -> 806 | I8: =I9+I18 -> 1017 | J8: =J9+J18 -> 242 | K8: =K9+K18 -> 826 | ... U8: =U9+U18 -> 267
A9: 2 | B9: Peminta Tes Laboratorium | D9: =SUM(D10:D17) -> 76 | E9: =SUM(E10:E17) -> 230 | F9: =SUM(F10:F17) -> 306 | G9: =SUM(G10:G17) -> 59 | H9: =SUM(H10:H17) -> 156 | I9: =SUM(I10:I17) -> 215 | J9: =SUM(J10:J17) -> 121 | K9: =SUM(K10:K17) -> 413 | ... U9: =SUM(U10:U17) -> 81
B10: a. | C10: Poli umum | D10: 55 | E10: 121 | F10: =SUM(D10:E10) -> 176 | G10: 40 | H10: 80 | I10: =SUM(G10:H10) -> 120 | J10: 121 | K10: 300 | L10: =SUM(J10:K10) -> 421 | M10: 27 | N10: 94 | O10: =SUM(M10:N10) -> 121 | P10: 85 | Q10: 142 | R10: =SUM(P10:Q10) -> 227 | S10: 20 | T10: 40 | U10: =SUM(S10:T10) -> 60
B11: b. | C11: KIA / KB | D11: 7 | E11: 74 | F11: =SUM(D11:E11) -> 81 | G11: 0 | H11: 63 | I11: =SUM(G11:H11) -> 63 | J11: 0 | K11: 107 | L11: =SUM(J11:K11) -> 107 | M11: 0 | N11: 34 | O11: =SUM(M11:N11) -> 34 | P11: 0 | Q11: 36 | R11: =SUM(P11:Q11) -> 36 | S11: 0 | T11: 20 | U11: =SUM(S11:T11) -> 20
B12: c. | C12: Rawat inap | D12: 0 | E12: 0 | F12: =SUM(D12:E12) -> 0 | G12: 0 | H12: 0 | I12: =SUM(G12:H12) -> 0 | L12: =SUM(J12:K12) -> 0 | M12: 0 | N12: 0 | O12: =SUM(M12:N12) -> 0 | P12: 0 | Q12: 0 | R12: =SUM(P12:Q12) -> 0 | S12: 0 | T12: 0 | U12: =SUM(S12:T12) -> 0
B13: d. | C13: Unit gawat darurat | D13: 0 | E13: 0 | F13: =SUM(D13:E13) -> 0 | G13: 1 | H13: 3 | I13: =SUM(G13:H13) -> 4 | L13: =SUM(J13:K13) -> 0 | M13: 5 | N13: 2 | O13: =SUM(M13:N13) -> 7 | P13: 2 | Q13: 2 | R13: =SUM(P13:Q13) -> 4 | S13: 0 | T13: 0 | U13: =SUM(S13:T13) -> 0
B14: e. | C14: MTBS | D14: 0 | E14: 0 | F14: =SUM(D14:E14) -> 0 | G14: 4 | H14: 1 | I14: =SUM(G14:H14) -> 5 | J14: 0 | K14: 3 | L14: =SUM(J14:K14) -> 3 | M14: 1 | N14: 2 | O14: =SUM(M14:N14) -> 3 | P14: 0 | Q14: 0 | R14: =SUM(P14:Q14) -> 0 | S14: 1 | T14: 0 | U14: =SUM(S14:T14) -> 1
B15: f. | C15: Poli Gigi | D15: 3 | E15: 2 | F15: =SUM(D15:E15) -> 5 | G15: 14 | H15: 4 | I15: =SUM(G15:H15) -> 18 | L15: =SUM(J15:K15) -> 0 | M15: 0 | N15: 0 | O15: =SUM(M15:N15) -> 0 | P15: 3 | Q15: 2 | R15: =SUM(P15:Q15) -> 5 | S15: 0 | T15: 0 | U15: =SUM(S15:T15) -> 0
B16: g. | C16: PONED | D16: 0 | E16: 0 | F16: =SUM(D16:E16) -> 0 | G16: 0 | H16: 5 | I16: =SUM(G16:H16) -> 5 | J16: 0 | K16: 3 | L16: =SUM(J16:K16) -> 3 | M16: 0 | N16: 34 | O16: =SUM(M16:N16) -> 34 | P16: 0 | Q16: 2 | R16: =SUM(P16:Q16) -> 2 | S16: 0 | T16: 0 | U16: =SUM(S16:T16) -> 0
B17: h. | C17: Pustu | D17: 11 | E17: 33 | F17: =SUM(D17:E17) -> 44 | G17: 0 | H17: 0 | I17: =SUM(G17:H17) -> 0 | L17: =SUM(J17:K17) -> 0 | M17: 10 | N17: 25 | O17: =SUM(M17:N17) -> 35 | P17: 0 | Q17: 0 | R17: =SUM(P17:Q17) -> 0 | S17: 0 | T17: 0 | U17: =SUM(S17:T17) -> 0
A18: 3 | B18: Jumlah Pemeriksaan Laboratorium | D18: =SUM(D19:D41) -> 555 | E18: =SUM(E19:E41) -> 1385 | F18: =SUM(F19:F41) -> 1940 | G18: =SUM(G19:G41) -> 152 | H18: =SUM(H19:H41) -> 650 | I18: =SUM(I19:I41) -> 802 | J18: =SUM(J19:J41) -> 121 | K18: =SUM(K19:K41) -> 413 | ... U18: =SUM(U19:U41) -> 186
B19: a. | C19: Golongan darah | D19: 5 | E19: 27 | F19: =SUM(D19:E19) -> 32 | G19: 1 | H19: 33 | I19: =SUM(G19:H19) -> 34 | J19: 5 | K19: 11 | L19: =SUM(J19:K19) -> 16 | M19: 3 | N19: 1 | O19: =SUM(M19:N19) -> 4 | P19: 2 | Q19: 17 | R19: =SUM(P19:Q19) -> 19 | S19: 0 | T19: 10 | U19: =SUM(S19:T19) -> 10
B20: b. | C20: Hb | D20: 11 | E20: 123 | F20: =SUM(D20:E20) -> 134 | G20: 0 | H20: 65 | I20: =SUM(G20:H20) -> 65 | J20: 5 | K20: 32 | L20: =SUM(J20:K20) -> 37 | M20: 2 | N20: 61 | O20: =SUM(M20:N20) -> 63 | P20: 10 | Q20: 34 | R20: =SUM(P20:Q20) -> 44 | S20: 0 | T20: 23 | U20: =SUM(S20:T20) -> 23
B21: c. | C21: Leukosit | D21: 5 | E21: 8 | F21: =SUM(D21:E21) -> 13 | G21: 0 | H21: 0 | I21: =SUM(G21:H21) -> 0 | L21: =SUM(J21:K21) -> 0 | M21: 0 | N21: 0 | O21: =SUM(M21:N21) -> 0 | P21: 5 | Q21: 1 | R21: =SUM(P21:Q21) -> 6 | S21: 0 | T21: 0 | U21: =SUM(S21:T21) -> 0
B22: d. | C22: Eritrosit | D22: 5 | E22: 8 | F22: =SUM(D22:E22) -> 13 | G22: 0 | H22: 0 | I22: =SUM(G22:H22) -> 0 | L22: =SUM(J22:K22) -> 0 | M22: 0 | N22: 0 | O22: =SUM(M22:N22) -> 0 | P22: 5 | Q22: 1 | R22: =SUM(P22:Q22) -> 6 | S22: 0 | T22: 0 | U22: =SUM(S22:T22) -> 0
B23: e. | C23: Trombosit | F23: =SUM(D23:E23) -> 0 | G23: 0 | H23: 0 | I23: =SUM(G23:H23) -> 0 | L23: =SUM(J23:K23) -> 0 | M23: 0 | N23: 0 | O23: =SUM(M23:N23) -> 0 | P23: 5 | Q23: 1 | R23: =SUM(P23:Q23) -> 6 | S23: 0 | T23: 0 | U23: =SUM(S23:T23) -> 0
B24: f. | C24: Glukosa Post pandiel ( 2 jam PP ) | F24: =SUM(D24:E24) -> 0 | G24: 0 | H24: 0 | I24: =SUM(G24:H24) -> 0 | L24: =SUM(J24:K24) -> 0 | M24: 0 | N24: 0 | O24: =SUM(M24:N24) -> 0 | P24: 0 | Q24: 0 | R24: =SUM(P24:Q24) -> 0 | S24: 0 | T24: 0 | U24: =SUM(S24:T24) -> 0
B25: g. | C25: Gulukosa Urine | D25: 5 | E25: 14 | F25: =SUM(D25:E25) -> 19 | G25: 0 | H25: 36 | I25: =SUM(G25:H25) -> 36 | L25: =SUM(J25:K25) -> 0 | M25: 0 | N25: 0 | O25: =SUM(M25:N25) -> 0 | P25: 0 | Q25: 0 | R25: =SUM(P25:Q25) -> 0 | S25: 0 | T25: 0 | U25: =SUM(S25:T25) -> 0
B26: h. | C26: Asam Urat | D26: 106 | E26: 243 | F26: =SUM(D26:E26) -> 349 | G26: 34 | H26: 63 | I26: =SUM(G26:H26) -> 97 | J26: 22 | K26: 83 | L26: =SUM(J26:K26) -> 105 | M26: 28 | N26: 75 | O26: =SUM(M26:N26) -> 103 | P26: 6 | Q26: 9 | R26: =SUM(P26:Q26) -> 15 | S26: 13 | T26: =23-S26 -> 10 | U26: =SUM(S26:T26) -> 23
B27: i. | C27: Gula darah sewaktu | D27: 239 | E27: 428 | F27: =SUM(D27:E27) -> 667 | G27: 50 | H27: 140 | I27: =SUM(G27:H27) -> 190 | J27: 43 | K27: 97 | L27: =SUM(J27:K27) -> 140 | M27: 46 | N27: 134 | O27: =SUM(M27:N27) -> 180 | P27: 71 | Q27: 124 | R27: =SUM(P27:Q27) -> 195 | S27: =19-T27 -> 10 | T27: 9 | U27: =SUM(S27:T27) -> 19
B28: j. | C28: Gula darah puasa | D28: 42 | E28: 99 | F28: =SUM(D28:E28) -> 141 | G28: 31 | H28: 59 | I28: =SUM(G28:H28) -> 90 | J28: 13 | K28: 36 | L28: =SUM(J28:K28) -> 49 | M28: 0 | N28: 2 | O28: =SUM(M28:N28) -> 2 | P28: 14 | Q28: 55 | R28: =SUM(P28:Q28) -> 69 | S28: 9 | T28: 7 | U28: =SUM(S28:T28) -> 16
B29: k. | C29: Urin Acid | F29: =SUM(D29:E29) -> 0 | G29: 0 | H29: 0 | I29: =SUM(G29:H29) -> 0 | L29: =SUM(J29:K29) -> 0 | M29: 0 | N29: 0 | O29: =SUM(M29:N29) -> 0 | P29: 0 | Q29: 0 | R29: =SUM(P29:Q29) -> 0 | S29: 0 | T29: 0 | U29: =SUM(S29:T29) -> 0
B30: l. | C30: Cholestrol | D30: 81 | E30: 216 | F30: =SUM(D30:E30) -> 297 | G30: 30 | H30: 68 | I30: =SUM(G30:H30) -> 98 | J30: 30 | K30: 79 | L30: =SUM(J30:K30) -> 109 | M30: 15 | N30: 48 | O30: =SUM(M30:N30) -> 63 | P30: 17 | Q30: 49 | R30: =SUM(P30:Q30) -> 66 | S30: 21 | T30: =42-S30 -> 21 | U30: =SUM(S30:T30) -> 42
B31: m. | C31: Protein Urine | D31: 7 | E31: 19 | F31: =SUM(D31:E31) -> 26 | G31: 0 | H31: 36 | I31: =SUM(G31:H31) -> 36 | L31: =SUM(J31:K31) -> 0 | M31: 0 | N31: 0 | O31: =SUM(M31:N31) -> 0 | P31: 1 | Q31: 28 | R31: =SUM(P31:Q31) -> 29 | S31: 0 | T31: 10 | U31: =SUM(S31:T31) -> 10
B32: n. | C32: HIV | D32: 3 | E32: 33 | F32: =SUM(D32:E32) -> 36 | G32: 0 | H32: 45 | I32: =SUM(G32:H32) -> 45 | J32: 1 | K32: 15 | L32: =SUM(J32:K32) -> 16 | M32: 1 | N32: 4 | O32: =SUM(M32:N32) -> 5 | P32: 51 | Q32: 88 | R32: =SUM(P32:Q32) -> 139 | S32: 0 | T32: 10 | U32: =SUM(S32:T32) -> 10
B33: o. | C33: SYPHILIS | D33: 3 | E33: 33 | F33: =SUM(D33:E33) -> 36 | G33: 0 | H33: 44 | I33: =SUM(G33:H33) -> 44 | J33: 0 | K33: 14 | L33: =SUM(J33:K33) -> 14 | M33: 1 | N33: 4 | O33: =SUM(M33:N33) -> 5 | P33: 51 | Q33: 88 | R33: =SUM(P33:Q33) -> 139 | S33: 0 | T33: 10 | U33: =SUM(S33:T33) -> 10
B34: p. | C34: HBSAg | D34: 40 | E34: 69 | F34: =SUM(D34:E34) -> 109 | G34: 0 | H34: 43 | I34: =SUM(G34:H34) -> 43 | J34: 2 | K34: 16 | L34: =SUM(J34:K34) -> 18 | M34: 1 | N34: 4 | O34: =SUM(M34:N34) -> 5 | P34: 51 | Q34: 90 | R34: =SUM(P34:Q34) -> 141 | S34: 0 | T34: 11 | U34: =SUM(S34:T34) -> 11
B35: q. | C35: Malaria P.V (Jika positip isi jenis plasmodiumnya) | D35: 3 | E35: 28 | F35: =SUM(D35:E35) -> 31 | G35: 0 | H35: 0 | I35: =SUM(G35:H35) -> 0 | L35: =SUM(J35:K35) -> 0 | M35: 0 | N35: 6 | O35: =SUM(M35:N35) -> 6 | P35: 3 | Q35: 20 | R35: =SUM(P35:Q35) -> 23 | S35: 2 | T35: 7 | U35: =SUM(S35:T35) -> 9
B36: r. | C36: Widal | F36: =SUM(D36:E36) -> 0 | G36: 0 | H36: 0 | I36: =SUM(G36:H36) -> 0 | L36: =SUM(J36:K36) -> 0 | M36: 0 | N36: 0 | O36: =SUM(M36:N36) -> 0 | P36: 0 | Q36: 0 | R36: =SUM(P36:Q36) -> 0 | S36: 0 | T36: 0 | U36: =SUM(S36:T36) -> 0
B37: s. | C37: Sputum BTA | F37: =SUM(D37:E37) -> 0 | G37: 4 | H37: 3 | I37: =SUM(G37:H37) -> 7 | L37: =SUM(J37:K37) -> 0 | M37: 3 | N37: 1 | O37: =SUM(M37:N37) -> 4 | P37: 0 | Q37: 0 | R37: =SUM(P37:Q37) -> 0 | S37: 0 | T37: 0 | U37: =SUM(S37:T37) -> 0
B38: t. | C38: Test Kehamilan | E38: 37 | F38: =SUM(D38:E38) -> 37 | G38: 0 | H38: 11 | I38: =SUM(G38:H38) -> 11 | J38: 0 | K38: 29 | L38: =SUM(J38:K38) -> 29 | M38: 0 | N38: 3 | O38: =SUM(M38:N38) -> 3 | P38: 0 | Q38: 17 | R38: =SUM(P38:Q38) -> 17 | S38: 0 | T38: 3 | U38: =SUM(S38:T38) -> 3
B39: u. | C39: Tinja | F39: =SUM(D39:E39) -> 0 | G39: 0 | H39: 0 | I39: =SUM(G39:H39) -> 0 | L39: =SUM(J39:K39) -> 0 | M39: 0 | N39: 0 | O39: =SUM(M39:N39) -> 0 | P39: 0 | Q39: 0 | R39: =SUM(P39:Q39) -> 0 | S39: 0 | T39: 0 | U39: =SUM(S39:T39) -> 0
B40: v. | C40: Urine Lengkap | F40: =SUM(D40:E40) -> 0 | G40: 2 | H40: 4 | I40: =SUM(G40:H40) -> 6 | J40: 0 | K40: 1 | L40: =SUM(J40:K40) -> 1 | M40: 1 | N40: 20 | O40: =SUM(M40:N40) -> 21 | P40: 2 | Q40: 1 | R40: =SUM(P40:Q40) -> 3 | S40: 0 | T40: 0 | U40: =SUM(S40:T40) -> 0
B41: w. | C41: Urine Sedimen | F41: =SUM(D41:E41) -> 0 | G41: 0 | H41: 0 | I41: =SUM(G41:H41) -> 0 | L41: =SUM(J41:K41) -> 0 | M41: 0 | N41: 0 | O41: =SUM(M41:N41) -> 0 | P41: 0 | Q41: 0 | R41: =SUM(P41:Q41) -> 0 | S41: 0 | T41: 0 | U41: =SUM(S41:T41) -> 0
A44: No. | B44: ELEMEN DATA | D44: KORBAFO | G44: NDAO | J44: OELABA | M44: OELE | P44: SONIMANU | S44: SOTIMORI
D45: L | E45: P | F45: TOTAL | G45: L | H45: P | I45: TOTAL | J45: L | K45: P | L45: TOTAL | M45: L | N45: P | O45: TOTAL | P45: L | Q45: P | R45: TOTAL | S45: L | T45: P | U45: TOTAL
A46: 1 | B46: Total Kunjungan Laboratorium | D46: =D47+D56 -> 0 | E46: =E47+E56 -> 0 | F46: =F47+F56 -> 0 | G46: =G47+G56 -> 0 | H46: =H47+H56 -> 0 | I46: =I47+I56 -> 0 | J46: =J47+J56 -> 0 | K46: =K47+K56 -> 0 | ... U46: =U47+U56 -> 268
A47: 2 | B47: Peminta Tes Laboratorium | D47: =SUM(D48:D55) -> 0 | E47: =SUM(E48:E55) -> 0 | F47: =SUM(F48:F55) -> 0 | G47: =SUM(G48:G55) -> 0 | H47: =SUM(H48:H55) -> 0 | I47: =SUM(I48:I55) -> 0 | J47: =SUM(J48:J55) -> 0 | K47: =SUM(K48:K55) -> 0 | ... U47: =SUM(U48:U55) -> 73
B48: a. | C48: Poli umum | F48: =SUM(D48:E48) -> 0 | I48: =SUM(G48:H48) -> 0 | L48: =SUM(J48:K48) -> 0 | M48: 24 | N48: 46 | O48: =SUM(M48:N48) -> 70 | P48: 2 | Q48: 6 | R48: =SUM(P48:Q48) -> 8 | S48: 18 | T48: 31 | U48: =SUM(S48:T48) -> 49
B49: b. | C49: KIA / KB | F49: =SUM(D49:E49) -> 0 | I49: =SUM(G49:H49) -> 0 | L49: =SUM(J49:K49) -> 0 | M49: 0 | N49: 6 | O49: =SUM(M49:N49) -> 6 | P49: 0 | Q49: 2 | R49: =SUM(P49:Q49) -> 2 | S49: 2 | T49: 18 | U49: =SUM(S49:T49) -> 20
B50: c. | C50: Rawat inap | F50: =SUM(D50:E50) -> 0 | I50: =SUM(G50:H50) -> 0 | L50: =SUM(J50:K50) -> 0 | M50: 1 | N50: 0 | O50: =SUM(M50:N50) -> 1 | P50: 0 | Q50: 2 | R50: =SUM(P50:Q50) -> 2 | T50: 1 | U50: =SUM(S50:T50) -> 1
B51: d. | C51: Unit gawat darurat | F51: =SUM(D51:E51) -> 0 | I51: =SUM(G51:H51) -> 0 | L51: =SUM(J51:K51) -> 0 | M51: 3 | N51: 1 | O51: =SUM(M51:N51) -> 4 | P51: 0 | Q51: 2 | R51: =SUM(P51:Q51) -> 2 | S51: 1 | T51: 2 | U51: =SUM(S51:T51) -> 3
B52: e. | C52: MTBS | F52: =SUM(D52:E52) -> 0 | I52: =SUM(G52:H52) -> 0 | L52: =SUM(J52:K52) -> 0 | M52: 6 | N52: 4 | O52: =SUM(M52:N52) -> 10 | P52: 0 | Q52: 0 | R52: =SUM(P52:Q52) -> 0 | U52: =SUM(S52:T52) -> 0
B53: f. | C53: Poli Gigi | F53: =SUM(D53:E53) -> 0 | I53: =SUM(G53:H53) -> 0 | L53: =SUM(J53:K53) -> 0 | M53: 0 | N53: 0 | O53: =SUM(M53:N53) -> 0 | P53: 0 | Q53: 0 | R53: =SUM(P53:Q53) -> 0 | U53: =SUM(S53:T53) -> 0
B54: g. | C54: PONED | F54: =SUM(D54:E54) -> 0 | I54: =SUM(G54:H54) -> 0 | L54: =SUM(J54:K54) -> 0 | M54: 0 | N54: 0 | O54: =SUM(M54:N54) -> 0 | P54: 0 | Q54: 0 | R54: =SUM(P54:Q54) -> 0 | U54: =SUM(S54:T54) -> 0
B55: h. | C55: Pustu | F55: =SUM(D55:E55) -> 0 | I55: =SUM(G55:H55) -> 0 | L55: =SUM(J55:K55) -> 0 | M55: 0 | N55: 0 | O55: =SUM(M55:N55) -> 0 | P55: 0 | Q55: 0 | R55: =SUM(P55:Q55) -> 0 | U55: =SUM(S55:T55) -> 0
A56: 3 | B56: Jumlah Pemeriksaan Laboratorium | D56: =SUM(D57:D79) -> 0 | E56: =SUM(E57:E79) -> 0 | F56: =SUM(F57:F79) -> 0 | G56: =SUM(G57:G79) -> 0 | H56: =SUM(H57:H79) -> 0 | I56: =SUM(I57:I79) -> 0 | J56: =SUM(J57:J79) -> 0 | K56: =SUM(K57:K79) -> 0 | ... U56: =SUM(U57:U79) -> 195
B57: a. | C57: Golongan darah | F57: =SUM(D57:E57) -> 0 | I57: =SUM(G57:H57) -> 0 | L57: =SUM(J57:K57) -> 0 | M57: 1 | N57: 5 | O57: =SUM(M57:N57) -> 6 | P57: 0 | Q57: 0 | R57: =SUM(P57:Q57) -> 0 | S57: 5 | T57: 13 | U57: =SUM(S57:T57) -> 18
B58: b. | C58: Hb | F58: =SUM(D58:E58) -> 0 | I58: =SUM(G58:H58) -> 0 | L58: =SUM(J58:K58) -> 0 | M58: 11 | N58: 15 | O58: =SUM(M58:N58) -> 26 | P58: 0 | Q58: 11 | R58: =SUM(P58:Q58) -> 11 | S58: 4 | T58: 22 | U58: =SUM(S58:T58) -> 26
B59: c. | C59: Leukosit | F59: =SUM(D59:E59) -> 0 | I59: =SUM(G59:H59) -> 0 | L59: =SUM(J59:K59) -> 0 | M59: 0 | N59: 0 | O59: =SUM(M59:N59) -> 0 | P59: 0 | Q59: 0 | R59: =SUM(P59:Q59) -> 0 | U59: =SUM(S59:T59) -> 0
B60: d. | C60: Eritrosit | F60: =SUM(D60:E60) -> 0 | I60: =SUM(G60:H60) -> 0 | L60: =SUM(J60:K60) -> 0 | M60: 0 | N60: 0 | O60: =SUM(M60:N60) -> 0 | P60: 0 | Q60: 0 | R60: =SUM(P60:Q60) -> 0 | U60: =SUM(S60:T60) -> 0
B61: e. | C61: HCT | F61: =SUM(D61:E61) -> 0 | I61: =SUM(G61:H61) -> 0 | L61: =SUM(J61:K61) -> 0 | M61: 0 | N61: 0 | O61: =SUM(M61:N61) -> 0 | P61: 0 | Q61: 4 | R61: =SUM(P61:Q61) -> 4 | S61: 2 | T61: 17 | U61: =SUM(S61:T61) -> 19
B62: f. | C62: Glukosa Post pandiel ( 2 jam PP ) | F62: =SUM(D62:E62) -> 0 | I62: =SUM(G62:H62) -> 0 | L62: =SUM(J62:K62) -> 0 | M62: 1 | N62: 1 | O62: =SUM(M62:N62) -> 2 | P62: 0 | Q62: 0 | R62: =SUM(P62:Q62) -> 0 | U62: =SUM(S62:T62) -> 0
B63: g. | C63: Gulukosa Urine | F63: =SUM(D63:E63) -> 0 | I63: =SUM(G63:H63) -> 0 | L63: =SUM(J63:K63) -> 0 | M63: 0 | N63: 0 | O63: =SUM(M63:N63) -> 0 | P63: 0 | Q63: 1 | R63: =SUM(P63:Q63) -> 1 | U63: =SUM(S63:T63) -> 0
B64: h. | C64: Asam Urat | F64: =SUM(D64:E64) -> 0 | I64: =SUM(G64:H64) -> 0 | L64: =SUM(J64:K64) -> 0 | M64: 24 | N64: 36 | O64: =SUM(M64:N64) -> 60 | P64: 1 | Q64: 1 | R64: =SUM(P64:Q64) -> 2 | S64: 7 | T64: 14 | U64: =SUM(S64:T64) -> 21
B65: i. | C65: Gula darah sewaktu | F65: =SUM(D65:E65) -> 0 | I65: =SUM(G65:H65) -> 0 | L65: =SUM(J65:K65) -> 0 | M65: 15 | N65: 30 | O65: =SUM(M65:N65) -> 45 | P65: 1 | Q65: 7 | R65: =SUM(P65:Q65) -> 8 | S65: 14 | T65: 35 | U65: =SUM(S65:T65) -> 49
B66: j. | C66: Gula darah puasa | F66: =SUM(D66:E66) -> 0 | I66: =SUM(G66:H66) -> 0 | L66: =SUM(J66:K66) -> 0 | M66: 8 | N66: 11 | O66: =SUM(M66:N66) -> 19 | P66: 0 | Q66: 2 | R66: =SUM(P66:Q66) -> 2 | S66: 2 | T66: 4 | U66: =SUM(S66:T66) -> 6
B67: k. | C67: Urin Acid | F67: =SUM(D67:E67) -> 0 | I67: =SUM(G67:H67) -> 0 | L67: =SUM(J67:K67) -> 0 | M67: 0 | N67: 0 | O67: =SUM(M67:N67) -> 0 | P67: 1 | Q67: 1 | R67: =SUM(P67:Q67) -> 2 | U67: =SUM(S67:T67) -> 0
B68: l. | C68: Cholestrol | F68: =SUM(D68:E68) -> 0 | I68: =SUM(G68:H68) -> 0 | L68: =SUM(J68:K68) -> 0 | M68: 17 | N68: 30 | O68: =SUM(M68:N68) -> 47 | P68: 2 | Q68: 1 | R68: =SUM(P68:Q68) -> 3 | S68: 7 | T68: 16 | U68: =SUM(S68:T68) -> 23
B69: m. | C69: Protein Urine | F69: =SUM(D69:E69) -> 0 | I69: =SUM(G69:H69) -> 0 | L69: =SUM(J69:K69) -> 0 | M69: 0 | N69: 5 | O69: =SUM(M69:N69) -> 5 | P69: 0 | Q69: 2 | R69: =SUM(P69:Q69) -> 2 | U69: =SUM(S69:T69) -> 0
B70: n. | C70: HIV | F70: =SUM(D70:E70) -> 0 | I70: =SUM(G70:H70) -> 0 | L70: =SUM(J70:K70) -> 0 | M70: 1 | N70: 5 | O70: =SUM(M70:N70) -> 6 | P70: 0 | Q70: 3 | R70: =SUM(P70:Q70) -> 3 | T70: 7 | U70: =SUM(S70:T70) -> 7
B71: o. | C71: SYPHILIS | F71: =SUM(D71:E71) -> 0 | I71: =SUM(G71:H71) -> 0 | L71: =SUM(J71:K71) -> 0 | M71: 1 | N71: 5 | O71: =SUM(M71:N71) -> 6 | P71: 0 | Q71: 3 | R71: =SUM(P71:Q71) -> 3 | T71: 7 | U71: =SUM(S71:T71) -> 7
B72: p. | C72: HBSAg | F72: =SUM(D72:E72) -> 0 | I72: =SUM(G72:H72) -> 0 | L72: =SUM(J72:K72) -> 0 | M72: 3 | N72: 5 | O72: =SUM(M72:N72) -> 8 | P72: 0 | Q72: 2 | R72: =SUM(P72:Q72) -> 2 | T72: 5 | U72: =SUM(S72:T72) -> 5
B73: q. | C73: Malaria P.V (Jika positip isi jenis plasmodiumnya) | F73: =SUM(D73:E73) -> 0 | I73: =SUM(G73:H73) -> 0 | L73: =SUM(J73:K73) -> 0 | M73: 0 | N73: 3 | O73: =SUM(M73:N73) -> 3 | P73: 0 | Q73: 3 | R73: =SUM(P73:Q73) -> 3 | T73: 9 | U73: =SUM(S73:T73) -> 9
B74: r. | C74: Widal | F74: =SUM(D74:E74) -> 0 | I74: =SUM(G74:H74) -> 0 | L74: =SUM(J74:K74) -> 0 | M74: 0 | N74: 0 | O74: =SUM(M74:N74) -> 0 | P74: 0 | Q74: 0 | R74: =SUM(P74:Q74) -> 0 | U74: =SUM(S74:T74) -> 0
B75: s. | C75: Sputum BTA | F75: =SUM(D75:E75) -> 0 | I75: =SUM(G75:H75) -> 0 | L75: =SUM(J75:K75) -> 0 | M75: 0 | N75: 0 | O75: =SUM(M75:N75) -> 0 | R75: =SUM(P75:Q75) -> 0 | U75: =SUM(S75:T75) -> 0
B76: t. | C76: Test Kehamilan | F76: =SUM(D76:E76) -> 0 | I76: =SUM(G76:H76) -> 0 | L76: =SUM(J76:K76) -> 0 | M76: 0 | N76: 7 | O76: =SUM(M76:N76) -> 7 | P76: 0 | Q76: 1 | R76: =SUM(P76:Q76) -> 1 | T76: 5 | U76: =SUM(S76:T76) -> 5
B77: u. | C77: Tinja | F77: =SUM(D77:E77) -> 0 | I77: =SUM(G77:H77) -> 0 | L77: =SUM(J77:K77) -> 0 | M77: 1 | N77: 0 | O77: =SUM(M77:N77) -> 1 | P77: 0 | Q77: 0 | R77: =SUM(P77:Q77) -> 0 | U77: =SUM(S77:T77) -> 0
B78: v. | C78: Urine Lengkap | F78: =SUM(D78:E78) -> 0 | I78: =SUM(G78:H78) -> 0 | L78: =SUM(J78:K78) -> 0 | M78: 1 | N78: 2 | O78: =SUM(M78:N78) -> 3 | P78: 0 | Q78: 0 | R78: =SUM(P78:Q78) -> 0 | U78: =SUM(S78:T78) -> 0
B79: w. | C79: Urine Sedimen | F79: =SUM(D79:E79) -> 0 | I79: =SUM(G79:H79) -> 0 | L79: =SUM(J79:K79) -> 0 | M79: 0 | N79: 0 | O79: =SUM(M79:N79) -> 0 | P79: 0 | Q79: 0 | R79: =SUM(P79:Q79) -> 0 | U79: =SUM(S79:T79) -> 0

Sheet APRIL
A2: LAPORAN LABORATORIUM
A3: DI PUSKESMAS KABUPATEN ROTE NDAO
A4: APRIL 2026
A6: No. | B6: ELEMEN DATA | D6: BAA | G6: BATUTUA | J6: BUSALANGGA | M6: DELHA | P6: EAHUN | S6: FEAPOPI
D7: L | E7: P | F7: TOTAL | G7: L | H7: P | I7: TOTAL | J7: L | K7: P | L7: TOTAL | M7: L | N7: P | O7: TOTAL | P7: L | Q7: P | R7: TOTAL | S7: L | T7: P | U7: TOTAL
A8: 1 | B8: Total Kunjungan Laboratorium | D8: =D9+D18 -> 493 | E8: =E9+E18 -> 1396 | F8: =F9+F18 -> 1889 | G8: =G9+G18 -> 252 | H8: =H9+H18 -> 615 | I8: =I9+I18 -> 867 | J8: =J9+J18 -> 172 | K8: =K9+K18 -> 622 | ... U8: =U9+U18 -> 296
A9: 2 | B9: Peminta Tes Laboratorium | D9: =SUM(D10:D17) -> 73 | E9: =SUM(E10:E17) -> 257 | F9: =SUM(F10:F17) -> 330 | G9: =SUM(G10:G17) -> 73 | H9: =SUM(H10:H17) -> 159 | I9: =SUM(I10:I17) -> 232 | J9: =SUM(J10:J17) -> 86 | K9: =SUM(K10:K17) -> 311 | ... U9: =SUM(U10:U17) -> 101
B10: a. | C10: Poli umum | D10: 34 | E10: 81 | F10: =SUM(D10:E10) -> 115 | G10: 71 | H10: 106 | I10: =SUM(G10:H10) -> 177 | J10: 83 | K10: 146 | L10: =SUM(J10:K10) -> 229 | M10: 23 | N10: 65 | O10: =SUM(M10:N10) -> 88 | P10: 38 | Q10: 70 | R10: =SUM(P10:Q10) -> 108 | S10: 27 | T10: =82-S10 -> 55 | U10: =SUM(S10:T10) -> 82
B11: b. | C11: KIA / KB | D11: 4 | E11: 59 | F11: =SUM(D11:E11) -> 63 | G11: 0 | H11: 34 | I11: =SUM(G11:H11) -> 34 | J11: 0 | K11: 150 | L11: =SUM(J11:K11) -> 150 | M11: 0 | N11: 38 | O11: =SUM(M11:N11) -> 38 | P11: 0 | Q11: 39 | R11: =SUM(P11:Q11) -> 39 | S11: 0 | T11: 19 | U11: =SUM(S11:T11) -> 19
B12: c. | C12: Rawat inap | F12: =SUM(D12:E12) -> 0 | G12: 0 | H12: 0 | I12: =SUM(G12:H12) -> 0 | L12: =SUM(J12:K12) -> 0 | M12: 0 | N12: 1 | O12: =SUM(M12:N12) -> 1 | P12: 0 | Q12: 0 | R12: =SUM(P12:Q12) -> 0 | S12: 0 | T12: 0 | U12: =SUM(S12:T12) -> 0
B13: d. | C13: Unit gawat darurat | F13: =SUM(D13:E13) -> 0 | G13: 0 | H13: 1 | I13: =SUM(G13:H13) -> 1 | L13: =SUM(J13:K13) -> 0 | M13: 3 | N13: 6 | O13: =SUM(M13:N13) -> 9 | P13: 1 | Q13: 3 | R13: =SUM(P13:Q13) -> 4 | S13: 0 | T13: 0 | U13: =SUM(S13:T13) -> 0
B14: e. | C14: MTBS | F14: =SUM(D14:E14) -> 0 | G14: 0 | H14: 2 | I14: =SUM(G14:H14) -> 2 | J14: 2 | K14: 1 | L14: =SUM(J14:K14) -> 3 | M14: 0 | N14: 1 | O14: =SUM(M14:N14) -> 1 | P14: 0 | Q14: 0 | R14: =SUM(P14:Q14) -> 0 | S14: 0 | T14: 0 | U14: =SUM(S14:T14) -> 0
B15: f. | C15: Poli Gigi | D15: 6 | E15: 5 | F15: =SUM(D15:E15) -> 11 | G15: 0 | H15: 7 | I15: =SUM(G15:H15) -> 7 | J15: 1 | K15: 10 | L15: =SUM(J15:K15) -> 11 | M15: 1 | N15: 0 | O15: =SUM(M15:N15) -> 1 | P15: 0 | Q15: 0 | R15: =SUM(P15:Q15) -> 0 | S15: 0 | T15: 0 | U15: =SUM(S15:T15) -> 0
B16: g. | C16: PONED | F16: =SUM(D16:E16) -> 0 | G16: 2 | H16: 9 | I16: =SUM(G16:H16) -> 11 | J16: 0 | K16: 4 | L16: =SUM(J16:K16) -> 4 | M16: 4 | N16: 20 | O16: =SUM(M16:N16) -> 24 | P16: 0 | Q16: 3 | R16: =SUM(P16:Q16) -> 3 | S16: 0 | T16: 0 | U16: =SUM(S16:T16) -> 0
B17: h. | C17: Pustu | D17: 29 | E17: 112 | F17: =SUM(D17:E17) -> 141 | G17: 0 | H17: 0 | I17: =SUM(G17:H17) -> 0 | L17: =SUM(J17:K17) -> 0 | M17: 13 | N17: 50 | O17: =SUM(M17:N17) -> 63 | P17: 0 | Q17: 0 | R17: =SUM(P17:Q17) -> 0 | S17: 0 | T17: 0 | U17: =SUM(S17:T17) -> 0
A18: 3 | B18: Jumlah Pemeriksaan Laboratorium | D18: =SUM(D19:D41) -> 420 | E18: =SUM(E19:E41) -> 1139 | F18: =SUM(F19:F41) -> 1559 | G18: =SUM(G19:G41) -> 179 | H18: =SUM(H19:H41) -> 456 | I18: =SUM(I19:I41) -> 635 | J18: =SUM(J19:J41) -> 86 | K18: =SUM(K19:K41) -> 311 | ... U18: =SUM(U19:U41) -> 195
B19: a. | C19: Golongan darah | D19: 7 | E19: 16 | F19: =SUM(D19:E19) -> 23 | G19: 14 | H19: 22 | I19: =SUM(G19:H19) -> 36 | J19: 7 | K19: 11 | L19: =SUM(J19:K19) -> 18 | M19: 0 | N19: 6 | O19: =SUM(M19:N19) -> 6 | P19: 5 | Q19: 22 | R19: =SUM(P19:Q19) -> 27 | S19: 0 | T19: 6 | U19: =SUM(S19:T19) -> 6
B20: b. | C20: Hb | D20: 1 | E20: 51 | F20: =SUM(D20:E20) -> 52 | G20: 2 | H20: 41 | I20: =SUM(G20:H20) -> 43 | J20: 2 | K20: 32 | L20: =SUM(J20:K20) -> 34 | M20: 3 | N20: 53 | O20: =SUM(M20:N20) -> 56 | P20: 7 | Q20: 50 | R20: =SUM(P20:Q20) -> 57 | S20: 0 | T20: 15 | U20: =SUM(S20:T20) -> 15
B21: c. | C21: Leukosit | D21: 1 | E21: 5 | F21: =SUM(D21:E21) -> 6 | G21: 0 | H21: 0 | I21: =SUM(G21:H21) -> 0 | L21: =SUM(J21:K21) -> 0 | M21: 0 | N21: 0 | O21: =SUM(M21:N21) -> 0 | P21: 0 | Q21: 0 | R21: =SUM(P21:Q21) -> 0 | S21: 0 | T21: 2 | U21: =SUM(S21:T21) -> 2
B22: d. | C22: Eritrosit | D22: 1 | E22: 5 | F22: =SUM(D22:E22) -> 6 | G22: 0 | H22: 0 | I22: =SUM(G22:H22) -> 0 | L22: =SUM(J22:K22) -> 0 | M22: 0 | N22: 0 | O22: =SUM(M22:N22) -> 0 | P22: 0 | Q22: 0 | R22: =SUM(P22:Q22) -> 0 | S22: 0 | T22: 0 | U22: =SUM(S22:T22) -> 0
B23: e. | C23: HCT | F23: =SUM(D23:E23) -> 0 | G23: 0 | H23: 0 | I23: =SUM(G23:H23) -> 0 | J23: 1 | K23: 32 | L23: =SUM(J23:K23) -> 33 | M23: 0 | N23: 0 | O23: =SUM(M23:N23) -> 0 | P23: 0 | Q23: 0 | R23: =SUM(P23:Q23) -> 0 | S23: 0 | T23: 0 | U23: =SUM(S23:T23) -> 0
B24: f. | C24: Glukosa Post pandiel ( 2 jam PP ) | F24: =SUM(D24:E24) -> 0 | G24: 0 | H24: 0 | I24: =SUM(G24:H24) -> 0 | L24: =SUM(J24:K24) -> 0 | M24: 0 | N24: 0 | O24: =SUM(M24:N24) -> 0 | P24: 0 | Q24: 0 | R24: =SUM(P24:Q24) -> 0 | S24: 0 | T24: 0 | U24: =SUM(S24:T24) -> 0
B25: g. | C25: Gulukosa Urine | F25: =SUM(D25:E25) -> 0 | G25: 0 | H25: 19 | I25: =SUM(G25:H25) -> 19 | L25: =SUM(J25:K25) -> 0 | M25: 0 | N25: 0 | O25: =SUM(M25:N25) -> 0 | P25: 0 | Q25: 0 | R25: =SUM(P25:Q25) -> 0 | S25: 0 | T25: 0 | U25: =SUM(S25:T25) -> 0
B26: h. | C26: Asam Urat | D26: 90 | E26: 184 | F26: =SUM(D26:E26) -> 274 | G26: 36 | H26: 56 | I26: =SUM(G26:H26) -> 92 | J26: 24 | K26: 40 | L26: =SUM(J26:K26) -> 64 | M26: 18 | N26: 77 | O26: =SUM(M26:N26) -> 95 | P26: 19 | Q26: 46 | R26: =SUM(P26:Q26) -> 65 | S26: =33-T26 -> 17 | T26: 16 | U26: =SUM(S26:T26) -> 33
B27: i. | C27: Gula darah sewaktu | D27: 183 | E27: 411 | F27: =SUM(D27:E27) -> 594 | G27: 41 | H27: 88 | I27: =SUM(G27:H27) -> 129 | J27: 31 | K27: 66 | L27: =SUM(J27:K27) -> 97 | M27: 22 | N27: 98 | O27: =SUM(M27:N27) -> 120 | P27: 21 | Q27: 91 | R27: =SUM(P27:Q27) -> 112 | S27: =32-T27 -> 17 | T27: 15 | U27: =SUM(S27:T27) -> 32
B28: j. | C28: Gula darah puasa | D28: 29 | E28: 69 | F28: =SUM(D28:E28) -> 98 | G28: 32 | H28: 43 | I28: =SUM(G28:H28) -> 75 | J28: 6 | K28: 15 | L28: =SUM(J28:K28) -> 21 | M28: 1 | N28: 3 | O28: =SUM(M28:N28) -> 4 | P28: 12 | Q28: 23 | R28: =SUM(P28:Q28) -> 35 | S28: =19-T28 -> 7 | T28: 12 | U28: =SUM(S28:T28) -> 19
B29: k. | C29: Urin Acid | F29: =SUM(D29:E29) -> 0 | G29: 0 | H29: 0 | I29: =SUM(G29:H29) -> 0 | L29: =SUM(J29:K29) -> 0 | M29: 0 | N29: 0 | O29: =SUM(M29:N29) -> 0 | P29: 0 | Q29: 0 | R29: =SUM(P29:Q29) -> 0 | S29: 0 | T29: 0 | U29: =SUM(S29:T29) -> 0
B30: l. | C30: Cholestrol | D30: 94 | E30: 240 | F30: =SUM(D30:E30) -> 334 | G30: 43 | H30: 66 | I30: =SUM(G30:H30) -> 109 | J30: 11 | K30: 15 | L30: =SUM(J30:K30) -> 26 | M30: 18 | N30: 100 | O30: =SUM(M30:N30) -> 118 | P30: 15 | Q30: 44 | R30: =SUM(P30:Q30) -> 59 | S30: =44-T30 -> 27 | T30: 17 | U30: =SUM(S30:T30) -> 44
B31: m. | C31: Protein Urine | D31: 2 | E31: 23 | F31: =SUM(D31:E31) -> 25 | G31: 0 | H31: 19 | I31: =SUM(G31:H31) -> 19 | J31: 0 | K31: 1 | L31: =SUM(J31:K31) -> 1 | M31: 0 | N31: 0 | O31: =SUM(M31:N31) -> 0 | P31: 0 | Q31: 31 | R31: =SUM(P31:Q31) -> 31 | S31: 0 | T31: 10 | U31: =SUM(S31:T31) -> 10
B32: n. | C32: HIV | D32: 1 | E32: 30 | F32: =SUM(D32:E32) -> 31 | G32: 2 | H32: 27 | I32: =SUM(G32:H32) -> 29 | J32: 2 | K32: 27 | L32: =SUM(J32:K32) -> 29 | M32: 1 | N32: 18 | O32: =SUM(M32:N32) -> 19 | P32: 4 | Q32: 27 | R32: =SUM(P32:Q32) -> 31 | S32: 0 | T32: 7 | U32: =SUM(S32:T32) -> 7
B33: o. | C33: SYPHILIS | D33: 1 | E33: 30 | F33: =SUM(D33:E33) -> 31 | G33: 2 | H33: 28 | I33: =SUM(G33:H33) -> 30 | J33: 0 | K33: 27 | L33: =SUM(J33:K33) -> 27 | M33: 1 | N33: 16 | O33: =SUM(M33:N33) -> 17 | P33: 4 | Q33: 27 | R33: =SUM(P33:Q33) -> 31 | S33: 0 | T33: 7 | U33: =SUM(S33:T33) -> 7
B34: p. | C34: HBSAg | D34: 9 | E34: 34 | F34: =SUM(D34:E34) -> 43 | G34: 2 | H34: 29 | I34: =SUM(G34:H34) -> 31 | J34: 2 | K34: 28 | L34: =SUM(J34:K34) -> 30 | M34: 0 | N34: 17 | O34: =SUM(M34:N34) -> 17 | P34: 8 | Q34: 29 | R34: =SUM(P34:Q34) -> 37 | S34: 0 | T34: 9 | U34: =SUM(S34:T34) -> 9
B35: q. | C35: Malaria P.V (Jika positip isi jenis plasmodiumnya) | D35: 1 | E35: 27 | F35: =SUM(D35:E35) -> 28 | G35: 0 | H35: 0 | I35: =SUM(G35:H35) -> 0 | L35: =SUM(J35:K35) -> 0 | M35: 1 | N35: 24 | O35: =SUM(M35:N35) -> 25 | P35: 3 | Q35: 19 | R35: =SUM(P35:Q35) -> 22 | S35: 0 | T35: 4 | U35: =SUM(S35:T35) -> 4
B36: r. | C36: Widal | F36: =SUM(D36:E36) -> 0 | G36: 0 | H36: 0 | I36: =SUM(G36:H36) -> 0 | L36: =SUM(J36:K36) -> 0 | M36: 0 | N36: 0 | O36: =SUM(M36:N36) -> 0 | P36: 0 | Q36: 0 | R36: =SUM(P36:Q36) -> 0 | S36: 0 | T36: 0 | U36: =SUM(S36:T36) -> 0
B37: s. | C37: Sputum BTA | F37: =SUM(D37:E37) -> 0 | G37: 4 | H37: 5 | I37: =SUM(G37:H37) -> 9 | L37: =SUM(J37:K37) -> 0 | M37: 2 | N37: 1 | O37: =SUM(M37:N37) -> 3 | P37: 0 | Q37: 0 | R37: =SUM(P37:Q37) -> 0 | S37: 0 | T37: 0 | U37: =SUM(S37:T37) -> 0
B38: t. | C38: Test Kehamilan | E38: 14 | F38: =SUM(D38:E38) -> 14 | G38: 0 | H38: 10 | I38: =SUM(G38:H38) -> 10 | J38: 0 | K38: 15 | L38: =SUM(J38:K38) -> 15 | M38: 0 | N38: 17 | O38: =SUM(M38:N38) -> 17 | P38: 0 | Q38: 13 | R38: =SUM(P38:Q38) -> 13 | S38: 0 | T38: 7 | U38: =SUM(S38:T38) -> 7
B39: u. | C39: Tinja | F39: =SUM(D39:E39) -> 0 | G39: 0 | H39: 0 | I39: =SUM(G39:H39) -> 0 | L39: =SUM(J39:K39) -> 0 | M39: 0 | N39: 0 | O39: =SUM(M39:N39) -> 0 | P39: 0 | Q39: 0 | R39: =SUM(P39:Q39) -> 0 | S39: 0 | T39: 0 | U39: =SUM(S39:T39) -> 0
B40: v. | C40: Urine Lengkap | F40: =SUM(D40:E40) -> 0 | G40: 1 | H40: 3 | I40: =SUM(G40:H40) -> 4 | J40: 0 | K40: 2 | L40: =SUM(J40:K40) -> 2 | M40: 3 | N40: 11 | O40: =SUM(M40:N40) -> 14 | P40: 2 | Q40: 1 | R40: =SUM(P40:Q40) -> 3 | S40: 0 | T40: 0 | U40: =SUM(S40:T40) -> 0
B41: w. | C41: Urine Sedimen | F41: =SUM(D41:E41) -> 0 | G41: 0 | H41: 0 | I41: =SUM(G41:H41) -> 0 | L41: =SUM(J41:K41) -> 0 | M41: 0 | N41: 0 | O41: =SUM(M41:N41) -> 0 | P41: 0 | Q41: 0 | R41: =SUM(P41:Q41) -> 0 | S41: 0 | T41: 0 | U41: =SUM(S41:T41) -> 0
A44: No. | B44: ELEMEN DATA | D44: KORBAFO | G44: NDAO | J44: OELABA | M44: OELE | P44: SONIMANU | S44: SOTIMORI
D45: L | E45: P | F45: TOTAL | G45: L | H45: P | I45: TOTAL | J45: L | K45: P | L45: TOTAL | M45: L | N45: P | O45: TOTAL | P45: L | Q45: P | R45: TOTAL | S45: L | T45: P | U45: TOTAL
A46: 1 | B46: Total Kunjungan Laboratorium | D46: =D47+D56 -> 0 | E46: =E47+E56 -> 0 | F46: =F47+F56 -> 0 | G46: =G47+G56 -> 0 | H46: =H47+H56 -> 0 | I46: =I47+I56 -> 0 | J46: =J47+J56 -> 0 | K46: =K47+K56 -> 0 | ... U46: =U47+U56 -> 298
A47: 2 | B47: Peminta Tes Laboratorium | D47: =SUM(D48:D55) -> 0 | E47: =SUM(E48:E55) -> 0 | F47: =SUM(F48:F55) -> 0 | G47: =SUM(G48:G55) -> 0 | H47: =SUM(H48:H55) -> 0 | I47: =SUM(I48:I55) -> 0 | J47: =SUM(J48:J55) -> 0 | K47: =SUM(K48:K55) -> 0 | ... U47: =SUM(U48:U55) -> 72
B48: a. | C48: Poli umum | F48: =SUM(D48:E48) -> 0 | I48: =SUM(G48:H48) -> 0 | L48: =SUM(J48:K48) -> 0 | M48: 21 | N48: 49 | O48: =SUM(M48:N48) -> 70 | P48: 6 | Q48: 9 | R48: =SUM(P48:Q48) -> 15 | S48: 23 | T48: 32 | U48: =SUM(S48:T48) -> 55
B49: b. | C49: KIA / KB | F49: =SUM(D49:E49) -> 0 | I49: =SUM(G49:H49) -> 0 | L49: =SUM(J49:K49) -> 0 | M49: 0 | N49: 10 | O49: =SUM(M49:N49) -> 10 | P49: 0 | Q49: 7 | R49: =SUM(P49:Q49) -> 7 | S49: 1 | T49: 15 | U49: =SUM(S49:T49) -> 16
B50: c. | C50: Rawat inap | F50: =SUM(D50:E50) -> 0 | I50: =SUM(G50:H50) -> 0 | L50: =SUM(J50:K50) -> 0 | M50: 0 | N50: 1 | O50: =SUM(M50:N50) -> 1 | P50: 0 | Q50: 0 | R50: =SUM(P50:Q50) -> 0 | S50: 1 | U50: =SUM(S50:T50) -> 1
B51: d. | C51: Unit gawat darurat | F51: =SUM(D51:E51) -> 0 | I51: =SUM(G51:H51) -> 0 | L51: =SUM(J51:K51) -> 0 | M51: 3 | N51: 3 | O51: =SUM(M51:N51) -> 6 | P51: 0 | Q51: 0 | R51: =SUM(P51:Q51) -> 0 | U51: =SUM(S51:T51) -> 0
B52: e. | C52: MTBS | F52: =SUM(D52:E52) -> 0 | I52: =SUM(G52:H52) -> 0 | L52: =SUM(J52:K52) -> 0 | M52: 2 | N52: 2 | O52: =SUM(M52:N52) -> 4 | P52: 0 | Q52: 0 | R52: =SUM(P52:Q52) -> 0 | U52: =SUM(S52:T52) -> 0
B53: f. | C53: Poli Gigi | F53: =SUM(D53:E53) -> 0 | I53: =SUM(G53:H53) -> 0 | L53: =SUM(J53:K53) -> 0 | M53: 0 | N53: 0 | O53: =SUM(M53:N53) -> 0 | P53: 0 | Q53: 0 | R53: =SUM(P53:Q53) -> 0 | U53: =SUM(S53:T53) -> 0
B54: g. | C54: PONED | F54: =SUM(D54:E54) -> 0 | I54: =SUM(G54:H54) -> 0 | L54: =SUM(J54:K54) -> 0 | M54: 0 | N54: 0 | O54: =SUM(M54:N54) -> 0 | P54: 0 | Q54: 1 | R54: =SUM(P54:Q54) -> 1 | U54: =SUM(S54:T54) -> 0
B55: h. | C55: Pustu | F55: =SUM(D55:E55) -> 0 | I55: =SUM(G55:H55) -> 0 | L55: =SUM(J55:K55) -> 0 | M55: 0 | N55: 0 | O55: =SUM(M55:N55) -> 0 | P55: 0 | Q55: 0 | R55: =SUM(P55:Q55) -> 0 | U55: =SUM(S55:T55) -> 0
A56: 3 | B56: Jumlah Pemeriksaan Laboratorium | D56: =SUM(D57:D79) -> 0 | E56: =SUM(E57:E79) -> 0 | F56: =SUM(F57:F79) -> 0 | G56: =SUM(G57:G79) -> 0 | H56: =SUM(H57:H79) -> 0 | I56: =SUM(I57:I79) -> 0 | J56: =SUM(J57:J79) -> 0 | K56: =SUM(K57:K79) -> 0 | ... U56: =SUM(U57:U79) -> 226
B57: a. | C57: Golongan darah | F57: =SUM(D57:E57) -> 0 | I57: =SUM(G57:H57) -> 0 | L57: =SUM(J57:K57) -> 0 | M57: 5 | N57: 12 | O57: =SUM(M57:N57) -> 17 | P57: 1 | Q57: 5 | R57: =SUM(P57:Q57) -> 6 | S57: 2 | T57: 9 | U57: =SUM(S57:T57) -> 11
B58: b. | C58: Hb | F58: =SUM(D58:E58) -> 0 | I58: =SUM(G58:H58) -> 0 | L58: =SUM(J58:K58) -> 0 | M58: 10 | N58: 22 | O58: =SUM(M58:N58) -> 32 | P58: 3 | Q58: 10 | R58: =SUM(P58:Q58) -> 13 | S58: 2 | T58: 21 | U58: =SUM(S58:T58) -> 23
B59: c. | C59: Leukosit | F59: =SUM(D59:E59) -> 0 | I59: =SUM(G59:H59) -> 0 | L59: =SUM(J59:K59) -> 0 | M59: 0 | N59: 0 | O59: =SUM(M59:N59) -> 0 | P59: 0 | Q59: 0 | R59: =SUM(P59:Q59) -> 0 | U59: =SUM(S59:T59) -> 0
B60: d. | C60: Eritrosit | F60: =SUM(D60:E60) -> 0 | I60: =SUM(G60:H60) -> 0 | L60: =SUM(J60:K60) -> 0 | M60: 0 | N60: 0 | O60: =SUM(M60:N60) -> 0 | P60: 0 | Q60: 0 | R60: =SUM(P60:Q60) -> 0 | U60: =SUM(S60:T60) -> 0
B61: e. | C61: HCT | F61: =SUM(D61:E61) -> 0 | I61: =SUM(G61:H61) -> 0 | L61: =SUM(J61:K61) -> 0 | M61: 0 | N61: 0 | O61: =SUM(M61:N61) -> 0 | P61: 2 | Q61: 4 | R61: =SUM(P61:Q61) -> 6 | S61: 3 | T61: 18 | U61: =SUM(S61:T61) -> 21
B62: f. | C62: Glukosa Post pandiel ( 2 jam PP ) | F62: =SUM(D62:E62) -> 0 | I62: =SUM(G62:H62) -> 0 | L62: =SUM(J62:K62) -> 0 | M62: 0 | N62: 0 | O62: =SUM(M62:N62) -> 0 | P62: 0 | Q62: 0 | R62: =SUM(P62:Q62) -> 0 | U62: =SUM(S62:T62) -> 0
B63: g. | C63: Gulukosa Urine | F63: =SUM(D63:E63) -> 0 | I63: =SUM(G63:H63) -> 0 | L63: =SUM(J63:K63) -> 0 | M63: 0 | N63: 0 | O63: =SUM(M63:N63) -> 0 | P63: 0 | Q63: 1 | R63: =SUM(P63:Q63) -> 1 | U63: =SUM(S63:T63) -> 0
B64: h. | C64: Asam Urat | F64: =SUM(D64:E64) -> 0 | I64: =SUM(G64:H64) -> 0 | L64: =SUM(J64:K64) -> 0 | M64: 22 | N64: 30 | O64: =SUM(M64:N64) -> 52 | P64: 5 | Q64: 4 | R64: =SUM(P64:Q64) -> 9 | S64: 15 | T64: 25 | U64: =SUM(S64:T64) -> 40
B65: i. | C65: Gula darah sewaktu | F65: =SUM(D65:E65) -> 0 | I65: =SUM(G65:H65) -> 0 | L65: =SUM(J65:K65) -> 0 | M65: 20 | N65: 25 | O65: =SUM(M65:N65) -> 45 | P65: 3 | Q65: 10 | R65: =SUM(P65:Q65) -> 13 | S65: 19 | T65: 33 | U65: =SUM(S65:T65) -> 52
B66: j. | C66: Gula darah puasa | F66: =SUM(D66:E66) -> 0 | I66: =SUM(G66:H66) -> 0 | L66: =SUM(J66:K66) -> 0 | M66: 7 | N66: 12 | O66: =SUM(M66:N66) -> 19 | P66: 1 | Q66: 2 | R66: =SUM(P66:Q66) -> 3 | S66: 3 | T66: 3 | U66: =SUM(S66:T66) -> 6
B67: k. | C67: Urin Acid | F67: =SUM(D67:E67) -> 0 | I67: =SUM(G67:H67) -> 0 | L67: =SUM(J67:K67) -> 0 | M67: 0 | N67: 0 | O67: =SUM(M67:N67) -> 0 | P67: 5 | Q67: 4 | R67: =SUM(P67:Q67) -> 9 | U67: =SUM(S67:T67) -> 0
B68: l. | C68: Cholestrol | F68: =SUM(D68:E68) -> 0 | I68: =SUM(G68:H68) -> 0 | L68: =SUM(J68:K68) -> 0 | M68: 20 | N68: 24 | O68: =SUM(M68:N68) -> 44 | P68: 4 | Q68: 4 | R68: =SUM(P68:Q68) -> 8 | S68: 16 | T68: 27 | U68: =SUM(S68:T68) -> 43
B69: m. | C69: Protein Urine | F69: =SUM(D69:E69) -> 0 | I69: =SUM(G69:H69) -> 0 | L69: =SUM(J69:K69) -> 0 | M69: 0 | N69: 7 | O69: =SUM(M69:N69) -> 7 | P69: 0 | Q69: 1 | R69: =SUM(P69:Q69) -> 1 | T69: 7 | U69: =SUM(S69:T69) -> 7
B70: n. | C70: HIV | F70: =SUM(D70:E70) -> 0 | I70: =SUM(G70:H70) -> 0 | L70: =SUM(J70:K70) -> 0 | M70: 1 | N70: 12 | O70: =SUM(M70:N70) -> 13 | P70: 1 | Q70: 8 | R70: =SUM(P70:Q70) -> 9 | T70: 5 | U70: =SUM(S70:T70) -> 5
B71: o. | C71: SYPHILIS | F71: =SUM(D71:E71) -> 0 | I71: =SUM(G71:H71) -> 0 | L71: =SUM(J71:K71) -> 0 | M71: 1 | N71: 12 | O71: =SUM(M71:N71) -> 13 | P71: 1 | Q71: 8 | R71: =SUM(P71:Q71) -> 9 | T71: 5 | U71: =SUM(S71:T71) -> 5
B72: p. | C72: HBSAg | F72: =SUM(D72:E72) -> 0 | I72: =SUM(G72:H72) -> 0 | L72: =SUM(J72:K72) -> 0 | M72: 1 | N72: 12 | O72: =SUM(M72:N72) -> 13 | P72: 1 | Q72: 7 | R72: =SUM(P72:Q72) -> 8 | T72: 5 | U72: =SUM(S72:T72) -> 5
B73: q. | C73: Malaria P.V (Jika positip isi jenis plasmodiumnya) | F73: =SUM(D73:E73) -> 0 | I73: =SUM(G73:H73) -> 0 | L73: =SUM(J73:K73) -> 0 | M73: 0 | N73: 11 | O73: =SUM(M73:N73) -> 11 | P73: 0 | Q73: 8 | R73: =SUM(P73:Q73) -> 8 | S73: 2 | T73: 5 | U73: =SUM(S73:T73) -> 7
B74: r. | C74: Widal | F74: =SUM(D74:E74) -> 0 | I74: =SUM(G74:H74) -> 0 | L74: =SUM(J74:K74) -> 0 | M74: 0 | N74: 0 | O74: =SUM(M74:N74) -> 0 | P74: 0 | Q74: 0 | R74: =SUM(P74:Q74) -> 0 | U74: =SUM(S74:T74) -> 0
B75: s. | C75: Sputum BTA | F75: =SUM(D75:E75) -> 0 | I75: =SUM(G75:H75) -> 0 | L75: =SUM(J75:K75) -> 0 | M75: 0 | N75: 0 | O75: =SUM(M75:N75) -> 0 | R75: =SUM(P75:Q75) -> 0 | U75: =SUM(S75:T75) -> 0
B76: t. | C76: Test Kehamilan | F76: =SUM(D76:E76) -> 0 | I76: =SUM(G76:H76) -> 0 | L76: =SUM(J76:K76) -> 0 | M76: 0 | N76: 10 | O76: =SUM(M76:N76) -> 10 | P76: 0 | Q76: 1 | R76: =SUM(P76:Q76) -> 1 | T76: 1 | U76: =SUM(S76:T76) -> 1
B77: u. | C77: Tinja | F77: =SUM(D77:E77) -> 0 | I77: =SUM(G77:H77) -> 0 | L77: =SUM(J77:K77) -> 0 | M77: 0 | N77: 0 | O77: =SUM(M77:N77) -> 0 | P77: 0 | Q77: 0 | R77: =SUM(P77:Q77) -> 0 | U77: =SUM(S77:T77) -> 0
B78: v. | C78: Urine Lengkap | F78: =SUM(D78:E78) -> 0 | I78: =SUM(G78:H78) -> 0 | L78: =SUM(J78:K78) -> 0 | M78: 2 | N78: 5 | O78: =SUM(M78:N78) -> 7 | P78: 0 | Q78: 0 | R78: =SUM(P78:Q78) -> 0 | U78: =SUM(S78:T78) -> 0
B79: w. | C79: Urine Sedimen | F79: =SUM(D79:E79) -> 0 | I79: =SUM(G79:H79) -> 0 | L79: =SUM(J79:K79) -> 0 | M79: 0 | N79: 0 | O79: =SUM(M79:N79) -> 0 | P79: 0 | Q79: 0 | R79: =SUM(P79:Q79) -> 0 | U79: =SUM(S79:T79) -> 0

Sheet MEI
A2: LAPORAN LABORATORIUM
A3: DI PUSKESMAS KABUPATEN ROTE NDAO
A4: MEI 2026
A6: No. | B6: ELEMEN DATA | D6: BAA | G6: BATUTUA | J6: BUSALANGGA | M6: DELHA | P6: EAHUN | S6: FEAPOPI
D7: L | E7: P | F7: TOTAL | G7: L | H7: P | I7: TOTAL | J7: L | K7: P | L7: TOTAL | M7: L | N7: P | O7: TOTAL | P7: L | Q7: P | R7: TOTAL | S7: L | T7: P | U7: TOTAL
A8: 1 | B8: Total Kunjungan Laboratorium | D8: =D9+D18 -> 0 | E8: =E9+E18 -> 0 | F8: =F9+F18 -> 0 | G8: =G9+G18 -> 188 | H8: =H9+H18 -> 468 | I8: =I9+I18 -> 656 | J8: =J9+J18 -> 268 | K8: =K9+K18 -> 650 | ... U8: =U9+U18 -> 499
A9: 2 | B9: Peminta Tes Laboratorium | D9: =SUM(D10:D17) -> 0 | E9: =SUM(E10:E17) -> 0 | F9: =SUM(F10:F17) -> 0 | G9: =SUM(G10:G17) -> 57 | H9: =SUM(H10:H17) -> 116 | I9: =SUM(I10:I17) -> 173 | J9: =SUM(J10:J17) -> 134 | K9: =SUM(K10:K17) -> 325 | ... U9: =SUM(U10:U17) -> 236
B10: a. | C10: Poli umum | F10: =SUM(D10:E10) -> 0 | G10: 49 | H10: 74 | I10: =SUM(G10:H10) -> 123 | J10: 133 | K10: 215 | L10: =SUM(J10:K10) -> 348 | M10: 51 | N10: 79 | O10: =SUM(M10:N10) -> 130 | P10: 37 | Q10: 60 | R10: =SUM(P10:Q10) -> 97 | S10: 76 | T10: =197-S10 -> 121 | U10: =SUM(S10:T10) -> 197
B11: b. | C11: KIA / KB | F11: =SUM(D11:E11) -> 0 | G11: 0 | H11: 30 | I11: =SUM(G11:H11) -> 30 | J11: 0 | K11: 109 | L11: =SUM(J11:K11) -> 109 | M11: 0 | N11: 32 | O11: =SUM(M11:N11) -> 32 | P11: 0 | Q11: 31 | R11: =SUM(P11:Q11) -> 31 | S11: 0 | T11: 39 | U11: =SUM(S11:T11) -> 39
B12: c. | C12: Rawat inap | F12: =SUM(D12:E12) -> 0 | G12: 0 | H12: 0 | I12: =SUM(G12:H12) -> 0 | L12: =SUM(J12:K12) -> 0 | M12: 0 | N12: 0 | O12: =SUM(M12:N12) -> 0 | P12: 0 | Q12: 1 | R12: =SUM(P12:Q12) -> 1 | S12: 0 | T12: 0 | U12: =SUM(S12:T12) -> 0
B13: d. | C13: Unit gawat darurat | F13: =SUM(D13:E13) -> 0 | G13: 0 | H13: 3 | I13: =SUM(G13:H13) -> 3 | L13: =SUM(J13:K13) -> 0 | M13: 3 | N13: 14 | O13: =SUM(M13:N13) -> 17 | P13: 5 | Q13: 0 | R13: =SUM(P13:Q13) -> 5 | S13: 0 | T13: 0 | U13: =SUM(S13:T13) -> 0
B14: e. | C14: MTBS | F14: =SUM(D14:E14) -> 0 | G14: 3 | H14: 3 | I14: =SUM(G14:H14) -> 6 | L14: =SUM(J14:K14) -> 0 | M14: 0 | N14: 0 | O14: =SUM(M14:N14) -> 0 | P14: 0 | Q14: 0 | R14: =SUM(P14:Q14) -> 0 | S14: 0 | T14: 0 | U14: =SUM(S14:T14) -> 0
B15: f. | C15: Poli Gigi | F15: =SUM(D15:E15) -> 0 | G15: 5 | H15: 3 | I15: =SUM(G15:H15) -> 8 | J15: 1 | K15: 1 | L15: =SUM(J15:K15) -> 2 | M15: 0 | O15: =SUM(M15:N15) -> 0 | P15: 0 | Q15: 0 | R15: =SUM(P15:Q15) -> 0 | S15: 0 | T15: 0 | U15: =SUM(S15:T15) -> 0
B16: g. | C16: PONED | F16: =SUM(D16:E16) -> 0 | G16: 0 | H16: 3 | I16: =SUM(G16:H16) -> 3 | L16: =SUM(J16:K16) -> 0 | M16: 5 | N16: 21 | O16: =SUM(M16:N16) -> 26 | P16: 0 | Q16: 3 | R16: =SUM(P16:Q16) -> 3 | S16: 0 | T16: 0 | U16: =SUM(S16:T16) -> 0
B17: h. | C17: Pustu | F17: =SUM(D17:E17) -> 0 | G17: 0 | H17: 0 | I17: =SUM(G17:H17) -> 0 | L17: =SUM(J17:K17) -> 0 | M17: 12 | N17: 45 | O17: =SUM(M17:N17) -> 57 | P17: 0 | Q17: 0 | R17: =SUM(P17:Q17) -> 0 | S17: 0 | T17: 0 | U17: =SUM(S17:T17) -> 0
A18: 3 | B18: Jumlah Pemeriksaan Laboratorium | D18: =SUM(D19:D41) -> 0 | E18: =SUM(E19:E41) -> 0 | F18: =SUM(F19:F41) -> 0 | G18: =SUM(G19:G41) -> 131 | H18: =SUM(H19:H41) -> 352 | I18: =SUM(I19:I41) -> 483 | J18: =SUM(J19:J41) -> 134 | K18: =SUM(K19:K41) -> 325 | ... U18: =SUM(U19:U41) -> 263
B19: a. | C19: Golongan darah | F19: =SUM(D19:E19) -> 0 | G19: 6 | H19: 25 | I19: =SUM(G19:H19) -> 31 | J19: 1 | K19: 9 | L19: =SUM(J19:K19) -> 10 | M19: 2 | N19: 7 | O19: =SUM(M19:N19) -> 9 | P19: 0 | Q19: 16 | R19: =SUM(P19:Q19) -> 16 | S19: 0 | T19: 5 | U19: =SUM(S19:T19) -> 5
B20: b. | C20: Hb | F20: =SUM(D20:E20) -> 0 | G20: 0 | H20: 36 | I20: =SUM(G20:H20) -> 36 | J20: 2 | K20: 17 | L20: =SUM(J20:K20) -> 19 | M20: 7 | N20: 60 | O20: =SUM(M20:N20) -> 67 | P20: 7 | Q20: 36 | R20: =SUM(P20:Q20) -> 43 | S20: 0 | T20: 12 | U20: =SUM(S20:T20) -> 12
B21: c. | C21: Leukosit | F21: =SUM(D21:E21) -> 0 | G21: 0 | H21: 0 | I21: =SUM(G21:H21) -> 0 | L21: =SUM(J21:K21) -> 0 | M21: 0 | N21: 0 | O21: =SUM(M21:N21) -> 0 | P21: 0 | Q21: 0 | R21: =SUM(P21:Q21) -> 0 | S21: 0 | T21: 0 | U21: =SUM(S21:T21) -> 0
B22: d. | C22: Eritrosit | F22: =SUM(D22:E22) -> 0 | G22: 0 | H22: 0 | I22: =SUM(G22:H22) -> 0 | L22: =SUM(J22:K22) -> 0 | M22: 0 | N22: 0 | O22: =SUM(M22:N22) -> 0 | P22: 0 | Q22: 0 | R22: =SUM(P22:Q22) -> 0 | S22: 0 | T22: 0 | U22: =SUM(S22:T22) -> 0
B23: e. | C23: HCT | F23: =SUM(D23:E23) -> 0 | G23: 0 | H23: 0 | I23: =SUM(G23:H23) -> 0 | J23: 2 | K23: 17 | L23: =SUM(J23:K23) -> 19 | M23: 0 | N23: 0 | O23: =SUM(M23:N23) -> 0 | P23: 0 | Q23: 0 | R23: =SUM(P23:Q23) -> 0 | S23: 0 | T23: 0 | U23: =SUM(S23:T23) -> 0
B24: f. | C24: Glukosa Post pandiel ( 2 jam PP ) | F24: =SUM(D24:E24) -> 0 | G24: 0 | H24: 0 | I24: =SUM(G24:H24) -> 0 | L24: =SUM(J24:K24) -> 0 | M24: 3 | N24: 0 | O24: =SUM(M24:N24) -> 3 | P24: 0 | Q24: 0 | R24: =SUM(P24:Q24) -> 0 | S24: 0 | T24: 0 | U24: =SUM(S24:T24) -> 0
B25: g. | C25: Gulukosa Urine | F25: =SUM(D25:E25) -> 0 | G25: 0 | H25: 21 | I25: =SUM(G25:H25) -> 21 | L25: =SUM(J25:K25) -> 0 | M25: 0 | N25: 0 | O25: =SUM(M25:N25) -> 0 | P25: 0 | Q25: 0 | R25: =SUM(P25:Q25) -> 0 | S25: 0 | T25: 0 | U25: =SUM(S25:T25) -> 0
B26: h. | C26: Asam Urat | F26: =SUM(D26:E26) -> 0 | G26: 28 | H26: 28 | I26: =SUM(G26:H26) -> 56 | J26: 44 | K26: 67 | L26: =SUM(J26:K26) -> 111 | M26: 24 | N26: 45 | O26: =SUM(M26:N26) -> 69 | P26: 15 | Q26: 37 | R26: =SUM(P26:Q26) -> 52 | S26: 12 | T26: =34-S26 -> 22 | U26: =SUM(S26:T26) -> 34
B27: i. | C27: Gula darah sewaktu | F27: =SUM(D27:E27) -> 0 | G27: 29 | H27: 67 | I27: =SUM(G27:H27) -> 96 | J27: 56 | K27: 95 | L27: =SUM(J27:K27) -> 151 | M27: 42 | N27: 104 | O27: =SUM(M27:N27) -> 146 | P27: 21 | Q27: 52 | R27: =SUM(P27:Q27) -> 73 | S27: 32 | T27: =70-S27 -> 38 | U27: =SUM(S27:T27) -> 70
B28: j. | C28: Gula darah puasa | F28: =SUM(D28:E28) -> 0 | G28: 17 | H28: 21 | I28: =SUM(G28:H28) -> 38 | J28: 19 | K28: 39 | L28: =SUM(J28:K28) -> 58 | M28: 5 | N28: 1 | O28: =SUM(M28:N28) -> 6 | P28: 10 | Q28: 25 | R28: =SUM(P28:Q28) -> 35 | S28: 4 | T28: =17-S28 -> 13 | U28: =SUM(S28:T28) -> 17
B29: k. | C29: Urin Acid | F29: =SUM(D29:E29) -> 0 | G29: 0 | H29: 0 | I29: =SUM(G29:H29) -> 0 | L29: =SUM(J29:K29) -> 0 | M29: 0 | N29: 0 | O29: =SUM(M29:N29) -> 0 | P29: 0 | Q29: 0 | R29: =SUM(P29:Q29) -> 0 | S29: 0 | T29: 0 | U29: =SUM(S29:T29) -> 0
B30: l. | C30: Cholestrol | F30: =SUM(D30:E30) -> 0 | G30: 32 | H30: 32 | I30: =SUM(G30:H30) -> 64 | J30: 6 | K30: 22 | L30: =SUM(J30:K30) -> 28 | M30: 27 | N30: 46 | O30: =SUM(M30:N30) -> 73 | P30: 19 | Q30: 37 | R30: =SUM(P30:Q30) -> 56 | S30: 32 | T30: =73-S30 -> 41 | U30: =SUM(S30:T30) -> 73
B31: m. | C31: Protein Urine | F31: =SUM(D31:E31) -> 0 | G31: 0 | H31: 21 | I31: =SUM(G31:H31) -> 21 | L31: =SUM(J31:K31) -> 0 | M31: 0 | N31: 0 | O31: =SUM(M31:N31) -> 0 | P31: 0 | Q31: 22 | R31: =SUM(P31:Q31) -> 22 | S31: 0 | T31: 9 | U31: =SUM(S31:T31) -> 9
B32: n. | C32: HIV | F32: =SUM(D32:E32) -> 0 | G32: 5 | H32: 27 | I32: =SUM(G32:H32) -> 32 | J32: 3 | K32: 16 | L32: =SUM(J32:K32) -> 19 | M32: 1 | N32: 14 | O32: =SUM(M32:N32) -> 15 | P32: 3 | Q32: 17 | R32: =SUM(P32:Q32) -> 20 | S32: 0 | T32: 9 | U32: =SUM(S32:T32) -> 9
B33: o. | C33: SYPHILIS | F33: =SUM(D33:E33) -> 0 | G33: 5 | H33: 27 | I33: =SUM(G33:H33) -> 32 | J33: 0 | K33: 15 | L33: =SUM(J33:K33) -> 15 | M33: 1 | N33: 13 | O33: =SUM(M33:N33) -> 14 | P33: 3 | Q33: 17 | R33: =SUM(P33:Q33) -> 20 | S33: 0 | T33: 9 | U33: =SUM(S33:T33) -> 9
B34: p. | C34: HBSAg | F34: =SUM(D34:E34) -> 0 | G34: 5 | H34: 30 | I34: =SUM(G34:H34) -> 35 | J34: 1 | K34: 15 | L34: =SUM(J34:K34) -> 16 | M34: 1 | N34: 12 | O34: =SUM(M34:N34) -> 13 | P34: 6 | Q34: 17 | R34: =SUM(P34:Q34) -> 23 | S34: 0 | T34: 9 | U34: =SUM(S34:T34) -> 9
B35: q. | C35: Malaria P.V (Jika positip isi jenis plasmodiumnya) | F35: =SUM(D35:E35) -> 0 | G35: 0 | H35: 0 | I35: =SUM(G35:H35) -> 0 | L35: =SUM(J35:K35) -> 0 | M35: 1 | N35: 11 | O35: =SUM(M35:N35) -> 12 | P35: 14 | Q35: 17 | R35: =SUM(P35:Q35) -> 31 | S35: 1 | T35: 9 | U35: =SUM(S35:T35) -> 10
B36: r. | C36: Widal | F36: =SUM(D36:E36) -> 0 | G36: 0 | H36: 0 | I36: =SUM(G36:H36) -> 0 | L36: =SUM(J36:K36) -> 0 | M36: 0 | N36: 0 | O36: =SUM(M36:N36) -> 0 | P36: 0 | Q36: 0 | R36: =SUM(P36:Q36) -> 0 | S36: 0 | T36: 0 | U36: =SUM(S36:T36) -> 0
B37: s. | C37: Sputum BTA | F37: =SUM(D37:E37) -> 0 | G37: 0 | H37: 0 | I37: =SUM(G37:H37) -> 0 | L37: =SUM(J37:K37) -> 0 | M37: 1 | N37: 2 | O37: =SUM(M37:N37) -> 3 | P37: 0 | Q37: 0 | R37: =SUM(P37:Q37) -> 0 | S37: 0 | T37: 0 | U37: =SUM(S37:T37) -> 0
B38: t. | C38: Test Kehamilan | F38: =SUM(D38:E38) -> 0 | G38: 0 | H38: 9 | I38: =SUM(G38:H38) -> 9 | J38: 0 | K38: 13 | L38: =SUM(J38:K38) -> 13 | M38: 0 | N38: 17 | O38: =SUM(M38:N38) -> 17 | P38: 0 | Q38: 8 | R38: =SUM(P38:Q38) -> 8 | S38: 0 | T38: 6 | U38: =SUM(S38:T38) -> 6
B39: u. | C39: Tinja | F39: =SUM(D39:E39) -> 0 | G39: 0 | H39: 0 | I39: =SUM(G39:H39) -> 0 | L39: =SUM(J39:K39) -> 0 | M39: 0 | N39: 0 | O39: =SUM(M39:N39) -> 0 | P39: 0 | Q39: 0 | R39: =SUM(P39:Q39) -> 0 | S39: 0 | T39: 0 | U39: =SUM(S39:T39) -> 0
B40: v. | C40: Urine Lengkap | F40: =SUM(D40:E40) -> 0 | G40: 4 | H40: 8 | I40: =SUM(G40:H40) -> 12 | L40: =SUM(J40:K40) -> 0 | M40: 5 | N40: 28 | O40: =SUM(M40:N40) -> 33 | P40: 0 | Q40: 0 | R40: =SUM(P40:Q40) -> 0 | S40: 0 | T40: 0 | U40: =SUM(S40:T40) -> 0
B41: w. | C41: Urine Sedimen | F41: =SUM(D41:E41) -> 0 | G41: 0 | H41: 0 | I41: =SUM(G41:H41) -> 0 | L41: =SUM(J41:K41) -> 0 | M41: 0 | N41: 0 | O41: =SUM(M41:N41) -> 0 | P41: 0 | Q41: 0 | R41: =SUM(P41:Q41) -> 0 | S41: 0 | T41: 0 | U41: =SUM(S41:T41) -> 0
A44: No. | B44: ELEMEN DATA | D44: KORBAFO | G44: NDAO | J44: OELABA | M44: OELE | P44: SONIMANU | S44: SOTIMORI
D45: L | E45: P | F45: TOTAL | G45: L | H45: P | I45: TOTAL | J45: L | K45: P | L45: TOTAL | M45: L | N45: P | O45: TOTAL | P45: L | Q45: P | R45: TOTAL | S45: L | T45: P | U45: TOTAL
A46: 1 | B46: Total Kunjungan Laboratorium | D46: =D47+D56 -> 0 | E46: =E47+E56 -> 0 | F46: =F47+F56 -> 0 | G46: =G47+G56 -> 0 | H46: =H47+H56 -> 0 | I46: =I47+I56 -> 0 | J46: =J47+J56 -> 0 | K46: =K47+K56 -> 0 | ... U46: =U47+U56 -> 528
A47: 2 | B47: Peminta Tes Laboratorium | D47: =SUM(D48:D55) -> 0 | E47: =SUM(E48:E55) -> 0 | F47: =SUM(F48:F55) -> 0 | G47: =SUM(G48:G55) -> 0 | H47: =SUM(H48:H55) -> 0 | I47: =SUM(I48:I55) -> 0 | J47: =SUM(J48:J55) -> 0 | K47: =SUM(K48:K55) -> 0 | ... U47: =SUM(U48:U55) -> 125
B48: a. | C48: Poli umum | F48: =SUM(D48:E48) -> 0 | I48: =SUM(G48:H48) -> 0 | L48: =SUM(J48:K48) -> 0 | M48: 20 | N48: 24 | O48: =SUM(M48:N48) -> 44 | P48: 4 | Q48: 8 | R48: =SUM(P48:Q48) -> 12 | S48: 35 | T48: 70 | U48: =SUM(S48:T48) -> 105
B49: b. | C49: KIA / KB | F49: =SUM(D49:E49) -> 0 | I49: =SUM(G49:H49) -> 0 | L49: =SUM(J49:K49) -> 0 | M49: 0 | N49: 23 | O49: =SUM(M49:N49) -> 23 | P49: 0 | Q49: 8 | R49: =SUM(P49:Q49) -> 8 | S49: 4 | T49: 16 | U49: =SUM(S49:T49) -> 20
B50: c. | C50: Rawat inap | F50: =SUM(D50:E50) -> 0 | I50: =SUM(G50:H50) -> 0 | L50: =SUM(J50:K50) -> 0 | M50: 3 | N50: 5 | O50: =SUM(M50:N50) -> 8 | P50: 0 | Q50: 0 | R50: =SUM(P50:Q50) -> 0 | U50: =SUM(S50:T50) -> 0
B51: d. | C51: Unit gawat darurat | F51: =SUM(D51:E51) -> 0 | I51: =SUM(G51:H51) -> 0 | L51: =SUM(J51:K51) -> 0 | M51: 11 | N51: 14 | O51: =SUM(M51:N51) -> 25 | P51: 3 | Q51: 1 | R51: =SUM(P51:Q51) -> 4 | U51: =SUM(S51:T51) -> 0
B52: e. | C52: MTBS | F52: =SUM(D52:E52) -> 0 | I52: =SUM(G52:H52) -> 0 | L52: =SUM(J52:K52) -> 0 | M52: 2 | N52: 2 | O52: =SUM(M52:N52) -> 4 | P52: 0 | Q52: 0 | R52: =SUM(P52:Q52) -> 0 | U52: =SUM(S52:T52) -> 0
B53: f. | C53: Poli Gigi | F53: =SUM(D53:E53) -> 0 | I53: =SUM(G53:H53) -> 0 | L53: =SUM(J53:K53) -> 0 | M53: 0 | N53: 0 | O53: =SUM(M53:N53) -> 0 | P53: 0 | Q53: 0 | R53: =SUM(P53:Q53) -> 0 | U53: =SUM(S53:T53) -> 0
B54: g. | C54: PONED | F54: =SUM(D54:E54) -> 0 | I54: =SUM(G54:H54) -> 0 | L54: =SUM(J54:K54) -> 0 | M54: 0 | N54: 0 | O54: =SUM(M54:N54) -> 0 | P54: 0 | Q54: 1 | R54: =SUM(P54:Q54) -> 1 | U54: =SUM(S54:T54) -> 0
B55: h. | C55: Pustu | F55: =SUM(D55:E55) -> 0 | I55: =SUM(G55:H55) -> 0 | L55: =SUM(J55:K55) -> 0 | M55: 0 | N55: 0 | O55: =SUM(M55:N55) -> 0 | P55: 0 | Q55: 0 | R55: =SUM(P55:Q55) -> 0 | U55: =SUM(S55:T55) -> 0
A56: 3 | B56: Jumlah Pemeriksaan Laboratorium | D56: =SUM(D57:D79) -> 0 | E56: =SUM(E57:E79) -> 0 | F56: =SUM(F57:F79) -> 0 | G56: =SUM(G57:G79) -> 0 | H56: =SUM(H57:H79) -> 0 | I56: =SUM(I57:I79) -> 0 | J56: =SUM(J57:J79) -> 0 | K56: =SUM(K57:K79) -> 0 | ... U56: =SUM(U57:U79) -> 403
B57: a. | C57: Golongan darah | F57: =SUM(D57:E57) -> 0 | I57: =SUM(G57:H57) -> 0 | L57: =SUM(J57:K57) -> 0 | M57: 5 | N57: 8 | O57: =SUM(M57:N57) -> 13 | P57: 1 | Q57: 9 | R57: =SUM(P57:Q57) -> 10 | S57: 12 | T57: 25 | U57: =SUM(S57:T57) -> 37
B58: b. | C58: Hb | F58: =SUM(D58:E58) -> 0 | I58: =SUM(G58:H58) -> 0 | L58: =SUM(J58:K58) -> 0 | M58: 22 | N58: 36 | O58: =SUM(M58:N58) -> 58 | P58: 1 | Q58: 10 | R58: =SUM(P58:Q58) -> 11 | S58: 2 | T58: 31 | U58: =SUM(S58:T58) -> 33
B59: c. | C59: Leukosit | F59: =SUM(D59:E59) -> 0 | I59: =SUM(G59:H59) -> 0 | L59: =SUM(J59:K59) -> 0 | M59: 0 | N59: 0 | O59: =SUM(M59:N59) -> 0 | P59: 0 | Q59: 0 | R59: =SUM(P59:Q59) -> 0 | U59: =SUM(S59:T59) -> 0
B60: d. | C60: Eritrosit | F60: =SUM(D60:E60) -> 0 | I60: =SUM(G60:H60) -> 0 | L60: =SUM(J60:K60) -> 0 | M60: 0 | N60: 0 | O60: =SUM(M60:N60) -> 0 | P60: 0 | Q60: 0 | R60: =SUM(P60:Q60) -> 0 | U60: =SUM(S60:T60) -> 0
B61: e. | C61: HCT | F61: =SUM(D61:E61) -> 0 | I61: =SUM(G61:H61) -> 0 | L61: =SUM(J61:K61) -> 0 | M61: 0 | N61: 0 | O61: =SUM(M61:N61) -> 0 | P61: 1 | Q61: 6 | R61: =SUM(P61:Q61) -> 7 | S61: 2 | T61: 30 | U61: =SUM(S61:T61) -> 32
B62: f. | C62: Glukosa Post pandiel ( 2 jam PP ) | F62: =SUM(D62:E62) -> 0 | I62: =SUM(G62:H62) -> 0 | L62: =SUM(J62:K62) -> 0 | M62: 0 | N62: 0 | O62: =SUM(M62:N62) -> 0 | P62: 0 | Q62: 0 | R62: =SUM(P62:Q62) -> 0 | U62: =SUM(S62:T62) -> 0
B63: g. | C63: Gulukosa Urine | F63: =SUM(D63:E63) -> 0 | I63: =SUM(G63:H63) -> 0 | L63: =SUM(J63:K63) -> 0 | M63: 0 | N63: 0 | O63: =SUM(M63:N63) -> 0 | P63: 0 | Q63: 0 | R63: =SUM(P63:Q63) -> 0 | U63: =SUM(S63:T63) -> 0
B64: h. | C64: Asam Urat | F64: =SUM(D64:E64) -> 0 | I64: =SUM(G64:H64) -> 0 | L64: =SUM(J64:K64) -> 0 | M64: 28 | N64: 32 | O64: =SUM(M64:N64) -> 60 | P64: 4 | Q64: 4 | R64: =SUM(P64:Q64) -> 8 | S64: 15 | T64: 36 | U64: =SUM(S64:T64) -> 51
B65: i. | C65: Gula darah sewaktu | F65: =SUM(D65:E65) -> 0 | I65: =SUM(G65:H65) -> 0 | L65: =SUM(J65:K65) -> 0 | M65: 17 | N65: 37 | O65: =SUM(M65:N65) -> 54 | P65: 3 | Q65: 11 | R65: =SUM(P65:Q65) -> 14 | S65: 28 | T65: 72 | U65: =SUM(S65:T65) -> 100
B66: j. | C66: Gula darah puasa | F66: =SUM(D66:E66) -> 0 | I66: =SUM(G66:H66) -> 0 | L66: =SUM(J66:K66) -> 0 | M66: 10 | N66: 13 | O66: =SUM(M66:N66) -> 23 | P66: 2 | Q66: 5 | R66: =SUM(P66:Q66) -> 7 | S66: 3 | T66: 6 | U66: =SUM(S66:T66) -> 9
B67: k. | C67: Urin Acid | F67: =SUM(D67:E67) -> 0 | I67: =SUM(G67:H67) -> 0 | L67: =SUM(J67:K67) -> 0 | M67: 0 | N67: 0 | O67: =SUM(M67:N67) -> 0 | P67: 4 | Q67: 4 | R67: =SUM(P67:Q67) -> 8 | U67: =SUM(S67:T67) -> 0
B68: l. | C68: Cholestrol | F68: =SUM(D68:E68) -> 0 | I68: =SUM(G68:H68) -> 0 | L68: =SUM(J68:K68) -> 0 | M68: 23 | N68: 27 | O68: =SUM(M68:N68) -> 50 | P68: 3 | Q68: 5 | R68: =SUM(P68:Q68) -> 8 | S68: 14 | T68: 41 | U68: =SUM(S68:T68) -> 55
B69: m. | C69: Protein Urine | F69: =SUM(D69:E69) -> 0 | I69: =SUM(G69:H69) -> 0 | L69: =SUM(J69:K69) -> 0 | M69: 0 | N69: 8 | O69: =SUM(M69:N69) -> 8 | P69: 0 | Q69: 0 | R69: =SUM(P69:Q69) -> 0 | T69: 4 | U69: =SUM(S69:T69) -> 4
B70: n. | C70: HIV | F70: =SUM(D70:E70) -> 0 | I70: =SUM(G70:H70) -> 0 | L70: =SUM(J70:K70) -> 0 | M70: 0 | N70: 12 | O70: =SUM(M70:N70) -> 12 | P70: 0 | Q70: 9 | R70: =SUM(P70:Q70) -> 9 | S70: 5 | T70: 16 | U70: =SUM(S70:T70) -> 21
B71: o. | C71: SYPHILIS | F71: =SUM(D71:E71) -> 0 | I71: =SUM(G71:H71) -> 0 | L71: =SUM(J71:K71) -> 0 | M71: 0 | N71: 12 | O71: =SUM(M71:N71) -> 12 | P71: 1 | Q71: 9 | R71: =SUM(P71:Q71) -> 10 | S71: 5 | T71: 16 | U71: =SUM(S71:T71) -> 21
B72: p. | C72: HBSAg | F72: =SUM(D72:E72) -> 0 | I72: =SUM(G72:H72) -> 0 | L72: =SUM(J72:K72) -> 0 | M72: 0 | N72: 12 | O72: =SUM(M72:N72) -> 12 | P72: 1 | Q72: 9 | R72: =SUM(P72:Q72) -> 10 | S72: 6 | T72: 21 | U72: =SUM(S72:T72) -> 27
B73: q. | C73: Malaria P.V (Jika positip isi jenis plasmodiumnya) | F73: =SUM(D73:E73) -> 0 | I73: =SUM(G73:H73) -> 0 | L73: =SUM(J73:K73) -> 0 | M73: 0 | N73: 11 | O73: =SUM(M73:N73) -> 11 | P73: 0 | Q73: 9 | R73: =SUM(P73:Q73) -> 9 | S73: 1 | T73: 7 | U73: =SUM(S73:T73) -> 8
B74: r. | C74: Widal | F74: =SUM(D74:E74) -> 0 | I74: =SUM(G74:H74) -> 0 | L74: =SUM(J74:K74) -> 0 | M74: 0 | N74: 0 | O74: =SUM(M74:N74) -> 0 | P74: 0 | Q74: 0 | R74: =SUM(P74:Q74) -> 0 | U74: =SUM(S74:T74) -> 0
B75: s. | C75: Sputum BTA | F75: =SUM(D75:E75) -> 0 | I75: =SUM(G75:H75) -> 0 | L75: =SUM(J75:K75) -> 0 | M75: 0 | N75: 0 | O75: =SUM(M75:N75) -> 0 | R75: =SUM(P75:Q75) -> 0 | U75: =SUM(S75:T75) -> 0
B76: t. | C76: Test Kehamilan | F76: =SUM(D76:E76) -> 0 | I76: =SUM(G76:H76) -> 0 | L76: =SUM(J76:K76) -> 0 | M76: 0 | N76: 15 | O76: =SUM(M76:N76) -> 15 | P76: 0 | Q76: 4 | R76: =SUM(P76:Q76) -> 4 | T76: 5 | U76: =SUM(S76:T76) -> 5
B77: u. | C77: Tinja | F77: =SUM(D77:E77) -> 0 | I77: =SUM(G77:H77) -> 0 | L77: =SUM(J77:K77) -> 0 | M77: 0 | N77: 0 | O77: =SUM(M77:N77) -> 0 | P77: 0 | Q77: 0 | R77: =SUM(P77:Q77) -> 0 | U77: =SUM(S77:T77) -> 0
B78: v. | C78: Urine Lengkap | F78: =SUM(D78:E78) -> 0 | I78: =SUM(G78:H78) -> 0 | L78: =SUM(J78:K78) -> 0 | M78: 2 | N78: 8 | O78: =SUM(M78:N78) -> 10 | P78: 0 | Q78: 0 | R78: =SUM(P78:Q78) -> 0 | U78: =SUM(S78:T78) -> 0
B79: w. | C79: Urine Sedimen | F79: =SUM(D79:E79) -> 0 | I79: =SUM(G79:H79) -> 0 | L79: =SUM(J79:K79) -> 0 | M79: 0 | N79: 0 | O79: =SUM(M79:N79) -> 0 | P79: 0 | Q79: 0 | R79: =SUM(P79:Q79) -> 0 | U79: =SUM(S79:T79) -> 0

Sheet JUNI
A2: LAPORAN LABORATORIUM
A3: DI PUSKESMAS KABUPATEN ROTE NDAO
A4: JUNI 2026
A6: No. | B6: ELEMEN DATA | D6: BAA | G6: BATUTUA | J6: BUSALANGGA | M6: DELHA | P6: EAHUN | S6: FEAPOPI
D7: L | E7: P | F7: TOTAL | G7: L | H7: P | I7: TOTAL | J7: L | K7: P | L7: TOTAL | M7: L | N7: P | O7: TOTAL | P7: L | Q7: P | R7: TOTAL | S7: L | T7: P | U7: TOTAL
A8: 1 | B8: Total Kunjungan Laboratorium | D8: =D9+D18 -> 0 | E8: =E9+E18 -> 0 | F8: =F9+F18 -> 0 | G8: =G9+G18 -> 124 | H8: =H9+H18 -> 491 | I8: =I9+I18 -> 615 | J8: =J9+J18 -> 49 | K8: =K9+K18 -> 368 | ... U8: =U9+U18 -> 0
A9: 2 | B9: Peminta Tes Laboratorium | D9: =SUM(D10:D17) -> 0 | E9: =SUM(E10:E17) -> 0 | F9: =SUM(F10:F17) -> 0 | G9: =SUM(G10:G17) -> 51 | H9: =SUM(H10:H17) -> 115 | I9: =SUM(I10:I17) -> 166 | J9: =SUM(J10:J17) -> 0 | K9: =SUM(K10:K17) -> 0 | ... U9: =SUM(U10:U17) -> 0
B10: a. | C10: Poli umum | F10: =SUM(D10:E10) -> 0 | G10: 46 | H10: 61 | I10: =SUM(G10:H10) -> 107 | L10: =SUM(J10:K10) -> 0 | M10: 37 | N10: 72 | O10: =SUM(M10:N10) -> 109 | R10: =SUM(P10:Q10) -> 0 | U10: =SUM(S10:T10) -> 0
B11: b. | C11: KIA / KB | F11: =SUM(D11:E11) -> 0 | G11: 0 | H11: 46 | I11: =SUM(G11:H11) -> 46 | J11: 0 | L11: =SUM(J11:K11) -> 0 | M11: 0 | N11: 27 | O11: =SUM(M11:N11) -> 27 | R11: =SUM(P11:Q11) -> 0 | U11: =SUM(S11:T11) -> 0
B12: c. | C12: Rawat inap | F12: =SUM(D12:E12) -> 0 | G12: 0 | H12: 0 | I12: =SUM(G12:H12) -> 0 | L12: =SUM(J12:K12) -> 0 | M12: 0 | N12: 0 | O12: =SUM(M12:N12) -> 0 | R12: =SUM(P12:Q12) -> 0 | U12: =SUM(S12:T12) -> 0
B13: d. | C13: Unit gawat darurat | F13: =SUM(D13:E13) -> 0 | G13: 5 | H13: 0 | I13: =SUM(G13:H13) -> 5 | L13: =SUM(J13:K13) -> 0 | M13: 2 | N13: 11 | O13: =SUM(M13:N13) -> 13 | R13: =SUM(P13:Q13) -> 0 | U13: =SUM(S13:T13) -> 0
B14: e. | C14: MTBS | F14: =SUM(D14:E14) -> 0 | G14: 0 | H14: 3 | I14: =SUM(G14:H14) -> 3 | L14: =SUM(J14:K14) -> 0 | M14: 4 | N14: 4 | O14: =SUM(M14:N14) -> 8 | R14: =SUM(P14:Q14) -> 0 | U14: =SUM(S14:T14) -> 0
B15: f. | C15: Poli Gigi | F15: =SUM(D15:E15) -> 0 | G15: 0 | H15: 0 | I15: =SUM(G15:H15) -> 0 | L15: =SUM(J15:K15) -> 0 | M15: 0 | N15: 0 | O15: =SUM(M15:N15) -> 0 | R15: =SUM(P15:Q15) -> 0 | U15: =SUM(S15:T15) -> 0
B16: g. | C16: PONED | F16: =SUM(D16:E16) -> 0 | G16: 0 | H16: 5 | I16: =SUM(G16:H16) -> 5 | L16: =SUM(J16:K16) -> 0 | M16: 6 | N16: 20 | O16: =SUM(M16:N16) -> 26 | R16: =SUM(P16:Q16) -> 0 | U16: =SUM(S16:T16) -> 0
B17: h. | C17: Pustu | F17: =SUM(D17:E17) -> 0 | G17: 0 | H17: 0 | I17: =SUM(G17:H17) -> 0 | L17: =SUM(J17:K17) -> 0 | M17: 2 | N17: 8 | O17: =SUM(M17:N17) -> 10 | R17: =SUM(P17:Q17) -> 0 | U17: =SUM(S17:T17) -> 0
A18: 3 | B18: Jumlah Pemeriksaan Laboratorium | D18: =SUM(D19:D41) -> 0 | E18: =SUM(E19:E41) -> 0 | F18: =SUM(F19:F41) -> 0 | G18: =SUM(G19:G41) -> 73 | H18: =SUM(H19:H41) -> 376 | I18: =SUM(I19:I41) -> 449 | J18: =SUM(J19:J41) -> 49 | K18: =SUM(K19:K41) -> 368 | ... U18: =SUM(U19:U41) -> 0
B19: a. | C19: Golongan darah | F19: =SUM(D19:E19) -> 0 | G19: 1 | H19: 39 | I19: =SUM(G19:H19) -> 40 | J19: 1 | K19: 13 | L19: =SUM(J19:K19) -> 14 | M19: 3 | N19: 11 | O19: =SUM(M19:N19) -> 14 | R19: =SUM(P19:Q19) -> 0 | U19: =SUM(S19:T19) -> 0
B20: b. | C20: Hb | F20: =SUM(D20:E20) -> 0 | G20: 1 | H20: 45 | I20: =SUM(G20:H20) -> 46 | J20: 0 | K20: 38 | L20: =SUM(J20:K20) -> 38 | M20: 5 | N20: 56 | O20: =SUM(M20:N20) -> 61 | R20: =SUM(P20:Q20) -> 0 | U20: =SUM(S20:T20) -> 0
B21: c. | C21: Leukosit | F21: =SUM(D21:E21) -> 0 | G21: 0 | H21: 0 | I21: =SUM(G21:H21) -> 0 | L21: =SUM(J21:K21) -> 0 | M21: 0 | N21: 0 | O21: =SUM(M21:N21) -> 0 | R21: =SUM(P21:Q21) -> 0 | U21: =SUM(S21:T21) -> 0
B22: d. | C22: Eritrosit | F22: =SUM(D22:E22) -> 0 | G22: 0 | H22: 0 | I22: =SUM(G22:H22) -> 0 | L22: =SUM(J22:K22) -> 0 | M22: 0 | N22: 0 | O22: =SUM(M22:N22) -> 0 | R22: =SUM(P22:Q22) -> 0 | U22: =SUM(S22:T22) -> 0
B23: e. | C23: HCT | F23: =SUM(D23:E23) -> 0 | G23: 0 | H23: 0 | I23: =SUM(G23:H23) -> 0 | J23: 0 | K23: 38 | L23: =SUM(J23:K23) -> 38 | M23: 0 | N23: 0 | O23: =SUM(M23:N23) -> 0 | R23: =SUM(P23:Q23) -> 0 | U23: =SUM(S23:T23) -> 0
B24: f. | C24: Glukosa Post pandiel ( 2 jam PP ) | F24: =SUM(D24:E24) -> 0 | G24: 0 | H24: 1 | I24: =SUM(G24:H24) -> 1 | L24: =SUM(J24:K24) -> 0 | M24: 2 | N24: 0 | O24: =SUM(M24:N24) -> 2 | R24: =SUM(P24:Q24) -> 0 | U24: =SUM(S24:T24) -> 0
B25: g. | C25: Gulukosa Urine | F25: =SUM(D25:E25) -> 0 | G25: 0 | H25: 18 | I25: =SUM(G25:H25) -> 18 | L25: =SUM(J25:K25) -> 0 | M25: 0 | N25: 0 | O25: =SUM(M25:N25) -> 0 | R25: =SUM(P25:Q25) -> 0 | U25: =SUM(S25:T25) -> 0
B26: h. | C26: Asam Urat | F26: =SUM(D26:E26) -> 0 | G26: 16 | H26: 24 | I26: =SUM(G26:H26) -> 40 | J26: 0 | K26: 38 | L26: =SUM(J26:K26) -> 38 | M26: 18 | N26: 27 | O26: =SUM(M26:N26) -> 45 | R26: =SUM(P26:Q26) -> 0 | U26: =SUM(S26:T26) -> 0
B27: i. | C27: Gula darah sewaktu | F27: =SUM(D27:E27) -> 0 | G27: 16 | H27: 54 | I27: =SUM(G27:H27) -> 70 | J27: 15 | K27: 56 | L27: =SUM(J27:K27) -> 71 | M27: 33 | N27: 102 | O27: =SUM(M27:N27) -> 135 | R27: =SUM(P27:Q27) -> 0 | U27: =SUM(S27:T27) -> 0
B28: j. | C28: Gula darah puasa | F28: =SUM(D28:E28) -> 0 | G28: 13 | H28: 29 | I28: =SUM(G28:H28) -> 42 | J28: 8 | K28: 29 | L28: =SUM(J28:K28) -> 37 | M28: 2 | N28: 2 | O28: =SUM(M28:N28) -> 4 | R28: =SUM(P28:Q28) -> 0 | U28: =SUM(S28:T28) -> 0
B29: k. | C29: Urin Acid | F29: =SUM(D29:E29) -> 0 | G29: 0 | H29: 0 | I29: =SUM(G29:H29) -> 0 | L29: =SUM(J29:K29) -> 0 | M29: 0 | N29: 0 | O29: =SUM(M29:N29) -> 0 | R29: =SUM(P29:Q29) -> 0 | U29: =SUM(S29:T29) -> 0
B30: l. | C30: Cholestrol | F30: =SUM(D30:E30) -> 0 | G30: 20 | H30: 37 | I30: =SUM(G30:H30) -> 57 | J30: 5 | K30: 13 | L30: =SUM(J30:K30) -> 18 | M30: 16 | N30: 22 | O30: =SUM(M30:N30) -> 38 | R30: =SUM(P30:Q30) -> 0 | U30: =SUM(S30:T30) -> 0
B31: m. | C31: Protein Urine | F31: =SUM(D31:E31) -> 0 | G31: 0 | H31: 18 | I31: =SUM(G31:H31) -> 18 | L31: =SUM(J31:K31) -> 0 | M31: 0 | N31: 0 | O31: =SUM(M31:N31) -> 0 | R31: =SUM(P31:Q31) -> 0 | U31: =SUM(S31:T31) -> 0
B32: n. | C32: HIV | F32: =SUM(D32:E32) -> 0 | G32: 2 | H32: 30 | I32: =SUM(G32:H32) -> 32 | J32: 18 | K32: 57 | L32: =SUM(J32:K32) -> 75 | M32: 0 | N32: 14 | O32: =SUM(M32:N32) -> 14 | R32: =SUM(P32:Q32) -> 0 | U32: =SUM(S32:T32) -> 0
B33: o. | C33: SYPHILIS | F33: =SUM(D33:E33) -> 0 | G33: 1 | H33: 30 | I33: =SUM(G33:H33) -> 31 | J33: 1 | K33: 56 | L33: =SUM(J33:K33) -> 57 | M33: 0 | N33: 13 | O33: =SUM(M33:N33) -> 13 | R33: =SUM(P33:Q33) -> 0 | U33: =SUM(S33:T33) -> 0
B34: p. | C34: HBSAg | F34: =SUM(D34:E34) -> 0 | G34: 3 | H34: 30 | I34: =SUM(G34:H34) -> 33 | J34: 1 | K34: 30 | L34: =SUM(J34:K34) -> 31 | M34: 3 | N34: 16 | O34: =SUM(M34:N34) -> 19 | R34: =SUM(P34:Q34) -> 0 | U34: =SUM(S34:T34) -> 0
B35: q. | C35: Malaria P.V (Jika positip isi jenis plasmodiumnya) | F35: =SUM(D35:E35) -> 0 | G35: 0 | H35: 0 | I35: =SUM(G35:H35) -> 0 | L35: =SUM(J35:K35) -> 0 | M35: 2 | N35: 21 | O35: =SUM(M35:N35) -> 23 | R35: =SUM(P35:Q35) -> 0 | U35: =SUM(S35:T35) -> 0
B36: r. | C36: Widal | F36: =SUM(D36:E36) -> 0 | G36: 0 | H36: 0 | I36: =SUM(G36:H36) -> 0 | L36: =SUM(J36:K36) -> 0 | M36: 0 | N36: 0 | O36: =SUM(M36:N36) -> 0 | R36: =SUM(P36:Q36) -> 0 | U36: =SUM(S36:T36) -> 0
B37: s. | C37: Sputum BTA | F37: =SUM(D37:E37) -> 0 | G37: 0 | H37: 0 | I37: =SUM(G37:H37) -> 0 | L37: =SUM(J37:K37) -> 0 | M37: 0 | N37: 0 | O37: =SUM(M37:N37) -> 0 | R37: =SUM(P37:Q37) -> 0 | U37: =SUM(S37:T37) -> 0
B38: t. | C38: Test Kehamilan | F38: =SUM(D38:E38) -> 0 | G38: 0 | H38: 21 | I38: =SUM(G38:H38) -> 21 | L38: =SUM(J38:K38) -> 0 | M38: 0 | N38: 13 | O38: =SUM(M38:N38) -> 13 | R38: =SUM(P38:Q38) -> 0 | U38: =SUM(S38:T38) -> 0
B39: u. | C39: Tinja | F39: =SUM(D39:E39) -> 0 | G39: 0 | H39: 0 | I39: =SUM(G39:H39) -> 0 | L39: =SUM(J39:K39) -> 0 | M39: 0 | N39: 0 | O39: =SUM(M39:N39) -> 0 | R39: =SUM(P39:Q39) -> 0 | U39: =SUM(S39:T39) -> 0
B40: v. | C40: Urine Lengkap | F40: =SUM(D40:E40) -> 0 | G40: 0 | H40: 0 | I40: =SUM(G40:H40) -> 0 | L40: =SUM(J40:K40) -> 0 | M40: 4 | N40: 19 | O40: =SUM(M40:N40) -> 23 | R40: =SUM(P40:Q40) -> 0 | U40: =SUM(S40:T40) -> 0
B41: w. | C41: Urine Sedimen | F41: =SUM(D41:E41) -> 0 | G41: 0 | H41: 0 | I41: =SUM(G41:H41) -> 0 | L41: =SUM(J41:K41) -> 0 | M41: 0 | N41: 0 | O41: =SUM(M41:N41) -> 0 | R41: =SUM(P41:Q41) -> 0 | U41: =SUM(S41:T41) -> 0
A44: No. | B44: ELEMEN DATA | D44: KORBAFO | G44: NDAO | J44: OELABA | M44: OELE | P44: SONIMANU | S44: SOTIMORI
D45: L | E45: P | F45: TOTAL | G45: L | H45: P | I45: TOTAL | J45: L | K45: P | L45: TOTAL | M45: L | N45: P | O45: TOTAL | P45: L | Q45: P | R45: TOTAL | S45: L | T45: P | U45: TOTAL
A46: 1 | B46: Total Kunjungan Laboratorium | D46: =D47+D56 -> 0 | E46: =E47+E56 -> 0 | F46: =F47+F56 -> 0 | G46: =G47+G56 -> 0 | H46: =H47+H56 -> 0 | I46: =I47+I56 -> 0 | J46: =J47+J56 -> 0 | K46: =K47+K56 -> 0 | ... U46: =U47+U56 -> 288
A47: 2 | B47: Peminta Tes Laboratorium | D47: =SUM(D48:D55) -> 0 | E47: =SUM(E48:E55) -> 0 | F47: =SUM(F48:F55) -> 0 | G47: =SUM(G48:G55) -> 0 | H47: =SUM(H48:H55) -> 0 | I47: =SUM(I48:I55) -> 0 | J47: =SUM(J48:J55) -> 0 | K47: =SUM(K48:K55) -> 0 | ... U47: =SUM(U48:U55) -> 64
B48: a. | C48: Poli umum | F48: =SUM(D48:E48) -> 0 | I48: =SUM(G48:H48) -> 0 | L48: =SUM(J48:K48) -> 0 | M48: 15 | N48: 25 | O48: =SUM(M48:N48) -> 40 | P48: 10 | Q48: 21 | R48: =SUM(P48:Q48) -> 31 | S48: 18 | T48: 34 | U48: =SUM(S48:T48) -> 52
B49: b. | C49: KIA / KB | F49: =SUM(D49:E49) -> 0 | I49: =SUM(G49:H49) -> 0 | L49: =SUM(J49:K49) -> 0 | M49: 0 | N49: 13 | O49: =SUM(M49:N49) -> 13 | P49: 0 | Q49: 11 | R49: =SUM(P49:Q49) -> 11 | S49: 1 | T49: 11 | U49: =SUM(S49:T49) -> 12
B50: c. | C50: Rawat inap | F50: =SUM(D50:E50) -> 0 | I50: =SUM(G50:H50) -> 0 | L50: =SUM(J50:K50) -> 0 | M50: 1 | N50: 1 | O50: =SUM(M50:N50) -> 2 | P50: 0 | Q50: 0 | R50: =SUM(P50:Q50) -> 0 | U50: =SUM(S50:T50) -> 0
B51: d. | C51: Unit gawat darurat | F51: =SUM(D51:E51) -> 0 | I51: =SUM(G51:H51) -> 0 | L51: =SUM(J51:K51) -> 0 | M51: 11 | N51: 9 | O51: =SUM(M51:N51) -> 20 | P51: 0 | Q51: 0 | R51: =SUM(P51:Q51) -> 0 | U51: =SUM(S51:T51) -> 0
B52: e. | C52: MTBS | F52: =SUM(D52:E52) -> 0 | I52: =SUM(G52:H52) -> 0 | L52: =SUM(J52:K52) -> 0 | M52: 1 | N52: 1 | O52: =SUM(M52:N52) -> 2 | P52: 1 | Q52: 1 | R52: =SUM(P52:Q52) -> 2 | U52: =SUM(S52:T52) -> 0
B53: f. | C53: Poli Gigi | F53: =SUM(D53:E53) -> 0 | I53: =SUM(G53:H53) -> 0 | L53: =SUM(J53:K53) -> 0 | M53: 0 | N53: 0 | O53: =SUM(M53:N53) -> 0 | P53: 0 | Q53: 0 | R53: =SUM(P53:Q53) -> 0 | U53: =SUM(S53:T53) -> 0
B54: g. | C54: PONED | F54: =SUM(D54:E54) -> 0 | I54: =SUM(G54:H54) -> 0 | L54: =SUM(J54:K54) -> 0 | M54: 0 | N54: 0 | O54: =SUM(M54:N54) -> 0 | P54: 0 | Q54: 1 | R54: =SUM(P54:Q54) -> 1 | U54: =SUM(S54:T54) -> 0
B55: h. | C55: Pustu | F55: =SUM(D55:E55) -> 0 | I55: =SUM(G55:H55) -> 0 | L55: =SUM(J55:K55) -> 0 | M55: 0 | N55: 0 | O55: =SUM(M55:N55) -> 0 | P55: 0 | Q55: 0 | R55: =SUM(P55:Q55) -> 0 | U55: =SUM(S55:T55) -> 0
A56: 3 | B56: Jumlah Pemeriksaan Laboratorium | D56: =SUM(D57:D79) -> 0 | E56: =SUM(E57:E79) -> 0 | F56: =SUM(F57:F79) -> 0 | G56: =SUM(G57:G79) -> 0 | H56: =SUM(H57:H79) -> 0 | I56: =SUM(I57:I79) -> 0 | J56: =SUM(J57:J79) -> 0 | K56: =SUM(K57:K79) -> 0 | ... U56: =SUM(U57:U79) -> 224
B57: a. | C57: Golongan darah | F57: =SUM(D57:E57) -> 0 | I57: =SUM(G57:H57) -> 0 | L57: =SUM(J57:K57) -> 0 | M57: 2 | N57: 2 | O57: =SUM(M57:N57) -> 4 | P57: 2 | Q57: 7 | R57: =SUM(P57:Q57) -> 9 | T57: 9 | U57: =SUM(S57:T57) -> 9
B58: b. | C58: Hb | F58: =SUM(D58:E58) -> 0 | I58: =SUM(G58:H58) -> 0 | L58: =SUM(J58:K58) -> 0 | M58: 15 | N58: 19 | O58: =SUM(M58:N58) -> 34 | P58: 3 | Q58: 19 | R58: =SUM(P58:Q58) -> 22 | S58: 3 | T58: 18 | U58: =SUM(S58:T58) -> 21
B59: c. | C59: Leukosit | F59: =SUM(D59:E59) -> 0 | I59: =SUM(G59:H59) -> 0 | L59: =SUM(J59:K59) -> 0 | M59: 0 | N59: 0 | O59: =SUM(M59:N59) -> 0 | P59: 0 | Q59: 0 | R59: =SUM(P59:Q59) -> 0 | U59: =SUM(S59:T59) -> 0
B60: d. | C60: Eritrosit | F60: =SUM(D60:E60) -> 0 | I60: =SUM(G60:H60) -> 0 | L60: =SUM(J60:K60) -> 0 | M60: 0 | N60: 0 | O60: =SUM(M60:N60) -> 0 | P60: 0 | Q60: 0 | R60: =SUM(P60:Q60) -> 0 | U60: =SUM(S60:T60) -> 0
B61: e. | C61: HCT | F61: =SUM(D61:E61) -> 0 | I61: =SUM(G61:H61) -> 0 | L61: =SUM(J61:K61) -> 0 | M61: 0 | N61: 0 | O61: =SUM(M61:N61) -> 0 | P61: 3 | Q61: 0 | R61: =SUM(P61:Q61) -> 3 | S61: 2 | T61: 13 | U61: =SUM(S61:T61) -> 15
B62: f. | C62: Glukosa Post pandiel ( 2 jam PP ) | F62: =SUM(D62:E62) -> 0 | I62: =SUM(G62:H62) -> 0 | L62: =SUM(J62:K62) -> 0 | M62: 0 | N62: 0 | O62: =SUM(M62:N62) -> 0 | P62: 0 | Q62: 0 | R62: =SUM(P62:Q62) -> 0 | U62: =SUM(S62:T62) -> 0
B63: g. | C63: Gulukosa Urine | F63: =SUM(D63:E63) -> 0 | I63: =SUM(G63:H63) -> 0 | L63: =SUM(J63:K63) -> 0 | M63: 0 | N63: 0 | O63: =SUM(M63:N63) -> 0 | P63: 0 | Q63: 0 | R63: =SUM(P63:Q63) -> 0 | U63: =SUM(S63:T63) -> 0
B64: h. | C64: Asam Urat | F64: =SUM(D64:E64) -> 0 | I64: =SUM(G64:H64) -> 0 | L64: =SUM(J64:K64) -> 0 | M64: 15 | N64: 31 | O64: =SUM(M64:N64) -> 46 | P64: 5 | Q64: 10 | R64: =SUM(P64:Q64) -> 15 | S64: 11 | T64: 24 | U64: =SUM(S64:T64) -> 35
B65: i. | C65: Gula darah sewaktu | F65: =SUM(D65:E65) -> 0 | I65: =SUM(G65:H65) -> 0 | L65: =SUM(J65:K65) -> 0 | M65: 14 | N65: 30 | O65: =SUM(M65:N65) -> 44 | P65: 6 | Q65: 21 | R65: =SUM(P65:Q65) -> 27 | S65: 12 | T65: 32 | U65: =SUM(S65:T65) -> 44
B66: j. | C66: Gula darah puasa | F66: =SUM(D66:E66) -> 0 | I66: =SUM(G66:H66) -> 0 | L66: =SUM(J66:K66) -> 0 | M66: 0 | N66: 0 | O66: =SUM(M66:N66) -> 0 | P66: 0 | Q66: 4 | R66: =SUM(P66:Q66) -> 4 | S66: 3 | T66: 5 | U66: =SUM(S66:T66) -> 8
B67: k. | C67: Urin Acid | F67: =SUM(D67:E67) -> 0 | I67: =SUM(G67:H67) -> 0 | L67: =SUM(J67:K67) -> 0 | M67: 0 | N67: 0 | O67: =SUM(M67:N67) -> 0 | R67: =SUM(P67:Q67) -> 0 | U67: =SUM(S67:T67) -> 0
B68: l. | C68: Cholestrol | F68: =SUM(D68:E68) -> 0 | I68: =SUM(G68:H68) -> 0 | L68: =SUM(J68:K68) -> 0 | M68: 14 | N68: 31 | O68: =SUM(M68:N68) -> 45 | P68: 5 | Q68: 12 | R68: =SUM(P68:Q68) -> 17 | S68: 11 | T68: 25 | U68: =SUM(S68:T68) -> 36
B69: m. | C69: Protein Urine | F69: =SUM(D69:E69) -> 0 | I69: =SUM(G69:H69) -> 0 | L69: =SUM(J69:K69) -> 0 | M69: 0 | N69: 1 | O69: =SUM(M69:N69) -> 1 | P69: 0 | Q69: 0 | R69: =SUM(P69:Q69) -> 0 | T69: 4 | U69: =SUM(S69:T69) -> 4
B70: n. | C70: HIV | F70: =SUM(D70:E70) -> 0 | I70: =SUM(G70:H70) -> 0 | L70: =SUM(J70:K70) -> 0 | M70: 0 | N70: 5 | O70: =SUM(M70:N70) -> 5 | P70: 0 | Q70: 9 | R70: =SUM(P70:Q70) -> 9 | S70: 1 | T70: 10 | U70: =SUM(S70:T70) -> 11
B71: o. | C71: SYPHILIS | F71: =SUM(D71:E71) -> 0 | I71: =SUM(G71:H71) -> 0 | L71: =SUM(J71:K71) -> 0 | M71: 0 | N71: 5 | O71: =SUM(M71:N71) -> 5 | P71: 0 | Q71: 8 | R71: =SUM(P71:Q71) -> 8 | S71: 2 | T71: 9 | U71: =SUM(S71:T71) -> 11
B72: p. | C72: HBSAg | F72: =SUM(D72:E72) -> 0 | I72: =SUM(G72:H72) -> 0 | L72: =SUM(J72:K72) -> 0 | M72: 0 | N72: 5 | O72: =SUM(M72:N72) -> 5 | P72: 0 | Q72: 8 | R72: =SUM(P72:Q72) -> 8 | S72: 1 | T72: 10 | U72: =SUM(S72:T72) -> 11
B73: q. | C73: Malaria P.V (Jika positip isi jenis plasmodiumnya) | F73: =SUM(D73:E73) -> 0 | I73: =SUM(G73:H73) -> 0 | L73: =SUM(J73:K73) -> 0 | M73: 0 | N73: 3 | O73: =SUM(M73:N73) -> 3 | P73: 0 | Q73: 9 | R73: =SUM(P73:Q73) -> 9 | S73: 2 | T73: 9 | U73: =SUM(S73:T73) -> 11
B74: r. | C74: Widal | F74: =SUM(D74:E74) -> 0 | I74: =SUM(G74:H74) -> 0 | L74: =SUM(J74:K74) -> 0 | M74: 0 | N74: 0 | O74: =SUM(M74:N74) -> 0 | P74: 0 | Q74: 0 | R74: =SUM(P74:Q74) -> 0 | U74: =SUM(S74:T74) -> 0
B75: s. | C75: Sputum BTA | F75: =SUM(D75:E75) -> 0 | I75: =SUM(G75:H75) -> 0 | L75: =SUM(J75:K75) -> 0 | M75: 0 | N75: 0 | O75: =SUM(M75:N75) -> 0 | R75: =SUM(P75:Q75) -> 0 | U75: =SUM(S75:T75) -> 0
B76: t. | C76: Test Kehamilan | F76: =SUM(D76:E76) -> 0 | I76: =SUM(G76:H76) -> 0 | L76: =SUM(J76:K76) -> 0 | M76: 0 | N76: 8 | O76: =SUM(M76:N76) -> 8 | P76: 0 | Q76: 4 | R76: =SUM(P76:Q76) -> 4 | T76: 8 | U76: =SUM(S76:T76) -> 8
B77: u. | C77: Tinja | F77: =SUM(D77:E77) -> 0 | I77: =SUM(G77:H77) -> 0 | L77: =SUM(J77:K77) -> 0 | M77: 0 | N77: 0 | O77: =SUM(M77:N77) -> 0 | P77: 0 | Q77: 0 | R77: =SUM(P77:Q77) -> 0 | U77: =SUM(S77:T77) -> 0
B78: v. | C78: Urine Lengkap | F78: =SUM(D78:E78) -> 0 | I78: =SUM(G78:H78) -> 0 | L78: =SUM(J78:K78) -> 0 | M78: 0 | N78: 1 | O78: =SUM(M78:N78) -> 1 | P78: 0 | Q78: 0 | R78: =SUM(P78:Q78) -> 0 | U78: =SUM(S78:T78) -> 0
B79: w. | C79: Urine Sedimen | F79: =SUM(D79:E79) -> 0 | I79: =SUM(G79:H79) -> 0 | L79: =SUM(J79:K79) -> 0 | M79: 0 | N79: 0 | O79: =SUM(M79:N79) -> 0 | P79: 0 | Q79: 1 | R79: =SUM(P79:Q79) -> 1 | U79: =SUM(S79:T79) -> 0

Sheet JULI
A2: LAPORAN LABORATORIUM
A3: DI PUSKESMAS KABUPATEN ROTE NDAO
A4: JULI 2026
A6: No. | B6: ELEMEN DATA | D6: BAA | G6: BATUTUA | J6: BUSALANGGA | M6: DELHA | P6: EAHUN | S6: FEAPOPI
D7: L | E7: P | F7: TOTAL | G7: L | H7: P | I7: TOTAL | J7: L | K7: P | L7: TOTAL | M7: L | N7: P | O7: TOTAL | P7: L | Q7: P | R7: TOTAL | S7: L | T7: P | U7: TOTAL
A8: 1 | B8: Total Kunjungan Laboratorium | D8: =D9+D18 -> 0 | E8: =E9+E18 -> 0 | F8: =F9+F18 -> 0 | G8: =G9+G18 -> 0 | H8: =H9+H18 -> 0 | I8: =I9+I18 -> 0 | J8: =J9+J18 -> 0 | K8: =K9+K18 -> 0 | ... U8: =U9+U18 -> 0
A9: 2 | B9: Peminta Tes Laboratorium | D9: =SUM(D10:D17) -> 0 | E9: =SUM(E10:E17) -> 0 | F9: =SUM(F10:F17) -> 0 | G9: =SUM(G10:G17) -> 0 | H9: =SUM(H10:H17) -> 0 | I9: =SUM(I10:I17) -> 0 | J9: =SUM(J10:J17) -> 0 | K9: =SUM(K10:K17) -> 0 | ... U9: =SUM(U10:U17) -> 0
B10: a. | C10: Poli umum | F10: =SUM(D10:E10) -> 0 | I10: =SUM(G10:H10) -> 0 | L10: =SUM(J10:K10) -> 0 | O10: =SUM(M10:N10) -> 0 | R10: =SUM(P10:Q10) -> 0 | U10: =SUM(S10:T10) -> 0
B11: b. | C11: KIA / KB | F11: =SUM(D11:E11) -> 0 | I11: =SUM(G11:H11) -> 0 | L11: =SUM(J11:K11) -> 0 | O11: =SUM(M11:N11) -> 0 | R11: =SUM(P11:Q11) -> 0 | U11: =SUM(S11:T11) -> 0
B12: c. | C12: Rawat inap | F12: =SUM(D12:E12) -> 0 | I12: =SUM(G12:H12) -> 0 | L12: =SUM(J12:K12) -> 0 | O12: =SUM(M12:N12) -> 0 | R12: =SUM(P12:Q12) -> 0 | U12: =SUM(S12:T12) -> 0
B13: d. | C13: Unit gawat darurat | F13: =SUM(D13:E13) -> 0 | I13: =SUM(G13:H13) -> 0 | L13: =SUM(J13:K13) -> 0 | O13: =SUM(M13:N13) -> 0 | R13: =SUM(P13:Q13) -> 0 | U13: =SUM(S13:T13) -> 0
B14: e. | C14: MTBS | F14: =SUM(D14:E14) -> 0 | I14: =SUM(G14:H14) -> 0 | L14: =SUM(J14:K14) -> 0 | O14: =SUM(M14:N14) -> 0 | R14: =SUM(P14:Q14) -> 0 | U14: =SUM(S14:T14) -> 0
B15: f. | C15: Poli Gigi | F15: =SUM(D15:E15) -> 0 | I15: =SUM(G15:H15) -> 0 | L15: =SUM(J15:K15) -> 0 | O15: =SUM(M15:N15) -> 0 | R15: =SUM(P15:Q15) -> 0 | U15: =SUM(S15:T15) -> 0
B16: g. | C16: PONED | F16: =SUM(D16:E16) -> 0 | I16: =SUM(G16:H16) -> 0 | L16: =SUM(J16:K16) -> 0 | O16: =SUM(M16:N16) -> 0 | R16: =SUM(P16:Q16) -> 0 | U16: =SUM(S16:T16) -> 0
B17: h. | C17: Pustu | F17: =SUM(D17:E17) -> 0 | I17: =SUM(G17:H17) -> 0 | L17: =SUM(J17:K17) -> 0 | O17: =SUM(M17:N17) -> 0 | R17: =SUM(P17:Q17) -> 0 | U17: =SUM(S17:T17) -> 0
A18: 3 | B18: Jumlah Pemeriksaan Laboratorium | D18: =SUM(D19:D41) -> 0 | E18: =SUM(E19:E41) -> 0 | F18: =SUM(F19:F41) -> 0 | G18: =SUM(G19:G41) -> 0 | H18: =SUM(H19:H41) -> 0 | I18: =SUM(I19:I41) -> 0 | J18: =SUM(J19:J41) -> 0 | K18: =SUM(K19:K41) -> 0 | ... U18: =SUM(U19:U41) -> 0
B19: a. | C19: Golongan darah | F19: =SUM(D19:E19) -> 0 | I19: =SUM(G19:H19) -> 0 | L19: =SUM(J19:K19) -> 0 | O19: =SUM(M19:N19) -> 0 | R19: =SUM(P19:Q19) -> 0 | U19: =SUM(S19:T19) -> 0
B20: b. | C20: Hb | F20: =SUM(D20:E20) -> 0 | I20: =SUM(G20:H20) -> 0 | L20: =SUM(J20:K20) -> 0 | O20: =SUM(M20:N20) -> 0 | R20: =SUM(P20:Q20) -> 0 | U20: =SUM(S20:T20) -> 0
B21: c. | C21: Leukosit | F21: =SUM(D21:E21) -> 0 | I21: =SUM(G21:H21) -> 0 | L21: =SUM(J21:K21) -> 0 | O21: =SUM(M21:N21) -> 0 | R21: =SUM(P21:Q21) -> 0 | U21: =SUM(S21:T21) -> 0
B22: d. | C22: Eritrosit | F22: =SUM(D22:E22) -> 0 | I22: =SUM(G22:H22) -> 0 | L22: =SUM(J22:K22) -> 0 | O22: =SUM(M22:N22) -> 0 | R22: =SUM(P22:Q22) -> 0 | U22: =SUM(S22:T22) -> 0
B23: e. | C23: HCT | F23: =SUM(D23:E23) -> 0 | I23: =SUM(G23:H23) -> 0 | L23: =SUM(J23:K23) -> 0 | O23: =SUM(M23:N23) -> 0 | R23: =SUM(P23:Q23) -> 0 | U23: =SUM(S23:T23) -> 0
B24: f. | C24: Glukosa Post pandiel ( 2 jam PP ) | F24: =SUM(D24:E24) -> 0 | I24: =SUM(G24:H24) -> 0 | L24: =SUM(J24:K24) -> 0 | O24: =SUM(M24:N24) -> 0 | R24: =SUM(P24:Q24) -> 0 | U24: =SUM(S24:T24) -> 0
B25: g. | C25: Gulukosa Urine | F25: =SUM(D25:E25) -> 0 | I25: =SUM(G25:H25) -> 0 | L25: =SUM(J25:K25) -> 0 | O25: =SUM(M25:N25) -> 0 | R25: =SUM(P25:Q25) -> 0 | U25: =SUM(S25:T25) -> 0
B26: h. | C26: Asam Urat | F26: =SUM(D26:E26) -> 0 | I26: =SUM(G26:H26) -> 0 | L26: =SUM(J26:K26) -> 0 | O26: =SUM(M26:N26) -> 0 | R26: =SUM(P26:Q26) -> 0 | U26: =SUM(S26:T26) -> 0
B27: i. | C27: Gula darah sewaktu | F27: =SUM(D27:E27) -> 0 | I27: =SUM(G27:H27) -> 0 | L27: =SUM(J27:K27) -> 0 | O27: =SUM(M27:N27) -> 0 | R27: =SUM(P27:Q27) -> 0 | U27: =SUM(S27:T27) -> 0
B28: j. | C28: Gula darah puasa | F28: =SUM(D28:E28) -> 0 | I28: =SUM(G28:H28) -> 0 | L28: =SUM(J28:K28) -> 0 | O28: =SUM(M28:N28) -> 0 | R28: =SUM(P28:Q28) -> 0 | U28: =SUM(S28:T28) -> 0
B29: k. | C29: Urin Acid | F29: =SUM(D29:E29) -> 0 | I29: =SUM(G29:H29) -> 0 | L29: =SUM(J29:K29) -> 0 | O29: =SUM(M29:N29) -> 0 | R29: =SUM(P29:Q29) -> 0 | U29: =SUM(S29:T29) -> 0
B30: l. | C30: Cholestrol | F30: =SUM(D30:E30) -> 0 | I30: =SUM(G30:H30) -> 0 | L30: =SUM(J30:K30) -> 0 | O30: =SUM(M30:N30) -> 0 | R30: =SUM(P30:Q30) -> 0 | U30: =SUM(S30:T30) -> 0
... B41: w. | C41: Urine Sedimen | F41: =SUM(D41:E41) -> 0 | I41: =SUM(G41:H41) -> 0 | L41: =SUM(J41:K41) -> 0 | O41: =SUM(M41:N41) -> 0 | R41: =SUM(P41:Q41) -> 0 | U41: =SUM(S41:T41) -> 0
A44: No. | B44: ELEMEN DATA | D44: KORBAFO | G44: NDAO | J44: OELABA | M44: OELE | P44: SONIMANU | S44: SOTIMORI
D45: L | E45: P | F45: TOTAL | G45: L | H45: P | I45: TOTAL | J45: L | K45: P | L45: TOTAL | M45: L | N45: P | O45: TOTAL | P45: L | Q45: P | R45: TOTAL | S45: L | T45: P | U45: TOTAL
A46: 1 | B46: Total Kunjungan Laboratorium | D46: =D47+D56 -> 0 | E46: =E47+E56 -> 0 | F46: =F47+F56 -> 0 | G46: =G47+G56 -> 0 | H46: =H47+H56 -> 0 | I46: =I47+I56 -> 0 | J46: =J47+J56 -> 0 | K46: =K47+K56 -> 0 | ... U46: =U47+U56 -> 0
A47: 2 | B47: Peminta Tes Laboratorium | D47: =SUM(D48:D55) -> 0 | E47: =SUM(E48:E55) -> 0 | F47: =SUM(F48:F55) -> 0 | G47: =SUM(G48:G55) -> 0 | H47: =SUM(H48:H55) -> 0 | I47: =SUM(I48:I55) -> 0 | J47: =SUM(J48:J55) -> 0 | K47: =SUM(K48:K55) -> 0 | ... U47: =SUM(U48:U55) -> 0
B48: a. | C48: Poli umum | F48: =SUM(D48:E48) -> 0 | I48: =SUM(G48:H48) -> 0 | L48: =SUM(J48:K48) -> 0 | O48: =SUM(M48:N48) -> 0 | R48: =SUM(P48:Q48) -> 0 | U48: =SUM(S48:T48) -> 0
B49: b. | C49: KIA / KB | F49: =SUM(D49:E49) -> 0 | I49: =SUM(G49:H49) -> 0 | L49: =SUM(J49:K49) -> 0 | O49: =SUM(M49:N49) -> 0 | R49: =SUM(P49:Q49) -> 0 | U49: =SUM(S49:T49) -> 0
B50: c. | C50: Rawat inap | F50: =SUM(D50:E50) -> 0 | I50: =SUM(G50:H50) -> 0 | L50: =SUM(J50:K50) -> 0 | O50: =SUM(M50:N50) -> 0 | R50: =SUM(P50:Q50) -> 0 | U50: =SUM(S50:T50) -> 0
B51: d. | C51: Unit gawat darurat | F51: =SUM(D51:E51) -> 0 | I51: =SUM(G51:H51) -> 0 | L51: =SUM(J51:K51) -> 0 | O51: =SUM(M51:N51) -> 0 | R51: =SUM(P51:Q51) -> 0 | U51: =SUM(S51:T51) -> 0
B52: e. | C52: MTBS | F52: =SUM(D52:E52) -> 0 | I52: =SUM(G52:H52) -> 0 | L52: =SUM(J52:K52) -> 0 | O52: =SUM(M52:N52) -> 0 | R52: =SUM(P52:Q52) -> 0 | U52: =SUM(S52:T52) -> 0
B53: f. | C53: Poli Gigi | F53: =SUM(D53:E53) -> 0 | I53: =SUM(G53:H53) -> 0 | L53: =SUM(J53:K53) -> 0 | O53: =SUM(M53:N53) -> 0 | R53: =SUM(P53:Q53) -> 0 | U53: =SUM(S53:T53) -> 0
B54: g. | C54: PONED | F54: =SUM(D54:E54) -> 0 | I54: =SUM(G54:H54) -> 0 | L54: =SUM(J54:K54) -> 0 | O54: =SUM(M54:N54) -> 0 | R54: =SUM(P54:Q54) -> 0 | U54: =SUM(S54:T54) -> 0
B55: h. | C55: Pustu | F55: =SUM(D55:E55) -> 0 | I55: =SUM(G55:H55) -> 0 | L55: =SUM(J55:K55) -> 0 | O55: =SUM(M55:N55) -> 0 | R55: =SUM(P55:Q55) -> 0 | U55: =SUM(S55:T55) -> 0
A56: 3 | B56: Jumlah Pemeriksaan Laboratorium | D56: =SUM(D57:D79) -> 0 | E56: =SUM(E57:E79) -> 0 | F56: =SUM(F57:F79) -> 0 | G56: =SUM(G57:G79) -> 0 | H56: =SUM(H57:H79) -> 0 | I56: =SUM(I57:I79) -> 0 | J56: =SUM(J57:J79) -> 0 | K56: =SUM(K57:K79) -> 0 | ... U56: =SUM(U57:U79) -> 0
B57: a. | C57: Golongan darah | F57: =SUM(D57:E57) -> 0 | I57: =SUM(G57:H57) -> 0 | L57: =SUM(J57:K57) -> 0 | O57: =SUM(M57:N57) -> 0 | R57: =SUM(P57:Q57) -> 0 | U57: =SUM(S57:T57) -> 0
B58: b. | C58: Hb | F58: =SUM(D58:E58) -> 0 | I58: =SUM(G58:H58) -> 0 | L58: =SUM(J58:K58) -> 0 | O58: =SUM(M58:N58) -> 0 | R58: =SUM(P58:Q58) -> 0 | U58: =SUM(S58:T58) -> 0
B59: c. | C59: Leukosit | F59: =SUM(D59:E59) -> 0 | I59: =SUM(G59:H59) -> 0 | L59: =SUM(J59:K59) -> 0 | O59: =SUM(M59:N59) -> 0 | R59: =SUM(P59:Q59) -> 0 | U59: =SUM(S59:T59) -> 0
B60: d. | C60: Eritrosit | F60: =SUM(D60:E60) -> 0 | I60: =SUM(G60:H60) -> 0 | L60: =SUM(J60:K60) -> 0 | O60: =SUM(M60:N60) -> 0 | R60: =SUM(P60:Q60) -> 0 | U60: =SUM(S60:T60) -> 0
B61: e. | C61: HCT | F61: =SUM(D61:E61) -> 0 | I61: =SUM(G61:H61) -> 0 | L61: =SUM(J61:K61) -> 0 | O61: =SUM(M61:N61) -> 0 | R61: =SUM(P61:Q61) -> 0 | U61: =SUM(S61:T61) -> 0
B62: f. | C62: Glukosa Post pandiel ( 2 jam PP ) | F62: =SUM(D62:E62) -> 0 | I62: =SUM(G62:H62) -> 0 | L62: =SUM(J62:K62) -> 0 | O62: =SUM(M62:N62) -> 0 | R62: =SUM(P62:Q62) -> 0 | U62: =SUM(S62:T62) -> 0
B63: g. | C63: Gulukosa Urine | F63: =SUM(D63:E63) -> 0 | I63: =SUM(G63:H63) -> 0 | L63: =SUM(J63:K63) -> 0 | O63: =SUM(M63:N63) -> 0 | R63: =SUM(P63:Q63) -> 0 | U63: =SUM(S63:T63) -> 0
B64: h. | C64: Asam Urat | F64: =SUM(D64:E64) -> 0 | I64: =SUM(G64:H64) -> 0 | L64: =SUM(J64:K64) -> 0 | O64: =SUM(M64:N64) -> 0 | R64: =SUM(P64:Q64) -> 0 | U64: =SUM(S64:T64) -> 0
B65: i. | C65: Gula darah sewaktu | F65: =SUM(D65:E65) -> 0 | I65: =SUM(G65:H65) -> 0 | L65: =SUM(J65:K65) -> 0 | O65: =SUM(M65:N65) -> 0 | R65: =SUM(P65:Q65) -> 0 | U65: =SUM(S65:T65) -> 0
B66: j. | C66: Gula darah puasa | F66: =SUM(D66:E66) -> 0 | I66: =SUM(G66:H66) -> 0 | L66: =SUM(J66:K66) -> 0 | O66: =SUM(M66:N66) -> 0 | R66: =SUM(P66:Q66) -> 0 | U66: =SUM(S66:T66) -> 0
B67: k. | C67: Urin Acid | F67: =SUM(D67:E67) -> 0 | I67: =SUM(G67:H67) -> 0 | L67: =SUM(J67:K67) -> 0 | O67: =SUM(M67:N67) -> 0 | R67: =SUM(P67:Q67) -> 0 | U67: =SUM(S67:T67) -> 0
B68: l. | C68: Cholestrol | F68: =SUM(D68:E68) -> 0 | I68: =SUM(G68:H68) -> 0 | L68: =SUM(J68:K68) -> 0 | O68: =SUM(M68:N68) -> 0 | R68: =SUM(P68:Q68) -> 0 | U68: =SUM(S68:T68) -> 0
... B79: w. | C79: Urine Sedimen | F79: =SUM(D79:E79) -> 0 | I79: =SUM(G79:H79) -> 0 | L79: =SUM(J79:K79) -> 0 | O79: =SUM(M79:N79) -> 0 | R79: =SUM(P79:Q79) -> 0 | U79: =SUM(S79:T79) -> 0

Sheet AGUSTUS
A2: LAPORAN LABORATORIUM
A3: DI PUSKESMAS KABUPATEN ROTE NDAO
A4: AGUSTUS 2026
A6: No. | B6: ELEMEN DATA | D6: BAA | G6: BATUTUA | J6: BUSALANGGA | M6: DELHA | P6: EAHUN | S6: FEAPOPI
D7: L | E7: P | F7: TOTAL | G7: L | H7: P | I7: TOTAL | J7: L | K7: P | L7: TOTAL | M7: L | N7: P | O7: TOTAL | P7: L | Q7: P | R7: TOTAL | S7: L | T7: P | U7: TOTAL
A8: 1 | B8: Total Kunjungan Laboratorium | D8: =D9+D18 -> 0 | E8: =E9+E18 -> 0 | F8: =F9+F18 -> 0 | G8: =G9+G18 -> 0 | H8: =H9+H18 -> 0 | I8: =I9+I18 -> 0 | J8: =J9+J18 -> 0 | K8: =K9+K18 -> 0 | ... U8: =U9+U18 -> 0
A9: 2 | B9: Peminta Tes Laboratorium | D9: =SUM(D10:D17) -> 0 | E9: =SUM(E10:E17) -> 0 | F9: =SUM(F10:F17) -> 0 | G9: =SUM(G10:G17) -> 0 | H9: =SUM(H10:H17) -> 0 | I9: =SUM(I10:I17) -> 0 | J9: =SUM(J10:J17) -> 0 | K9: =SUM(K10:K17) -> 0 | ... U9: =SUM(U10:U17) -> 0
B10: a. | C10: Poli umum | F10: =SUM(D10:E10) -> 0 | I10: =SUM(G10:H10) -> 0 | L10: =SUM(J10:K10) -> 0 | O10: =SUM(M10:N10) -> 0 | R10: =SUM(P10:Q10) -> 0 | U10: =SUM(S10:T10) -> 0
B11: b. | C11: KIA / KB | F11: =SUM(D11:E11) -> 0 | I11: =SUM(G11:H11) -> 0 | L11: =SUM(J11:K11) -> 0 | O11: =SUM(M11:N11) -> 0 | R11: =SUM(P11:Q11) -> 0 | U11: =SUM(S11:T11) -> 0
B12: c. | C12: Rawat inap | F12: =SUM(D12:E12) -> 0 | I12: =SUM(G12:H12) -> 0 | L12: =SUM(J12:K12) -> 0 | O12: =SUM(M12:N12) -> 0 | R12: =SUM(P12:Q12) -> 0 | U12: =SUM(S12:T12) -> 0
B13: d. | C13: Unit gawat darurat | F13: =SUM(D13:E13) -> 0 | I13: =SUM(G13:H13) -> 0 | L13: =SUM(J13:K13) -> 0 | O13: =SUM(M13:N13) -> 0 | R13: =SUM(P13:Q13) -> 0 | U13: =SUM(S13:T13) -> 0
B14: e. | C14: MTBS | F14: =SUM(D14:E14) -> 0 | I14: =SUM(G14:H14) -> 0 | L14: =SUM(J14:K14) -> 0 | O14: =SUM(M14:N14) -> 0 | R14: =SUM(P14:Q14) -> 0 | U14: =SUM(S14:T14) -> 0
B15: f. | C15: Poli Gigi | F15: =SUM(D15:E15) -> 0 | I15: =SUM(G15:H15) -> 0 | L15: =SUM(J15:K15) -> 0 | O15: =SUM(M15:N15) -> 0 | R15: =SUM(P15:Q15) -> 0 | U15: =SUM(S15:T15) -> 0
B16: g. | C16: PONED | F16: =SUM(D16:E16) -> 0 | I16: =SUM(G16:H16) -> 0 | L16: =SUM(J16:K16) -> 0 | O16: =SUM(M16:N16) -> 0 | R16: =SUM(P16:Q16) -> 0 | U16: =SUM(S16:T16) -> 0
B17: h. | C17: Pustu | F17: =SUM(D17:E17) -> 0 | I17: =SUM(G17:H17) -> 0 | L17: =SUM(J17:K17) -> 0 | O17: =SUM(M17:N17) -> 0 | R17: =SUM(P17:Q17) -> 0 | U17: =SUM(S17:T17) -> 0
A18: 3 | B18: Jumlah Pemeriksaan Laboratorium | D18: =SUM(D19:D41) -> 0 | E18: =SUM(E19:E41) -> 0 | F18: =SUM(F19:F41) -> 0 | G18: =SUM(G19:G41) -> 0 | H18: =SUM(H19:H41) -> 0 | I18: =SUM(I19:I41) -> 0 | J18: =SUM(J19:J41) -> 0 | K18: =SUM(K19:K41) -> 0 | ... U18: =SUM(U19:U41) -> 0
B19: a. | C19: Golongan darah | F19: =SUM(D19:E19) -> 0 | I19: =SUM(G19:H19) -> 0 | L19: =SUM(J19:K19) -> 0 | O19: =SUM(M19:N19) -> 0 | R19: =SUM(P19:Q19) -> 0 | U19: =SUM(S19:T19) -> 0
B20: b. | C20: Hb | F20: =SUM(D20:E20) -> 0 | I20: =SUM(G20:H20) -> 0 | L20: =SUM(J20:K20) -> 0 | O20: =SUM(M20:N20) -> 0 | R20: =SUM(P20:Q20) -> 0 | U20: =SUM(S20:T20) -> 0
B21: c. | C21: Leukosit | F21: =SUM(D21:E21) -> 0 | I21: =SUM(G21:H21) -> 0 | L21: =SUM(J21:K21) -> 0 | O21: =SUM(M21:N21) -> 0 | R21: =SUM(P21:Q21) -> 0 | U21: =SUM(S21:T21) -> 0
B22: d. | C22: Eritrosit | F22: =SUM(D22:E22) -> 0 | I22: =SUM(G22:H22) -> 0 | L22: =SUM(J22:K22) -> 0 | O22: =SUM(M22:N22) -> 0 | R22: =SUM(P22:Q22) -> 0 | U22: =SUM(S22:T22) -> 0
B23: e. | C23: HCT | F23: =SUM(D23:E23) -> 0 | I23: =SUM(G23:H23) -> 0 | L23: =SUM(J23:K23) -> 0 | O23: =SUM(M23:N23) -> 0 | R23: =SUM(P23:Q23) -> 0 | U23: =SUM(S23:T23) -> 0
B24: f. | C24: Glukosa Post pandiel ( 2 jam PP ) | F24: =SUM(D24:E24) -> 0 | I24: =SUM(G24:H24) -> 0 | L24: =SUM(J24:K24) -> 0 | O24: =SUM(M24:N24) -> 0 | R24: =SUM(P24:Q24) -> 0 | U24: =SUM(S24:T24) -> 0
B25: g. | C25: Gulukosa Urine | F25: =SUM(D25:E25) -> 0 | I25: =SUM(G25:H25) -> 0 | L25: =SUM(J25:K25) -> 0 | O25: =SUM(M25:N25) -> 0 | R25: =SUM(P25:Q25) -> 0 | U25: =SUM(S25:T25) -> 0
B26: h. | C26: Asam Urat | F26: =SUM(D26:E26) -> 0 | I26: =SUM(G26:H26) -> 0 | L26: =SUM(J26:K26) -> 0 | O26: =SUM(M26:N26) -> 0 | R26: =SUM(P26:Q26) -> 0 | U26: =SUM(S26:T26) -> 0
B27: i. | C27: Gula darah sewaktu | F27: =SUM(D27:E27) -> 0 | I27: =SUM(G27:H27) -> 0 | L27: =SUM(J27:K27) -> 0 | O27: =SUM(M27:N27) -> 0 | R27: =SUM(P27:Q27) -> 0 | U27: =SUM(S27:T27) -> 0
B28: j. | C28: Gula darah puasa | F28: =SUM(D28:E28) -> 0 | I28: =SUM(G28:H28) -> 0 | L28: =SUM(J28:K28) -> 0 | O28: =SUM(M28:N28) -> 0 | R28: =SUM(P28:Q28) -> 0 | U28: =SUM(S28:T28) -> 0
B29: k. | C29: Urin Acid | F29: =SUM(D29:E29) -> 0 | I29: =SUM(G29:H29) -> 0 | L29: =SUM(J29:K29) -> 0 | O29: =SUM(M29:N29) -> 0 | R29: =SUM(P29:Q29) -> 0 | U29: =SUM(S29:T29) -> 0
B30: l. | C30: Cholestrol | F30: =SUM(D30:E30) -> 0 | I30: =SUM(G30:H30) -> 0 | L30: =SUM(J30:K30) -> 0 | O30: =SUM(M30:N30) -> 0 | R30: =SUM(P30:Q30) -> 0 | U30: =SUM(S30:T30) -> 0
... B41: w. | C41: Urine Sedimen | F41: =SUM(D41:E41) -> 0 | I41: =SUM(G41:H41) -> 0 | L41: =SUM(J41:K41) -> 0 | O41: =SUM(M41:N41) -> 0 | R41: =SUM(P41:Q41) -> 0 | U41: =SUM(S41:T41) -> 0
A44: No. | B44: ELEMEN DATA | D44: KORBAFO | G44: NDAO | J44: OELABA | M44: OELE | P44: SONIMANU | S44: SOTIMORI
D45: L | E45: P | F45: TOTAL | G45: L | H45: P | I45: TOTAL | J45: L | K45: P | L45: TOTAL | M45: L | N45: P | O45: TOTAL | P45: L | Q45: P | R45: TOTAL | S45: L | T45: P | U45: TOTAL
A46: 1 | B46: Total Kunjungan Laboratorium | D46: =D47+D56 -> 0 | E46: =E47+E56 -> 0 | F46: =F47+F56 -> 0 | G46: =G47+G56 -> 0 | H46: =H47+H56 -> 0 | I46: =I47+I56 -> 0 | J46: =J47+J56 -> 0 | K46: =K47+K56 -> 0 | ... U46: =U47+U56 -> 0
A47: 2 | B47: Peminta Tes Laboratorium | D47: =SUM(D48:D55) -> 0 | E47: =SUM(E48:E55) -> 0 | F47: =SUM(F48:F55) -> 0 | G47: =SUM(G48:G55) -> 0 | H47: =SUM(H48:H55) -> 0 | I47: =SUM(I48:I55) -> 0 | J47: =SUM(J48:J55) -> 0 | K47: =SUM(K48:K55) -> 0 | ... U47: =SUM(U48:U55) -> 0
B48: a. | C48: Poli umum | F48: =SUM(D48:E48) -> 0 | I48: =SUM(G48:H48) -> 0 | L48: =SUM(J48:K48) -> 0 | O48: =SUM(M48:N48) -> 0 | R48: =SUM(P48:Q48) -> 0 | U48: =SUM(S48:T48) -> 0
B49: b. | C49: KIA / KB | F49: =SUM(D49:E49) -> 0 | I49: =SUM(G49:H49) -> 0 | L49: =SUM(J49:K49) -> 0 | O49: =SUM(M49:N49) -> 0 | R49: =SUM(P49:Q49) -> 0 | U49: =SUM(S49:T49) -> 0
B50: c. | C50: Rawat inap | F50: =SUM(D50:E50) -> 0 | I50: =SUM(G50:H50) -> 0 | L50: =SUM(J50:K50) -> 0 | O50: =SUM(M50:N50) -> 0 | R50: =SUM(P50:Q50) -> 0 | U50: =SUM(S50:T50) -> 0
B51: d. | C51: Unit gawat darurat | F51: =SUM(D51:E51) -> 0 | I51: =SUM(G51:H51) -> 0 | L51: =SUM(J51:K51) -> 0 | O51: =SUM(M51:N51) -> 0 | R51: =SUM(P51:Q51) -> 0 | U51: =SUM(S51:T51) -> 0
B52: e. | C52: MTBS | F52: =SUM(D52:E52) -> 0 | I52: =SUM(G52:H52) -> 0 | L52: =SUM(J52:K52) -> 0 | O52: =SUM(M52:N52) -> 0 | R52: =SUM(P52:Q52) -> 0 | U52: =SUM(S52:T52) -> 0
B53: f. | C53: Poli Gigi | F53: =SUM(D53:E53) -> 0 | I53: =SUM(G53:H53) -> 0 | L53: =SUM(J53:K53) -> 0 | O53: =SUM(M53:N53) -> 0 | R53: =SUM(P53:Q53) -> 0 | U53: =SUM(S53:T53) -> 0
B54: g. | C54: PONED | F54: =SUM(D54:E54) -> 0 | I54: =SUM(G54:H54) -> 0 | L54: =SUM(J54:K54) -> 0 | O54: =SUM(M54:N54) -> 0 | R54: =SUM(P54:Q54) -> 0 | U54: =SUM(S54:T54) -> 0
B55: h. | C55: Pustu | F55: =SUM(D55:E55) -> 0 | I55: =SUM(G55:H55) -> 0 | L55: =SUM(J55:K55) -> 0 | O55: =SUM(M55:N55) -> 0 | R55: =SUM(P55:Q55) -> 0 | U55: =SUM(S55:T55) -> 0
A56: 3 | B56: Jumlah Pemeriksaan Laboratorium | D56: =SUM(D57:D79) -> 0 | E56: =SUM(E57:E79) -> 0 | F56: =SUM(F57:F79) -> 0 | G56: =SUM(G57:G79) -> 0 | H56: =SUM(H57:H79) -> 0 | I56: =SUM(I57:I79) -> 0 | J56: =SUM(J57:J79) -> 0 | K56: =SUM(K57:K79) -> 0 | ... U56: =SUM(U57:U79) -> 0
B57: a. | C57: Golongan darah | F57: =SUM(D57:E57) -> 0 | I57: =SUM(G57:H57) -> 0 | L57: =SUM(J57:K57) -> 0 | O57: =SUM(M57:N57) -> 0 | R57: =SUM(P57:Q57) -> 0 | U57: =SUM(S57:T57) -> 0
B58: b. | C58: Hb | F58: =SUM(D58:E58) -> 0 | I58: =SUM(G58:H58) -> 0 | L58: =SUM(J58:K58) -> 0 | O58: =SUM(M58:N58) -> 0 | R58: =SUM(P58:Q58) -> 0 | U58: =SUM(S58:T58) -> 0
B59: c. | C59: Leukosit | F59: =SUM(D59:E59) -> 0 | I59: =SUM(G59:H59) -> 0 | L59: =SUM(J59:K59) -> 0 | O59: =SUM(M59:N59) -> 0 | R59: =SUM(P59:Q59) -> 0 | U59: =SUM(S59:T59) -> 0
B60: d. | C60: Eritrosit | F60: =SUM(D60:E60) -> 0 | I60: =SUM(G60:H60) -> 0 | L60: =SUM(J60:K60) -> 0 | O60: =SUM(M60:N60) -> 0 | R60: =SUM(P60:Q60) -> 0 | U60: =SUM(S60:T60) -> 0
B61: e. | C61: HCT | F61: =SUM(D61:E61) -> 0 | I61: =SUM(G61:H61) -> 0 | L61: =SUM(J61:K61) -> 0 | O61: =SUM(M61:N61) -> 0 | R61: =SUM(P61:Q61) -> 0 | U61: =SUM(S61:T61) -> 0
B62: f. | C62: Glukosa Post pandiel ( 2 jam PP ) | F62: =SUM(D62:E62) -> 0 | I62: =SUM(G62:H62) -> 0 | L62: =SUM(J62:K62) -> 0 | O62: =SUM(M62:N62) -> 0 | R62: =SUM(P62:Q62) -> 0 | U62: =SUM(S62:T62) -> 0
B63: g. | C63: Gulukosa Urine | F63: =SUM(D63:E63) -> 0 | I63: =SUM(G63:H63) -> 0 | L63: =SUM(J63:K63) -> 0 | O63: =SUM(M63:N63) -> 0 | R63: =SUM(P63:Q63) -> 0 | U63: =SUM(S63:T63) -> 0
B64: h. | C64: Asam Urat | F64: =SUM(D64:E64) -> 0 | I64: =SUM(G64:H64) -> 0 | L64: =SUM(J64:K64) -> 0 | O64: =SUM(M64:N64) -> 0 | R64: =SUM(P64:Q64) -> 0 | U64: =SUM(S64:T64) -> 0
B65: i. | C65: Gula darah sewaktu | F65: =SUM(D65:E65) -> 0 | I65: =SUM(G65:H65) -> 0 | L65: =SUM(J65:K65) -> 0 | O65: =SUM(M65:N65) -> 0 | R65: =SUM(P65:Q65) -> 0 | U65: =SUM(S65:T65) -> 0
B66: j. | C66: Gula darah puasa | F66: =SUM(D66:E66) -> 0 | I66: =SUM(G66:H66) -> 0 | L66: =SUM(J66:K66) -> 0 | O66: =SUM(M66:N66) -> 0 | R66: =SUM(P66:Q66) -> 0 | U66: =SUM(S66:T66) -> 0
B67: k. | C67: Urin Acid | F67: =SUM(D67:E67) -> 0 | I67: =SUM(G67:H67) -> 0 | L67: =SUM(J67:K67) -> 0 | O67: =SUM(M67:N67) -> 0 | R67: =SUM(P67:Q67) -> 0 | U67: =SUM(S67:T67) -> 0
B68: l. | C68: Cholestrol | F68: =SUM(D68:E68) -> 0 | I68: =SUM(G68:H68) -> 0 | L68: =SUM(J68:K68) -> 0 | O68: =SUM(M68:N68) -> 0 | R68: =SUM(P68:Q68) -> 0 | U68: =SUM(S68:T68) -> 0
... B79: w. | C79: Urine Sedimen | F79: =SUM(D79:E79) -> 0 | I79: =SUM(G79:H79) -> 0 | L79: =SUM(J79:K79) -> 0 | O79: =SUM(M79:N79) -> 0 | R79: =SUM(P79:Q79) -> 0 | U79: =SUM(S79:T79) -> 0

Sheet SEPTEMBER
A2: LAPORAN LABORATORIUM
A3: DI PUSKESMAS KABUPATEN ROTE NDAO
A4: SEPTEMBER 2026
A6: No. | B6: ELEMEN DATA | D6: BAA | G6: BATUTUA | J6: BUSALANGGA | M6: DELHA | P6: EAHUN | S6: FEAPOPI
D7: L | E7: P | F7: TOTAL | G7: L | H7: P | I7: TOTAL | J7: L | K7: P | L7: TOTAL | M7: L | N7: P | O7: TOTAL | P7: L | Q7: P | R7: TOTAL | S7: L | T7: P | U7: TOTAL
A8: 1 | B8: Total Kunjungan Laboratorium | D8: =D9+D18 -> 0 | E8: =E9+E18 -> 0 | F8: =F9+F18 -> 0 | G8: =G9+G18 -> 0 | H8: =H9+H18 -> 0 | I8: =I9+I18 -> 0 | J8: =J9+J18 -> 0 | K8: =K9+K18 -> 0 | ... U8: =U9+U18 -> 0
A9: 2 | B9: Peminta Tes Laboratorium | D9: =SUM(D10:D17) -> 0 | E9: =SUM(E10:E17) -> 0 | F9: =SUM(F10:F17) -> 0 | G9: =SUM(G10:G17) -> 0 | H9: =SUM(H10:H17) -> 0 | I9: =SUM(I10:I17) -> 0 | J9: =SUM(J10:J17) -> 0 | K9: =SUM(K10:K17) -> 0 | ... U9: =SUM(U10:U17) -> 0
B10: a. | C10: Poli umum | F10: =SUM(D10:E10) -> 0 | I10: =SUM(G10:H10) -> 0 | L10: =SUM(J10:K10) -> 0 | O10: =SUM(M10:N10) -> 0 | R10: =SUM(P10:Q10) -> 0 | U10: =SUM(S10:T10) -> 0
B11: b. | C11: KIA / KB | F11: =SUM(D11:E11) -> 0 | I11: =SUM(G11:H11) -> 0 | L11: =SUM(J11:K11) -> 0 | O11: =SUM(M11:N11) -> 0 | R11: =SUM(P11:Q11) -> 0 | U11: =SUM(S11:T11) -> 0
B12: c. | C12: Rawat inap | F12: =SUM(D12:E12) -> 0 | I12: =SUM(G12:H12) -> 0 | L12: =SUM(J12:K12) -> 0 | O12: =SUM(M12:N12) -> 0 | R12: =SUM(P12:Q12) -> 0 | U12: =SUM(S12:T12) -> 0
B13: d. | C13: Unit gawat darurat | F13: =SUM(D13:E13) -> 0 | I13: =SUM(G13:H13) -> 0 | L13: =SUM(J13:K13) -> 0 | O13: =SUM(M13:N13) -> 0 | R13: =SUM(P13:Q13) -> 0 | U13: =SUM(S13:T13) -> 0
B14: e. | C14: MTBS | F14: =SUM(D14:E14) -> 0 | I14: =SUM(G14:H14) -> 0 | L14: =SUM(J14:K14) -> 0 | O14: =SUM(M14:N14) -> 0 | R14: =SUM(P14:Q14) -> 0 | U14: =SUM(S14:T14) -> 0
B15: f. | C15: Poli Gigi | F15: =SUM(D15:E15) -> 0 | I15: =SUM(G15:H15) -> 0 | L15: =SUM(J15:K15) -> 0 | O15: =SUM(M15:N15) -> 0 | R15: =SUM(P15:Q15) -> 0 | U15: =SUM(S15:T15) -> 0
B16: g. | C16: PONED | F16: =SUM(D16:E16) -> 0 | I16: =SUM(G16:H16) -> 0 | L16: =SUM(J16:K16) -> 0 | O16: =SUM(M16:N16) -> 0 | R16: =SUM(P16:Q16) -> 0 | U16: =SUM(S16:T16) -> 0
B17: h. | C17: Pustu | F17: =SUM(D17:E17) -> 0 | I17: =SUM(G17:H17) -> 0 | L17: =SUM(J17:K17) -> 0 | O17: =SUM(M17:N17) -> 0 | R17: =SUM(P17:Q17) -> 0 | U17: =SUM(S17:T17) -> 0
A18: 3 | B18: Jumlah Pemeriksaan Laboratorium | D18: =SUM(D19:D41) -> 0 | E18: =SUM(E19:E41) -> 0 | F18: =SUM(F19:F41) -> 0 | G18: =SUM(G19:G41) -> 0 | H18: =SUM(H19:H41) -> 0 | I18: =SUM(I19:I41) -> 0 | J18: =SUM(J19:J41) -> 0 | K18: =SUM(K19:K41) -> 0 | ... U18: =SUM(U19:U41) -> 0
B19: a. | C19: Golongan darah | F19: =SUM(D19:E19) -> 0 | I19: =SUM(G19:H19) -> 0 | L19: =SUM(J19:K19) -> 0 | O19: =SUM(M19:N19) -> 0 | R19: =SUM(P19:Q19) -> 0 | U19: =SUM(S19:T19) -> 0
B20: b. | C20: Hb | F20: =SUM(D20:E20) -> 0 | I20: =SUM(G20:H20) -> 0 | L20: =SUM(J20:K20) -> 0 | O20: =SUM(M20:N20) -> 0 | R20: =SUM(P20:Q20) -> 0 | U20: =SUM(S20:T20) -> 0
B21: c. | C21: Leukosit | F21: =SUM(D21:E21) -> 0 | I21: =SUM(G21:H21) -> 0 | L21: =SUM(J21:K21) -> 0 | O21: =SUM(M21:N21) -> 0 | R21: =SUM(P21:Q21) -> 0 | U21: =SUM(S21:T21) -> 0
B22: d. | C22: Eritrosit | F22: =SUM(D22:E22) -> 0 | I22: =SUM(G22:H22) -> 0 | L22: =SUM(J22:K22) -> 0 | O22: =SUM(M22:N22) -> 0 | R22: =SUM(P22:Q22) -> 0 | U22: =SUM(S22:T22) -> 0
B23: e. | C23: HCT | F23: =SUM(D23:E23) -> 0 | I23: =SUM(G23:H23) -> 0 | L23: =SUM(J23:K23) -> 0 | O23: =SUM(M23:N23) -> 0 | R23: =SUM(P23:Q23) -> 0 | U23: =SUM(S23:T23) -> 0
B24: f. | C24: Glukosa Post pandiel ( 2 jam PP ) | F24: =SUM(D24:E24) -> 0 | I24: =SUM(G24:H24) -> 0 | L24: =SUM(J24:K24) -> 0 | O24: =SUM(M24:N24) -> 0 | R24: =SUM(P24:Q24) -> 0 | U24: =SUM(S24:T24) -> 0
B25: g. | C25: Gulukosa Urine | F25: =SUM(D25:E25) -> 0 | I25: =SUM(G25:H25) -> 0 | L25: =SUM(J25:K25) -> 0 | O25: =SUM(M25:N25) -> 0 | R25: =SUM(P25:Q25) -> 0 | U25: =SUM(S25:T25) -> 0
B26: h. | C26: Asam Urat | F26: =SUM(D26:E26) -> 0 | I26: =SUM(G26:H26) -> 0 | L26: =SUM(J26:K26) -> 0 | O26: =SUM(M26:N26) -> 0 | R26: =SUM(P26:Q26) -> 0 | U26: =SUM(S26:T26) -> 0
B27: i. | C27: Gula darah sewaktu | F27: =SUM(D27:E27) -> 0 | I27: =SUM(G27:H27) -> 0 | L27: =SUM(J27:K27) -> 0 | O27: =SUM(M27:N27) -> 0 | R27: =SUM(P27:Q27) -> 0 | U27: =SUM(S27:T27) -> 0
B28: j. | C28: Gula darah puasa | F28: =SUM(D28:E28) -> 0 | I28: =SUM(G28:H28) -> 0 | L28: =SUM(J28:K28) -> 0 | O28: =SUM(M28:N28) -> 0 | R28: =SUM(P28:Q28) -> 0 | U28: =SUM(S28:T28) -> 0
B29: k. | C29: Urin Acid | F29: =SUM(D29:E29) -> 0 | I29: =SUM(G29:H29) -> 0 | L29: =SUM(J29:K29) -> 0 | O29: =SUM(M29:N29) -> 0 | R29: =SUM(P29:Q29) -> 0 | U29: =SUM(S29:T29) -> 0
B30: l. | C30: Cholestrol | F30: =SUM(D30:E30) -> 0 | I30: =SUM(G30:H30) -> 0 | L30: =SUM(J30:K30) -> 0 | O30: =SUM(M30:N30) -> 0 | R30: =SUM(P30:Q30) -> 0 | U30: =SUM(S30:T30) -> 0
... B41: w. | C41: Urine Sedimen | F41: =SUM(D41:E41) -> 0 | I41: =SUM(G41:H41) -> 0 | L41: =SUM(J41:K41) -> 0 | O41: =SUM(M41:N41) -> 0 | R41: =SUM(P41:Q41) -> 0 | U41: =SUM(S41:T41) -> 0
A44: No. | B44: ELEMEN DATA | D44: KORBAFO | G44: NDAO | J44: OELABA | M44: OELE | P44: SONIMANU | S44: SOTIMORI
D45: L | E45: P | F45: TOTAL | G45: L | H45: P | I45: TOTAL | J45: L | K45: P | L45: TOTAL | M45: L | N45: P | O45: TOTAL | P45: L | Q45: P | R45: TOTAL | S45: L | T45: P | U45: TOTAL
A46: 1 | B46: Total Kunjungan Laboratorium | D46: =D47+D56 -> 0 | E46: =E47+E56 -> 0 | F46: =F47+F56 -> 0 | G46: =G47+G56 -> 0 | H46: =H47+H56 -> 0 | I46: =I47+I56 -> 0 | J46: =J47+J56 -> 0 | K46: =K47+K56 -> 0 | ... U46: =U47+U56 -> 0
A47: 2 | B47: Peminta Tes Laboratorium | D47: =SUM(D48:D55) -> 0 | E47: =SUM(E48:E55) -> 0 | F47: =SUM(F48:F55) -> 0 | G47: =SUM(G48:G55) -> 0 | H47: =SUM(H48:H55) -> 0 | I47: =SUM(I48:I55) -> 0 | J47: =SUM(J48:J55) -> 0 | K47: =SUM(K48:K55) -> 0 | ... U47: =SUM(U48:U55) -> 0
B48: a. | C48: Poli umum | F48: =SUM(D48:E48) -> 0 | I48: =SUM(G48:H48) -> 0 | L48: =SUM(J48:K48) -> 0 | O48: =SUM(M48:N48) -> 0 | R48: =SUM(P48:Q48) -> 0 | U48: =SUM(S48:T48) -> 0
B49: b. | C49: KIA / KB | F49: =SUM(D49:E49) -> 0 | I49: =SUM(G49:H49) -> 0 | L49: =SUM(J49:K49) -> 0 | O49: =SUM(M49:N49) -> 0 | R49: =SUM(P49:Q49) -> 0 | U49: =SUM(S49:T49) -> 0
B50: c. | C50: Rawat inap | F50: =SUM(D50:E50) -> 0 | I50: =SUM(G50:H50) -> 0 | L50: =SUM(J50:K50) -> 0 | O50: =SUM(M50:N50) -> 0 | R50: =SUM(P50:Q50) -> 0 | U50: =SUM(S50:T50) -> 0
B51: d. | C51: Unit gawat darurat | F51: =SUM(D51:E51) -> 0 | I51: =SUM(G51:H51) -> 0 | L51: =SUM(J51:K51) -> 0 | O51: =SUM(M51:N51) -> 0 | R51: =SUM(P51:Q51) -> 0 | U51: =SUM(S51:T51) -> 0
B52: e. | C52: MTBS | F52: =SUM(D52:E52) -> 0 | I52: =SUM(G52:H52) -> 0 | L52: =SUM(J52:K52) -> 0 | O52: =SUM(M52:N52) -> 0 | R52: =SUM(P52:Q52) -> 0 | U52: =SUM(S52:T52) -> 0
B53: f. | C53: Poli Gigi | F53: =SUM(D53:E53) -> 0 | I53: =SUM(G53:H53) -> 0 | L53: =SUM(J53:K53) -> 0 | O53: =SUM(M53:N53) -> 0 | R53: =SUM(P53:Q53) -> 0 | U53: =SUM(S53:T53) -> 0
B54: g. | C54: PONED | F54: =SUM(D54:E54) -> 0 | I54: =SUM(G54:H54) -> 0 | L54: =SUM(J54:K54) -> 0 | O54: =SUM(M54:N54) -> 0 | R54: =SUM(P54:Q54) -> 0 | U54: =SUM(S54:T54) -> 0
B55: h. | C55: Pustu | F55: =SUM(D55:E55) -> 0 | I55: =SUM(G55:H55) -> 0 | L55: =SUM(J55:K55) -> 0 | O55: =SUM(M55:N55) -> 0 | R55: =SUM(P55:Q55) -> 0 | U55: =SUM(S55:T55) -> 0
A56: 3 | B56: Jumlah Pemeriksaan Laboratorium | D56: =SUM(D57:D79) -> 0 | E56: =SUM(E57:E79) -> 0 | F56: =SUM(F57:F79) -> 0 | G56: =SUM(G57:G79) -> 0 | H56: =SUM(H57:H79) -> 0 | I56: =SUM(I57:I79) -> 0 | J56: =SUM(J57:J79) -> 0 | K56: =SUM(K57:K79) -> 0 | ... U56: =SUM(U57:U79) -> 0
B57: a. | C57: Golongan darah | F57: =SUM(D57:E57) -> 0 | I57: =SUM(G57:H57) -> 0 | L57: =SUM(J57:K57) -> 0 | O57: =SUM(M57:N57) -> 0 | R57: =SUM(P57:Q57) -> 0 | U57: =SUM(S57:T57) -> 0
B58: b. | C58: Hb | F58: =SUM(D58:E58) -> 0 | I58: =SUM(G58:H58) -> 0 | L58: =SUM(J58:K58) -> 0 | O58: =SUM(M58:N58) -> 0 | R58: =SUM(P58:Q58) -> 0 | U58: =SUM(S58:T58) -> 0
B59: c. | C59: Leukosit | F59: =SUM(D59:E59) -> 0 | I59: =SUM(G59:H59) -> 0 | L59: =SUM(J59:K59) -> 0 | O59: =SUM(M59:N59) -> 0 | R59: =SUM(P59:Q59) -> 0 | U59: =SUM(S59:T59) -> 0
B60: d. | C60: Eritrosit | F60: =SUM(D60:E60) -> 0 | I60: =SUM(G60:H60) -> 0 | L60: =SUM(J60:K60) -> 0 | O60: =SUM(M60:N60) -> 0 | R60: =SUM(P60:Q60) -> 0 | U60: =SUM(S60:T60) -> 0
B61: e. | C61: HCT | F61: =SUM(D61:E61) -> 0 | I61: =SUM(G61:H61) -> 0 | L61: =SUM(J61:K61) -> 0 | O61: =SUM(M61:N61) -> 0 | R61: =SUM(P61:Q61) -> 0 | U61: =SUM(S61:T61) -> 0
B62: f. | C62: Glukosa Post pandiel ( 2 jam PP ) | F62: =SUM(D62:E62) -> 0 | I62: =SUM(G62:H62) -> 0 | L62: =SUM(J62:K62) -> 0 | O62: =SUM(M62:N62) -> 0 | R62: =SUM(P62:Q62) -> 0 | U62: =SUM(S62:T62) -> 0
B63: g. | C63: Gulukosa Urine | F63: =SUM(D63:E63) -> 0 | I63: =SUM(G63:H63) -> 0 | L63: =SUM(J63:K63) -> 0 | O63: =SUM(M63:N63) -> 0 | R63: =SUM(P63:Q63) -> 0 | U63: =SUM(S63:T63) -> 0
B64: h. | C64: Asam Urat | F64: =SUM(D64:E64) -> 0 | I64: =SUM(G64:H64) -> 0 | L64: =SUM(J64:K64) -> 0 | O64: =SUM(M64:N64) -> 0 | R64: =SUM(P64:Q64) -> 0 | U64: =SUM(S64:T64) -> 0
B65: i. | C65: Gula darah sewaktu | F65: =SUM(D65:E65) -> 0 | I65: =SUM(G65:H65) -> 0 | L65: =SUM(J65:K65) -> 0 | O65: =SUM(M65:N65) -> 0 | R65: =SUM(P65:Q65) -> 0 | U65: =SUM(S65:T65) -> 0
B66: j. | C66: Gula darah puasa | F66: =SUM(D66:E66) -> 0 | I66: =SUM(G66:H66) -> 0 | L66: =SUM(J66:K66) -> 0 | O66: =SUM(M66:N66) -> 0 | R66: =SUM(P66:Q66) -> 0 | U66: =SUM(S66:T66) -> 0
B67: k. | C67: Urin Acid | F67: =SUM(D67:E67) -> 0 | I67: =SUM(G67:H67) -> 0 | L67: =SUM(J67:K67) -> 0 | O67: =SUM(M67:N67) -> 0 | R67: =SUM(P67:Q67) -> 0 | U67: =SUM(S67:T67) -> 0
B68: l. | C68: Cholestrol | F68: =SUM(D68:E68) -> 0 | I68: =SUM(G68:H68) -> 0 | L68: =SUM(J68:K68) -> 0 | O68: =SUM(M68:N68) -> 0 | R68: =SUM(P68:Q68) -> 0 | U68: =SUM(S68:T68) -> 0
... B79: w. | C79: Urine Sedimen | F79: =SUM(D79:E79) -> 0 | I79: =SUM(G79:H79) -> 0 | L79: =SUM(J79:K79) -> 0 | O79: =SUM(M79:N79) -> 0 | R79: =SUM(P79:Q79) -> 0 | U79: =SUM(S79:T79) -> 0

Sheet OKTOBER
A2: LAPORAN LABORATORIUM
A3: DI PUSKESMAS KABUPATEN ROTE NDAO
A4: OKTOBER 2026
A6: No. | B6: ELEMEN DATA | D6: BAA | G6: BATUTUA | J6: BUSALANGGA | M6: DELHA | P6: EAHUN | S6: FEAPOPI
D7: L | E7: P | F7: TOTAL | G7: L | H7: P | I7: TOTAL | J7: L | K7: P | L7: TOTAL | M7: L | N7: P | O7: TOTAL | P7: L | Q7: P | R7: TOTAL | S7: L | T7: P | U7: TOTAL
A8: 1 | B8: Total Kunjungan Laboratorium | D8: =D9+D18 -> 0 | E8: =E9+E18 -> 0 | F8: =F9+F18 -> 0 | G8: =G9+G18 -> 0 | H8: =H9+H18 -> 0 | I8: =I9+I18 -> 0 | J8: =J9+J18 -> 0 | K8: =K9+K18 -> 0 | ... U8: =U9+U18 -> 0
A9: 2 | B9: Peminta Tes Laboratorium | D9: =SUM(D10:D17) -> 0 | E9: =SUM(E10:E17) -> 0 | F9: =SUM(F10:F17) -> 0 | G9: =SUM(G10:G17) -> 0 | H9: =SUM(H10:H17) -> 0 | I9: =SUM(I10:I17) -> 0 | J9: =SUM(J10:J17) -> 0 | K9: =SUM(K10:K17) -> 0 | ... U9: =SUM(U10:U17) -> 0
B10: a. | C10: Poli umum | F10: =SUM(D10:E10) -> 0 | I10: =SUM(G10:H10) -> 0 | L10: =SUM(J10:K10) -> 0 | O10: =SUM(M10:N10) -> 0 | R10: =SUM(P10:Q10) -> 0 | U10: =SUM(S10:T10) -> 0
B11: b. | C11: KIA / KB | F11: =SUM(D11:E11) -> 0 | I11: =SUM(G11:H11) -> 0 | L11: =SUM(J11:K11) -> 0 | O11: =SUM(M11:N11) -> 0 | R11: =SUM(P11:Q11) -> 0 | U11: =SUM(S11:T11) -> 0
B12: c. | C12: Rawat inap | F12: =SUM(D12:E12) -> 0 | I12: =SUM(G12:H12) -> 0 | L12: =SUM(J12:K12) -> 0 | O12: =SUM(M12:N12) -> 0 | R12: =SUM(P12:Q12) -> 0 | U12: =SUM(S12:T12) -> 0
B13: d. | C13: Unit gawat darurat | F13: =SUM(D13:E13) -> 0 | I13: =SUM(G13:H13) -> 0 | L13: =SUM(J13:K13) -> 0 | O13: =SUM(M13:N13) -> 0 | R13: =SUM(P13:Q13) -> 0 | U13: =SUM(S13:T13) -> 0
B14: e. | C14: MTBS | F14: =SUM(D14:E14) -> 0 | I14: =SUM(G14:H14) -> 0 | L14: =SUM(J14:K14) -> 0 | O14: =SUM(M14:N14) -> 0 | R14: =SUM(P14:Q14) -> 0 | U14: =SUM(S14:T14) -> 0
B15: f. | C15: Poli Gigi | F15: =SUM(D15:E15) -> 0 | I15: =SUM(G15:H15) -> 0 | L15: =SUM(J15:K15) -> 0 | O15: =SUM(M15:N15) -> 0 | R15: =SUM(P15:Q15) -> 0 | U15: =SUM(S15:T15) -> 0
B16: g. | C16: PONED | F16: =SUM(D16:E16) -> 0 | I16: =SUM(G16:H16) -> 0 | L16: =SUM(J16:K16) -> 0 | O16: =SUM(M16:N16) -> 0 | R16: =SUM(P16:Q16) -> 0 | U16: =SUM(S16:T16) -> 0
B17: h. | C17: Pustu | F17: =SUM(D17:E17) -> 0 | I17: =SUM(G17:H17) -> 0 | L17: =SUM(J17:K17) -> 0 | O17: =SUM(M17:N17) -> 0 | R17: =SUM(P17:Q17) -> 0 | U17: =SUM(S17:T17) -> 0
A18: 3 | B18: Jumlah Pemeriksaan Laboratorium | D18: =SUM(D19:D41) -> 0 | E18: =SUM(E19:E41) -> 0 | F18: =SUM(F19:F41) -> 0 | G18: =SUM(G19:G41) -> 0 | H18: =SUM(H19:H41) -> 0 | I18: =SUM(I19:I41) -> 0 | J18: =SUM(J19:J41) -> 0 | K18: =SUM(K19:K41) -> 0 | ... U18: =SUM(U19:U41) -> 0
B19: a. | C19: Golongan darah | F19: =SUM(D19:E19) -> 0 | I19: =SUM(G19:H19) -> 0 | L19: =SUM(J19:K19) -> 0 | O19: =SUM(M19:N19) -> 0 | R19: =SUM(P19:Q19) -> 0 | U19: =SUM(S19:T19) -> 0
B20: b. | C20: Hb | F20: =SUM(D20:E20) -> 0 | I20: =SUM(G20:H20) -> 0 | L20: =SUM(J20:K20) -> 0 | O20: =SUM(M20:N20) -> 0 | R20: =SUM(P20:Q20) -> 0 | U20: =SUM(S20:T20) -> 0
B21: c. | C21: Leukosit | F21: =SUM(D21:E21) -> 0 | I21: =SUM(G21:H21) -> 0 | L21: =SUM(J21:K21) -> 0 | O21: =SUM(M21:N21) -> 0 | R21: =SUM(P21:Q21) -> 0 | U21: =SUM(S21:T21) -> 0
B22: d. | C22: Eritrosit | F22: =SUM(D22:E22) -> 0 | I22: =SUM(G22:H22) -> 0 | L22: =SUM(J22:K22) -> 0 | O22: =SUM(M22:N22) -> 0 | R22: =SUM(P22:Q22) -> 0 | U22: =SUM(S22:T22) -> 0
B23: e. | C23: HCT | F23: =SUM(D23:E23) -> 0 | I23: =SUM(G23:H23) -> 0 | L23: =SUM(J23:K23) -> 0 | O23: =SUM(M23:N23) -> 0 | R23: =SUM(P23:Q23) -> 0 | U23: =SUM(S23:T23) -> 0
B24: f. | C24: Glukosa Post pandiel ( 2 jam PP ) | F24: =SUM(D24:E24) -> 0 | I24: =SUM(G24:H24) -> 0 | L24: =SUM(J24:K24) -> 0 | O24: =SUM(M24:N24) -> 0 | R24: =SUM(P24:Q24) -> 0 | U24: =SUM(S24:T24) -> 0
B25: g. | C25: Gulukosa Urine | F25: =SUM(D25:E25) -> 0 | I25: =SUM(G25:H25) -> 0 | L25: =SUM(J25:K25) -> 0 | O25: =SUM(M25:N25) -> 0 | R25: =SUM(P25:Q25) -> 0 | U25: =SUM(S25:T25) -> 0
B26: h. | C26: Asam Urat | F26: =SUM(D26:E26) -> 0 | I26: =SUM(G26:H26) -> 0 | L26: =SUM(J26:K26) -> 0 | O26: =SUM(M26:N26) -> 0 | R26: =SUM(P26:Q26) -> 0 | U26: =SUM(S26:T26) -> 0
B27: i. | C27: Gula darah sewaktu | F27: =SUM(D27:E27) -> 0 | I27: =SUM(G27:H27) -> 0 | L27: =SUM(J27:K27) -> 0 | O27: =SUM(M27:N27) -> 0 | R27: =SUM(P27:Q27) -> 0 | U27: =SUM(S27:T27) -> 0
B28: j. | C28: Gula darah puasa | F28: =SUM(D28:E28) -> 0 | I28: =SUM(G28:H28) -> 0 | L28: =SUM(J28:K28) -> 0 | O28: =SUM(M28:N28) -> 0 | R28: =SUM(P28:Q28) -> 0 | U28: =SUM(S28:T28) -> 0
B29: k. | C29: Urin Acid | F29: =SUM(D29:E29) -> 0 | I29: =SUM(G29:H29) -> 0 | L29: =SUM(J29:K29) -> 0 | O29: =SUM(M29:N29) -> 0 | R29: =SUM(P29:Q29) -> 0 | U29: =SUM(S29:T29) -> 0
B30: l. | C30: Cholestrol | F30: =SUM(D30:E30) -> 0 | I30: =SUM(G30:H30) -> 0 | L30: =SUM(J30:K30) -> 0 | O30: =SUM(M30:N30) -> 0 | R30: =SUM(P30:Q30) -> 0 | U30: =SUM(S30:T30) -> 0
... B41: w. | C41: Urine Sedimen | F41: =SUM(D41:E41) -> 0 | I41: =SUM(G41:H41) -> 0 | L41: =SUM(J41:K41) -> 0 | O41: =SUM(M41:N41) -> 0 | R41: =SUM(P41:Q41) -> 0 | U41: =SUM(S41:T41) -> 0
A44: No. | B44: ELEMEN DATA | D44: KORBAFO | G44: NDAO | J44: OELABA | M44: OELE | P44: SONIMANU | S44: SOTIMORI
D45: L | E45: P | F45: TOTAL | G45: L | H45: P | I45: TOTAL | J45: L | K45: P | L45: TOTAL | M45: L | N45: P | O45: TOTAL | P45: L | Q45: P | R45: TOTAL | S45: L | T45: P | U45: TOTAL
A46: 1 | B46: Total Kunjungan Laboratorium | D46: =D47+D56 -> 0 | E46: =E47+E56 -> 0 | F46: =F47+F56 -> 0 | G46: =G47+G56 -> 0 | H46: =H47+H56 -> 0 | I46: =I47+I56 -> 0 | J46: =J47+J56 -> 0 | K46: =K47+K56 -> 0 | ... U46: =U47+U56 -> 0
A47: 2 | B47: Peminta Tes Laboratorium | D47: =SUM(D48:D55) -> 0 | E47: =SUM(E48:E55) -> 0 | F47: =SUM(F48:F55) -> 0 | G47: =SUM(G48:G55) -> 0 | H47: =SUM(H48:H55) -> 0 | I47: =SUM(I48:I55) -> 0 | J47: =SUM(J48:J55) -> 0 | K47: =SUM(K48:K55) -> 0 | ... U47: =SUM(U48:U55) -> 0
B48: a. | C48: Poli umum | F48: =SUM(D48:E48) -> 0 | I48: =SUM(G48:H48) -> 0 | L48: =SUM(J48:K48) -> 0 | O48: =SUM(M48:N48) -> 0 | R48: =SUM(P48:Q48) -> 0 | U48: =SUM(S48:T48) -> 0
B49: b. | C49: KIA / KB | F49: =SUM(D49:E49) -> 0 | I49: =SUM(G49:H49) -> 0 | L49: =SUM(J49:K49) -> 0 | O49: =SUM(M49:N49) -> 0 | R49: =SUM(P49:Q49) -> 0 | U49: =SUM(S49:T49) -> 0
B50: c. | C50: Rawat inap | F50: =SUM(D50:E50) -> 0 | I50: =SUM(G50:H50) -> 0 | L50: =SUM(J50:K50) -> 0 | O50: =SUM(M50:N50) -> 0 | R50: =SUM(P50:Q50) -> 0 | U50: =SUM(S50:T50) -> 0
B51: d. | C51: Unit gawat darurat | F51: =SUM(D51:E51) -> 0 | I51: =SUM(G51:H51) -> 0 | L51: =SUM(J51:K51) -> 0 | O51: =SUM(M51:N51) -> 0 | R51: =SUM(P51:Q51) -> 0 | U51: =SUM(S51:T51) -> 0
B52: e. | C52: MTBS | F52: =SUM(D52:E52) -> 0 | I52: =SUM(G52:H52) -> 0 | L52: =SUM(J52:K52) -> 0 | O52: =SUM(M52:N52) -> 0 | R52: =SUM(P52:Q52) -> 0 | U52: =SUM(S52:T52) -> 0
B53: f. | C53: Poli Gigi | F53: =SUM(D53:E53) -> 0 | I53: =SUM(G53:H53) -> 0 | L53: =SUM(J53:K53) -> 0 | O53: =SUM(M53:N53) -> 0 | R53: =SUM(P53:Q53) -> 0 | U53: =SUM(S53:T53) -> 0
B54: g. | C54: PONED | F54: =SUM(D54:E54) -> 0 | I54: =SUM(G54:H54) -> 0 | L54: =SUM(J54:K54) -> 0 | O54: =SUM(M54:N54) -> 0 | R54: =SUM(P54:Q54) -> 0 | U54: =SUM(S54:T54) -> 0
B55: h. | C55: Pustu | F55: =SUM(D55:E55) -> 0 | I55: =SUM(G55:H55) -> 0 | L55: =SUM(J55:K55) -> 0 | O55: =SUM(M55:N55) -> 0 | R55: =SUM(P55:Q55) -> 0 | U55: =SUM(S55:T55) -> 0
A56: 3 | B56: Jumlah Pemeriksaan Laboratorium | D56: =SUM(D57:D79) -> 0 | E56: =SUM(E57:E79) -> 0 | F56: =SUM(F57:F79) -> 0 | G56: =SUM(G57:G79) -> 0 | H56: =SUM(H57:H79) -> 0 | I56: =SUM(I57:I79) -> 0 | J56: =SUM(J57:J79) -> 0 | K56: =SUM(K57:K79) -> 0 | ... U56: =SUM(U57:U79) -> 0
B57: a. | C57: Golongan darah | F57: =SUM(D57:E57) -> 0 | I57: =SUM(G57:H57) -> 0 | L57: =SUM(J57:K57) -> 0 | O57: =SUM(M57:N57) -> 0 | R57: =SUM(P57:Q57) -> 0 | U57: =SUM(S57:T57) -> 0
B58: b. | C58: Hb | F58: =SUM(D58:E58) -> 0 | I58: =SUM(G58:H58) -> 0 | L58: =SUM(J58:K58) -> 0 | O58: =SUM(M58:N58) -> 0 | R58: =SUM(P58:Q58) -> 0 | U58: =SUM(S58:T58) -> 0
B59: c. | C59: Leukosit | F59: =SUM(D59:E59) -> 0 | I59: =SUM(G59:H59) -> 0 | L59: =SUM(J59:K59) -> 0 | O59: =SUM(M59:N59) -> 0 | R59: =SUM(P59:Q59) -> 0 | U59: =SUM(S59:T59) -> 0
B60: d. | C60: Eritrosit | F60: =SUM(D60:E60) -> 0 | I60: =SUM(G60:H60) -> 0 | L60: =SUM(J60:K60) -> 0 | O60: =SUM(M60:N60) -> 0 | R60: =SUM(P60:Q60) -> 0 | U60: =SUM(S60:T60) -> 0
B61: e. | C61: HCT | F61: =SUM(D61:E61) -> 0 | I61: =SUM(G61:H61) -> 0 | L61: =SUM(J61:K61) -> 0 | O61: =SUM(M61:N61) -> 0 | R61: =SUM(P61:Q61) -> 0 | U61: =SUM(S61:T61) -> 0
B62: f. | C62: Glukosa Post pandiel ( 2 jam PP ) | F62: =SUM(D62:E62) -> 0 | I62: =SUM(G62:H62) -> 0 | L62: =SUM(J62:K62) -> 0 | O62: =SUM(M62:N62) -> 0 | R62: =SUM(P62:Q62) -> 0 | U62: =SUM(S62:T62) -> 0
B63: g. | C63: Gulukosa Urine | F63: =SUM(D63:E63) -> 0 | I63: =SUM(G63:H63) -> 0 | L63: =SUM(J63:K63) -> 0 | O63: =SUM(M63:N63) -> 0 | R63: =SUM(P63:Q63) -> 0 | U63: =SUM(S63:T63) -> 0
B64: h. | C64: Asam Urat | F64: =SUM(D64:E64) -> 0 | I64: =SUM(G64:H64) -> 0 | L64: =SUM(J64:K64) -> 0 | O64: =SUM(M64:N64) -> 0 | R64: =SUM(P64:Q64) -> 0 | U64: =SUM(S64:T64) -> 0
B65: i. | C65: Gula darah sewaktu | F65: =SUM(D65:E65) -> 0 | I65: =SUM(G65:H65) -> 0 | L65: =SUM(J65:K65) -> 0 | O65: =SUM(M65:N65) -> 0 | R65: =SUM(P65:Q65) -> 0 | U65: =SUM(S65:T65) -> 0
B66: j. | C66: Gula darah puasa | F66: =SUM(D66:E66) -> 0 | I66: =SUM(G66:H66) -> 0 | L66: =SUM(J66:K66) -> 0 | O66: =SUM(M66:N66) -> 0 | R66: =SUM(P66:Q66) -> 0 | U66: =SUM(S66:T66) -> 0
B67: k. | C67: Urin Acid | F67: =SUM(D67:E67) -> 0 | I67: =SUM(G67:H67) -> 0 | L67: =SUM(J67:K67) -> 0 | O67: =SUM(M67:N67) -> 0 | R67: =SUM(P67:Q67) -> 0 | U67: =SUM(S67:T67) -> 0
B68: l. | C68: Cholestrol | F68: =SUM(D68:E68) -> 0 | I68: =SUM(G68:H68) -> 0 | L68: =SUM(J68:K68) -> 0 | O68: =SUM(M68:N68) -> 0 | R68: =SUM(P68:Q68) -> 0 | U68: =SUM(S68:T68) -> 0
... B79: w. | C79: Urine Sedimen | F79: =SUM(D79:E79) -> 0 | I79: =SUM(G79:H79) -> 0 | L79: =SUM(J79:K79) -> 0 | O79: =SUM(M79:N79) -> 0 | R79: =SUM(P79:Q79) -> 0 | U79: =SUM(S79:T79) -> 0

Sheet NOVEMBER
A2: LAPORAN LABORATORIUM
A3: DI PUSKESMAS KABUPATEN ROTE NDAO
A4: NOVEMBER 2026
A6: No. | B6: ELEMEN DATA | D6: BAA | G6: BATUTUA | J6: BUSALANGGA | M6: DELHA | P6: EAHUN | S6: FEAPOPI
D7: L | E7: P | F7: TOTAL | G7: L | H7: P | I7: TOTAL | J7: L | K7: P | L7: TOTAL | M7: L | N7: P | O7: TOTAL | P7: L | Q7: P | R7: TOTAL | S7: L | T7: P | U7: TOTAL
A8: 1 | B8: Total Kunjungan Laboratorium | D8: =D9+D18 -> 0 | E8: =E9+E18 -> 0 | F8: =F9+F18 -> 0 | G8: =G9+G18 -> 0 | H8: =H9+H18 -> 0 | I8: =I9+I18 -> 0 | J8: =J9+J18 -> 0 | K8: =K9+K18 -> 0 | ... U8: =U9+U18 -> 0
A9: 2 | B9: Peminta Tes Laboratorium | D9: =SUM(D10:D17) -> 0 | E9: =SUM(E10:E17) -> 0 | F9: =SUM(F10:F17) -> 0 | G9: =SUM(G10:G17) -> 0 | H9: =SUM(H10:H17) -> 0 | I9: =SUM(I10:I17) -> 0 | J9: =SUM(J10:J17) -> 0 | K9: =SUM(K10:K17) -> 0 | ... U9: =SUM(U10:U17) -> 0
B10: a. | C10: Poli umum | F10: =SUM(D10:E10) -> 0 | I10: =SUM(G10:H10) -> 0 | L10: =SUM(J10:K10) -> 0 | O10: =SUM(M10:N10) -> 0 | R10: =SUM(P10:Q10) -> 0 | U10: =SUM(S10:T10) -> 0
B11: b. | C11: KIA / KB | F11: =SUM(D11:E11) -> 0 | I11: =SUM(G11:H11) -> 0 | L11: =SUM(J11:K11) -> 0 | O11: =SUM(M11:N11) -> 0 | R11: =SUM(P11:Q11) -> 0 | U11: =SUM(S11:T11) -> 0
B12: c. | C12: Rawat inap | F12: =SUM(D12:E12) -> 0 | I12: =SUM(G12:H12) -> 0 | L12: =SUM(J12:K12) -> 0 | O12: =SUM(M12:N12) -> 0 | R12: =SUM(P12:Q12) -> 0 | U12: =SUM(S12:T12) -> 0
B13: d. | C13: Unit gawat darurat | F13: =SUM(D13:E13) -> 0 | I13: =SUM(G13:H13) -> 0 | L13: =SUM(J13:K13) -> 0 | O13: =SUM(M13:N13) -> 0 | R13: =SUM(P13:Q13) -> 0 | U13: =SUM(S13:T13) -> 0
B14: e. | C14: MTBS | F14: =SUM(D14:E14) -> 0 | I14: =SUM(G14:H14) -> 0 | L14: =SUM(J14:K14) -> 0 | O14: =SUM(M14:N14) -> 0 | R14: =SUM(P14:Q14) -> 0 | U14: =SUM(S14:T14) -> 0
B15: f. | C15: Poli Gigi | F15: =SUM(D15:E15) -> 0 | I15: =SUM(G15:H15) -> 0 | L15: =SUM(J15:K15) -> 0 | O15: =SUM(M15:N15) -> 0 | R15: =SUM(P15:Q15) -> 0 | U15: =SUM(S15:T15) -> 0
B16: g. | C16: PONED | F16: =SUM(D16:E16) -> 0 | I16: =SUM(G16:H16) -> 0 | L16: =SUM(J16:K16) -> 0 | O16: =SUM(M16:N16) -> 0 | R16: =SUM(P16:Q16) -> 0 | U16: =SUM(S16:T16) -> 0
B17: h. | C17: Pustu | F17: =SUM(D17:E17) -> 0 | I17: =SUM(G17:H17) -> 0 | L17: =SUM(J17:K17) -> 0 | O17: =SUM(M17:N17) -> 0 | R17: =SUM(P17:Q17) -> 0 | U17: =SUM(S17:T17) -> 0
A18: 3 | B18: Jumlah Pemeriksaan Laboratorium | D18: =SUM(D19:D41) -> 0 | E18: =SUM(E19:E41) -> 0 | F18: =SUM(F19:F41) -> 0 | G18: =SUM(G19:G41) -> 0 | H18: =SUM(H19:H41) -> 0 | I18: =SUM(I19:I41) -> 0 | J18: =SUM(J19:J41) -> 0 | K18: =SUM(K19:K41) -> 0 | ... U18: =SUM(U19:U41) -> 0
B19: a. | C19: Golongan darah | F19: =SUM(D19:E19) -> 0 | I19: =SUM(G19:H19) -> 0 | L19: =SUM(J19:K19) -> 0 | O19: =SUM(M19:N19) -> 0 | R19: =SUM(P19:Q19) -> 0 | U19: =SUM(S19:T19) -> 0
B20: b. | C20: Hb | F20: =SUM(D20:E20) -> 0 | I20: =SUM(G20:H20) -> 0 | L20: =SUM(J20:K20) -> 0 | O20: =SUM(M20:N20) -> 0 | R20: =SUM(P20:Q20) -> 0 | U20: =SUM(S20:T20) -> 0
B21: c. | C21: Leukosit | F21: =SUM(D21:E21) -> 0 | I21: =SUM(G21:H21) -> 0 | L21: =SUM(J21:K21) -> 0 | O21: =SUM(M21:N21) -> 0 | R21: =SUM(P21:Q21) -> 0 | U21: =SUM(S21:T21) -> 0
B22: d. | C22: Eritrosit | F22: =SUM(D22:E22) -> 0 | I22: =SUM(G22:H22) -> 0 | L22: =SUM(J22:K22) -> 0 | O22: =SUM(M22:N22) -> 0 | R22: =SUM(P22:Q22) -> 0 | U22: =SUM(S22:T22) -> 0
B23: e. | C23: HCT | F23: =SUM(D23:E23) -> 0 | I23: =SUM(G23:H23) -> 0 | L23: =SUM(J23:K23) -> 0 | O23: =SUM(M23:N23) -> 0 | R23: =SUM(P23:Q23) -> 0 | U23: =SUM(S23:T23) -> 0
B24: f. | C24: Glukosa Post pandiel ( 2 jam PP ) | F24: =SUM(D24:E24) -> 0 | I24: =SUM(G24:H24) -> 0 | L24: =SUM(J24:K24) -> 0 | O24: =SUM(M24:N24) -> 0 | R24: =SUM(P24:Q24) -> 0 | U24: =SUM(S24:T24) -> 0
B25: g. | C25: Gulukosa Urine | F25: =SUM(D25:E25) -> 0 | I25: =SUM(G25:H25) -> 0 | L25: =SUM(J25:K25) -> 0 | O25: =SUM(M25:N25) -> 0 | R25: =SUM(P25:Q25) -> 0 | U25: =SUM(S25:T25) -> 0
B26: h. | C26: Asam Urat | F26: =SUM(D26:E26) -> 0 | I26: =SUM(G26:H26) -> 0 | L26: =SUM(J26:K26) -> 0 | O26: =SUM(M26:N26) -> 0 | R26: =SUM(P26:Q26) -> 0 | U26: =SUM(S26:T26) -> 0
B27: i. | C27: Gula darah sewaktu | F27: =SUM(D27:E27) -> 0 | I27: =SUM(G27:H27) -> 0 | L27: =SUM(J27:K27) -> 0 | O27: =SUM(M27:N27) -> 0 | R27: =SUM(P27:Q27) -> 0 | U27: =SUM(S27:T27) -> 0
B28: j. | C28: Gula darah puasa | F28: =SUM(D28:E28) -> 0 | I28: =SUM(G28:H28) -> 0 | L28: =SUM(J28:K28) -> 0 | O28: =SUM(M28:N28) -> 0 | R28: =SUM(P28:Q28) -> 0 | U28: =SUM(S28:T28) -> 0
B29: k. | C29: Urin Acid | F29: =SUM(D29:E29) -> 0 | I29: =SUM(G29:H29) -> 0 | L29: =SUM(J29:K29) -> 0 | O29: =SUM(M29:N29) -> 0 | R29: =SUM(P29:Q29) -> 0 | U29: =SUM(S29:T29) -> 0
B30: l. | C30: Cholestrol | F30: =SUM(D30:E30) -> 0 | I30: =SUM(G30:H30) -> 0 | L30: =SUM(J30:K30) -> 0 | O30: =SUM(M30:N30) -> 0 | R30: =SUM(P30:Q30) -> 0 | U30: =SUM(S30:T30) -> 0
... B41: w. | C41: Urine Sedimen | F41: =SUM(D41:E41) -> 0 | I41: =SUM(G41:H41) -> 0 | L41: =SUM(J41:K41) -> 0 | O41: =SUM(M41:N41) -> 0 | R41: =SUM(P41:Q41) -> 0 | U41: =SUM(S41:T41) -> 0
A44: No. | B44: ELEMEN DATA | D44: KORBAFO | G44: NDAO | J44: OELABA | M44: OELE | P44: SONIMANU | S44: SOTIMORI
D45: L | E45: P | F45: TOTAL | G45: L | H45: P | I45: TOTAL | J45: L | K45: P | L45: TOTAL | M45: L | N45: P | O45: TOTAL | P45: L | Q45: P | R45: TOTAL | S45: L | T45: P | U45: TOTAL
A46: 1 | B46: Total Kunjungan Laboratorium | D46: =D47+D56 -> 0 | E46: =E47+E56 -> 0 | F46: =F47+F56 -> 0 | G46: =G47+G56 -> 0 | H46: =H47+H56 -> 0 | I46: =I47+I56 -> 0 | J46: =J47+J56 -> 0 | K46: =K47+K56 -> 0 | ... U46: =U47+U56 -> 0
A47: 2 | B47: Peminta Tes Laboratorium | D47: =SUM(D48:D55) -> 0 | E47: =SUM(E48:E55) -> 0 | F47: =SUM(F48:F55) -> 0 | G47: =SUM(G48:G55) -> 0 | H47: =SUM(H48:H55) -> 0 | I47: =SUM(I48:I55) -> 0 | J47: =SUM(J48:J55) -> 0 | K47: =SUM(K48:K55) -> 0 | ... U47: =SUM(U48:U55) -> 0
B48: a. | C48: Poli umum | F48: =SUM(D48:E48) -> 0 | I48: =SUM(G48:H48) -> 0 | L48: =SUM(J48:K48) -> 0 | O48: =SUM(M48:N48) -> 0 | R48: =SUM(P48:Q48) -> 0 | U48: =SUM(S48:T48) -> 0
B49: b. | C49: KIA / KB | F49: =SUM(D49:E49) -> 0 | I49: =SUM(G49:H49) -> 0 | L49: =SUM(J49:K49) -> 0 | O49: =SUM(M49:N49) -> 0 | R49: =SUM(P49:Q49) -> 0 | U49: =SUM(S49:T49) -> 0
B50: c. | C50: Rawat inap | F50: =SUM(D50:E50) -> 0 | I50: =SUM(G50:H50) -> 0 | L50: =SUM(J50:K50) -> 0 | O50: =SUM(M50:N50) -> 0 | R50: =SUM(P50:Q50) -> 0 | U50: =SUM(S50:T50) -> 0
B51: d. | C51: Unit gawat darurat | F51: =SUM(D51:E51) -> 0 | I51: =SUM(G51:H51) -> 0 | L51: =SUM(J51:K51) -> 0 | O51: =SUM(M51:N51) -> 0 | R51: =SUM(P51:Q51) -> 0 | U51: =SUM(S51:T51) -> 0
B52: e. | C52: MTBS | F52: =SUM(D52:E52) -> 0 | I52: =SUM(G52:H52) -> 0 | L52: =SUM(J52:K52) -> 0 | O52: =SUM(M52:N52) -> 0 | R52: =SUM(P52:Q52) -> 0 | U52: =SUM(S52:T52) -> 0
B53: f. | C53: Poli Gigi | F53: =SUM(D53:E53) -> 0 | I53: =SUM(G53:H53) -> 0 | L53: =SUM(J53:K53) -> 0 | O53: =SUM(M53:N53) -> 0 | R53: =SUM(P53:Q53) -> 0 | U53: =SUM(S53:T53) -> 0
B54: g. | C54: PONED | F54: =SUM(D54:E54) -> 0 | I54: =SUM(G54:H54) -> 0 | L54: =SUM(J54:K54) -> 0 | O54: =SUM(M54:N54) -> 0 | R54: =SUM(P54:Q54) -> 0 | U54: =SUM(S54:T54) -> 0
B55: h. | C55: Pustu | F55: =SUM(D55:E55) -> 0 | I55: =SUM(G55:H55) -> 0 | L55: =SUM(J55:K55) -> 0 | O55: =SUM(M55:N55) -> 0 | R55: =SUM(P55:Q55) -> 0 | U55: =SUM(S55:T55) -> 0
A56: 3 | B56: Jumlah Pemeriksaan Laboratorium | D56: =SUM(D57:D79) -> 0 | E56: =SUM(E57:E79) -> 0 | F56: =SUM(F57:F79) -> 0 | G56: =SUM(G57:G79) -> 0 | H56: =SUM(H57:H79) -> 0 | I56: =SUM(I57:I79) -> 0 | J56: =SUM(J57:J79) -> 0 | K56: =SUM(K57:K79) -> 0 | ... U56: =SUM(U57:U79) -> 0
B57: a. | C57: Golongan darah | F57: =SUM(D57:E57) -> 0 | I57: =SUM(G57:H57) -> 0 | L57: =SUM(J57:K57) -> 0 | O57: =SUM(M57:N57) -> 0 | R57: =SUM(P57:Q57) -> 0 | U57: =SUM(S57:T57) -> 0
B58: b. | C58: Hb | F58: =SUM(D58:E58) -> 0 | I58: =SUM(G58:H58) -> 0 | L58: =SUM(J58:K58) -> 0 | O58: =SUM(M58:N58) -> 0 | R58: =SUM(P58:Q58) -> 0 | U58: =SUM(S58:T58) -> 0
B59: c. | C59: Leukosit | F59: =SUM(D59:E59) -> 0 | I59: =SUM(G59:H59) -> 0 | L59: =SUM(J59:K59) -> 0 | O59: =SUM(M59:N59) -> 0 | R59: =SUM(P59:Q59) -> 0 | U59: =SUM(S59:T59) -> 0
B60: d. | C60: Eritrosit | F60: =SUM(D60:E60) -> 0 | I60: =SUM(G60:H60) -> 0 | L60: =SUM(J60:K60) -> 0 | O60: =SUM(M60:N60) -> 0 | R60: =SUM(P60:Q60) -> 0 | U60: =SUM(S60:T60) -> 0
B61: e. | C61: HCT | F61: =SUM(D61:E61) -> 0 | I61: =SUM(G61:H61) -> 0 | L61: =SUM(J61:K61) -> 0 | O61: =SUM(M61:N61) -> 0 | R61: =SUM(P61:Q61) -> 0 | U61: =SUM(S61:T61) -> 0
B62: f. | C62: Glukosa Post pandiel ( 2 jam PP ) | F62: =SUM(D62:E62) -> 0 | I62: =SUM(G62:H62) -> 0 | L62: =SUM(J62:K62) -> 0 | O62: =SUM(M62:N62) -> 0 | R62: =SUM(P62:Q62) -> 0 | U62: =SUM(S62:T62) -> 0
B63: g. | C63: Gulukosa Urine | F63: =SUM(D63:E63) -> 0 | I63: =SUM(G63:H63) -> 0 | L63: =SUM(J63:K63) -> 0 | O63: =SUM(M63:N63) -> 0 | R63: =SUM(P63:Q63) -> 0 | U63: =SUM(S63:T63) -> 0
B64: h. | C64: Asam Urat | F64: =SUM(D64:E64) -> 0 | I64: =SUM(G64:H64) -> 0 | L64: =SUM(J64:K64) -> 0 | O64: =SUM(M64:N64) -> 0 | R64: =SUM(P64:Q64) -> 0 | U64: =SUM(S64:T64) -> 0
B65: i. | C65: Gula darah sewaktu | F65: =SUM(D65:E65) -> 0 | I65: =SUM(G65:H65) -> 0 | L65: =SUM(J65:K65) -> 0 | O65: =SUM(M65:N65) -> 0 | R65: =SUM(P65:Q65) -> 0 | U65: =SUM(S65:T65) -> 0
B66: j. | C66: Gula darah puasa | F66: =SUM(D66:E66) -> 0 | I66: =SUM(G66:H66) -> 0 | L66: =SUM(J66:K66) -> 0 | O66: =SUM(M66:N66) -> 0 | R66: =SUM(P66:Q66) -> 0 | U66: =SUM(S66:T66) -> 0
B67: k. | C67: Urin Acid | F67: =SUM(D67:E67) -> 0 | I67: =SUM(G67:H67) -> 0 | L67: =SUM(J67:K67) -> 0 | O67: =SUM(M67:N67) -> 0 | R67: =SUM(P67:Q67) -> 0 | U67: =SUM(S67:T67) -> 0
B68: l. | C68: Cholestrol | F68: =SUM(D68:E68) -> 0 | I68: =SUM(G68:H68) -> 0 | L68: =SUM(J68:K68) -> 0 | O68: =SUM(M68:N68) -> 0 | R68: =SUM(P68:Q68) -> 0 | U68: =SUM(S68:T68) -> 0
... B79: w. | C79: Urine Sedimen | F79: =SUM(D79:E79) -> 0 | I79: =SUM(G79:H79) -> 0 | L79: =SUM(J79:K79) -> 0 | O79: =SUM(M79:N79) -> 0 | R79: =SUM(P79:Q79) -> 0 | U79: =SUM(S79:T79) -> 0

Sheet DESEMBER
A2: LAPORAN LABORATORIUM
A3: DI PUSKESMAS KABUPATEN ROTE NDAO
A4: DESEMBER 2026
A6: No. | B6: ELEMEN DATA | D6: BAA | G6: BATUTUA | J6: BUSALANGGA | M6: DELHA | P6: EAHUN | S6: FEAPOPI
D7: L | E7: P | F7: TOTAL | G7: L | H7: P | I7: TOTAL | J7: L | K7: P | L7: TOTAL | M7: L | N7: P | O7: TOTAL | P7: L | Q7: P | R7: TOTAL | S7: L | T7: P | U7: TOTAL
A8: 1 | B8: Total Kunjungan Laboratorium | D8: =D9+D18 -> 0 | E8: =E9+E18 -> 0 | F8: =F9+F18 -> 0 | G8: =G9+G18 -> 0 | H8: =H9+H18 -> 0 | I8: =I9+I18 -> 0 | J8: =J9+J18 -> 0 | K8: =K9+K18 -> 0 | ... U8: =U9+U18 -> 0
A9: 2 | B9: Peminta Tes Laboratorium | D9: =SUM(D10:D17) -> 0 | E9: =SUM(E10:E17) -> 0 | F9: =SUM(F10:F17) -> 0 | G9: =SUM(G10:G17) -> 0 | H9: =SUM(H10:H17) -> 0 | I9: =SUM(I10:I17) -> 0 | J9: =SUM(J10:J17) -> 0 | K9: =SUM(K10:K17) -> 0 | ... U9: =SUM(U10:U17) -> 0
B10: a. | C10: Poli umum | F10: =SUM(D10:E10) -> 0 | I10: =SUM(G10:H10) -> 0 | L10: =SUM(J10:K10) -> 0 | O10: =SUM(M10:N10) -> 0 | R10: =SUM(P10:Q10) -> 0 | U10: =SUM(S10:T10) -> 0
B11: b. | C11: KIA / KB | F11: =SUM(D11:E11) -> 0 | I11: =SUM(G11:H11) -> 0 | L11: =SUM(J11:K11) -> 0 | O11: =SUM(M11:N11) -> 0 | R11: =SUM(P11:Q11) -> 0 | U11: =SUM(S11:T11) -> 0
B12: c. | C12: Rawat inap | F12: =SUM(D12:E12) -> 0 | I12: =SUM(G12:H12) -> 0 | L12: =SUM(J12:K12) -> 0 | O12: =SUM(M12:N12) -> 0 | R12: =SUM(P12:Q12) -> 0 | U12: =SUM(S12:T12) -> 0
B13: d. | C13: Unit gawat darurat | F13: =SUM(D13:E13) -> 0 | I13: =SUM(G13:H13) -> 0 | L13: =SUM(J13:K13) -> 0 | O13: =SUM(M13:N13) -> 0 | R13: =SUM(P13:Q13) -> 0 | U13: =SUM(S13:T13) -> 0
B14: e. | C14: MTBS | F14: =SUM(D14:E14) -> 0 | I14: =SUM(G14:H14) -> 0 | L14: =SUM(J14:K14) -> 0 | O14: =SUM(M14:N14) -> 0 | R14: =SUM(P14:Q14) -> 0 | U14: =SUM(S14:T14) -> 0
B15: f. | C15: Poli Gigi | F15: =SUM(D15:E15) -> 0 | I15: =SUM(G15:H15) -> 0 | L15: =SUM(J15:K15) -> 0 | O15: =SUM(M15:N15) -> 0 | R15: =SUM(P15:Q15) -> 0 | U15: =SUM(S15:T15) -> 0
B16: g. | C16: PONED | F16: =SUM(D16:E16) -> 0 | I16: =SUM(G16:H16) -> 0 | L16: =SUM(J16:K16) -> 0 | O16: =SUM(M16:N16) -> 0 | R16: =SUM(P16:Q16) -> 0 | U16: =SUM(S16:T16) -> 0
B17: h. | C17: Pustu | F17: =SUM(D17:E17) -> 0 | I17: =SUM(G17:H17) -> 0 | L17: =SUM(J17:K17) -> 0 | O17: =SUM(M17:N17) -> 0 | R17: =SUM(P17:Q17) -> 0 | U17: =SUM(S17:T17) -> 0
A18: 3 | B18: Jumlah Pemeriksaan Laboratorium | D18: =SUM(D19:D41) -> 0 | E18: =SUM(E19:E41) -> 0 | F18: =SUM(F19:F41) -> 0 | G18: =SUM(G19:G41) -> 0 | H18: =SUM(H19:H41) -> 0 | I18: =SUM(I19:I41) -> 0 | J18: =SUM(J19:J41) -> 0 | K18: =SUM(K19:K41) -> 0 | ... U18: =SUM(U19:U41) -> 0
B19: a. | C19: Golongan darah | F19: =SUM(D19:E19) -> 0 | I19: =SUM(G19:H19) -> 0 | L19: =SUM(J19:K19) -> 0 | O19: =SUM(M19:N19) -> 0 | R19: =SUM(P19:Q19) -> 0 | U19: =SUM(S19:T19) -> 0
B20: b. | C20: Hb | F20: =SUM(D20:E20) -> 0 | I20: =SUM(G20:H20) -> 0 | L20: =SUM(J20:K20) -> 0 | O20: =SUM(M20:N20) -> 0 | R20: =SUM(P20:Q20) -> 0 | U20: =SUM(S20:T20) -> 0
B21: c. | C21: Leukosit | F21: =SUM(D21:E21) -> 0 | I21: =SUM(G21:H21) -> 0 | L21: =SUM(J21:K21) -> 0 | O21: =SUM(M21:N21) -> 0 | R21: =SUM(P21:Q21) -> 0 | U21: =SUM(S21:T21) -> 0
B22: d. | C22: Eritrosit | F22: =SUM(D22:E22) -> 0 | I22: =SUM(G22:H22) -> 0 | L22: =SUM(J22:K22) -> 0 | O22: =SUM(M22:N22) -> 0 | R22: =SUM(P22:Q22) -> 0 | U22: =SUM(S22:T22) -> 0
B23: e. | C23: HCT | F23: =SUM(D23:E23) -> 0 | I23: =SUM(G23:H23) -> 0 | L23: =SUM(J23:K23) -> 0 | O23: =SUM(M23:N23) -> 0 | R23: =SUM(P23:Q23) -> 0 | U23: =SUM(S23:T23) -> 0
B24: f. | C24: Glukosa Post pandiel ( 2 jam PP ) | F24: =SUM(D24:E24) -> 0 | I24: =SUM(G24:H24) -> 0 | L24: =SUM(J24:K24) -> 0 | O24: =SUM(M24:N24) -> 0 | R24: =SUM(P24:Q24) -> 0 | U24: =SUM(S24:T24) -> 0
B25: g. | C25: Gulukosa Urine | F25: =SUM(D25:E25) -> 0 | I25: =SUM(G25:H25) -> 0 | L25: =SUM(J25:K25) -> 0 | O25: =SUM(M25:N25) -> 0 | R25: =SUM(P25:Q25) -> 0 | U25: =SUM(S25:T25) -> 0
B26: h. | C26: Asam Urat | F26: =SUM(D26:E26) -> 0 | I26: =SUM(G26:H26) -> 0 | L26: =SUM(J26:K26) -> 0 | O26: =SUM(M26:N26) -> 0 | R26: =SUM(P26:Q26) -> 0 | U26: =SUM(S26:T26) -> 0
B27: i. | C27: Gula darah sewaktu | F27: =SUM(D27:E27) -> 0 | I27: =SUM(G27:H27) -> 0 | L27: =SUM(J27:K27) -> 0 | O27: =SUM(M27:N27) -> 0 | R27: =SUM(P27:Q27) -> 0 | U27: =SUM(S27:T27) -> 0
B28: j. | C28: Gula darah puasa | F28: =SUM(D28:E28) -> 0 | I28: =SUM(G28:H28) -> 0 | L28: =SUM(J28:K28) -> 0 | O28: =SUM(M28:N28) -> 0 | R28: =SUM(P28:Q28) -> 0 | U28: =SUM(S28:T28) -> 0
B29: k. | C29: Urin Acid | F29: =SUM(D29:E29) -> 0 | I29: =SUM(G29:H29) -> 0 | L29: =SUM(J29:K29) -> 0 | O29: =SUM(M29:N29) -> 0 | R29: =SUM(P29:Q29) -> 0 | U29: =SUM(S29:T29) -> 0
B30: l. | C30: Cholestrol | F30: =SUM(D30:E30) -> 0 | I30: =SUM(G30:H30) -> 0 | L30: =SUM(J30:K30) -> 0 | O30: =SUM(M30:N30) -> 0 | R30: =SUM(P30:Q30) -> 0 | U30: =SUM(S30:T30) -> 0
... B41: w. | C41: Urine Sedimen | F41: =SUM(D41:E41) -> 0 | I41: =SUM(G41:H41) -> 0 | L41: =SUM(J41:K41) -> 0 | O41: =SUM(M41:N41) -> 0 | R41: =SUM(P41:Q41) -> 0 | U41: =SUM(S41:T41) -> 0
A44: No. | B44: ELEMEN DATA | D44: KORBAFO | G44: NDAO | J44: OELABA | M44: OELE | P44: SONIMANU | S44: SOTIMORI
D45: L | E45: P | F45: TOTAL | G45: L | H45: P | I45: TOTAL | J45: L | K45: P | L45: TOTAL | M45: L | N45: P | O45: TOTAL | P45: L | Q45: P | R45: TOTAL | S45: L | T45: P | U45: TOTAL
A46: 1 | B46: Total Kunjungan Laboratorium | D46: =D47+D56 -> 0 | E46: =E47+E56 -> 0 | F46: =F47+F56 -> 0 | G46: =G47+G56 -> 0 | H46: =H47+H56 -> 0 | I46: =I47+I56 -> 0 | J46: =J47+J56 -> 0 | K46: =K47+K56 -> 0 | ... U46: =U47+U56 -> 0
A47: 2 | B47: Peminta Tes Laboratorium | D47: =SUM(D48:D55) -> 0 | E47: =SUM(E48:E55) -> 0 | F47: =SUM(F48:F55) -> 0 | G47: =SUM(G48:G55) -> 0 | H47: =SUM(H48:H55) -> 0 | I47: =SUM(I48:I55) -> 0 | J47: =SUM(J48:J55) -> 0 | K47: =SUM(K48:K55) -> 0 | ... U47: =SUM(U48:U55) -> 0
B48: a. | C48: Poli umum | F48: =SUM(D48:E48) -> 0 | I48: =SUM(G48:H48) -> 0 | L48: =SUM(J48:K48) -> 0 | O48: =SUM(M48:N48) -> 0 | R48: =SUM(P48:Q48) -> 0 | U48: =SUM(S48:T48) -> 0
B49: b. | C49: KIA / KB | F49: =SUM(D49:E49) -> 0 | I49: =SUM(G49:H49) -> 0 | L49: =SUM(J49:K49) -> 0 | O49: =SUM(M49:N49) -> 0 | R49: =SUM(P49:Q49) -> 0 | U49: =SUM(S49:T49) -> 0
B50: c. | C50: Rawat inap | F50: =SUM(D50:E50) -> 0 | I50: =SUM(G50:H50) -> 0 | L50: =SUM(J50:K50) -> 0 | O50: =SUM(M50:N50) -> 0 | R50: =SUM(P50:Q50) -> 0 | U50: =SUM(S50:T50) -> 0
B51: d. | C51: Unit gawat darurat | F51: =SUM(D51:E51) -> 0 | I51: =SUM(G51:H51) -> 0 | L51: =SUM(J51:K51) -> 0 | O51: =SUM(M51:N51) -> 0 | R51: =SUM(P51:Q51) -> 0 | U51: =SUM(S51:T51) -> 0
B52: e. | C52: MTBS | F52: =SUM(D52:E52) -> 0 | I52: =SUM(G52:H52) -> 0 | L52: =SUM(J52:K52) -> 0 | O52: =SUM(M52:N52) -> 0 | R52: =SUM(P52:Q52) -> 0 | U52: =SUM(S52:T52) -> 0
B53: f. | C53: Poli Gigi | F53: =SUM(D53:E53) -> 0 | I53: =SUM(G53:H53) -> 0 | L53: =SUM(J53:K53) -> 0 | O53: =SUM(M53:N53) -> 0 | R53: =SUM(P53:Q53) -> 0 | U53: =SUM(S53:T53) -> 0
B54: g. | C54: PONED | F54: =SUM(D54:E54) -> 0 | I54: =SUM(G54:H54) -> 0 | L54: =SUM(J54:K54) -> 0 | O54: =SUM(M54:N54) -> 0 | R54: =SUM(P54:Q54) -> 0 | U54: =SUM(S54:T54) -> 0
B55: h. | C55: Pustu | F55: =SUM(D55:E55) -> 0 | I55: =SUM(G55:H55) -> 0 | L55: =SUM(J55:K55) -> 0 | O55: =SUM(M55:N55) -> 0 | R55: =SUM(P55:Q55) -> 0 | U55: =SUM(S55:T55) -> 0
A56: 3 | B56: Jumlah Pemeriksaan Laboratorium | D56: =SUM(D57:D79) -> 0 | E56: =SUM(E57:E79) -> 0 | F56: =SUM(F57:F79) -> 0 | G56: =SUM(G57:G79) -> 0 | H56: =SUM(H57:H79) -> 0 | I56: =SUM(I57:I79) -> 0 | J56: =SUM(J57:J79) -> 0 | K56: =SUM(K57:K79) -> 0 | ... U56: =SUM(U57:U79) -> 0
B57: a. | C57: Golongan darah | F57: =SUM(D57:E57) -> 0 | I57: =SUM(G57:H57) -> 0 | L57: =SUM(J57:K57) -> 0 | O57: =SUM(M57:N57) -> 0 | R57: =SUM(P57:Q57) -> 0 | U57: =SUM(S57:T57) -> 0
B58: b. | C58: Hb | F58: =SUM(D58:E58) -> 0 | I58: =SUM(G58:H58) -> 0 | L58: =SUM(J58:K58) -> 0 | O58: =SUM(M58:N58) -> 0 | R58: =SUM(P58:Q58) -> 0 | U58: =SUM(S58:T58) -> 0
B59: c. | C59: Leukosit | F59: =SUM(D59:E59) -> 0 | I59: =SUM(G59:H59) -> 0 | L59: =SUM(J59:K59) -> 0 | O59: =SUM(M59:N59) -> 0 | R59: =SUM(P59:Q59) -> 0 | U59: =SUM(S59:T59) -> 0
B60: d. | C60: Eritrosit | F60: =SUM(D60:E60) -> 0 | I60: =SUM(G60:H60) -> 0 | L60: =SUM(J60:K60) -> 0 | O60: =SUM(M60:N60) -> 0 | R60: =SUM(P60:Q60) -> 0 | U60: =SUM(S60:T60) -> 0
B61: e. | C61: HCT | F61: =SUM(D61:E61) -> 0 | I61: =SUM(G61:H61) -> 0 | L61: =SUM(J61:K61) -> 0 | O61: =SUM(M61:N61) -> 0 | R61: =SUM(P61:Q61) -> 0 | U61: =SUM(S61:T61) -> 0
B62: f. | C62: Glukosa Post pandiel ( 2 jam PP ) | F62: =SUM(D62:E62) -> 0 | I62: =SUM(G62:H62) -> 0 | L62: =SUM(J62:K62) -> 0 | O62: =SUM(M62:N62) -> 0 | R62: =SUM(P62:Q62) -> 0 | U62: =SUM(S62:T62) -> 0
B63: g. | C63: Gulukosa Urine | F63: =SUM(D63:E63) -> 0 | I63: =SUM(G63:H63) -> 0 | L63: =SUM(J63:K63) -> 0 | O63: =SUM(M63:N63) -> 0 | R63: =SUM(P63:Q63) -> 0 | U63: =SUM(S63:T63) -> 0
B64: h. | C64: Asam Urat | F64: =SUM(D64:E64) -> 0 | I64: =SUM(G64:H64) -> 0 | L64: =SUM(J64:K64) -> 0 | O64: =SUM(M64:N64) -> 0 | R64: =SUM(P64:Q64) -> 0 | U64: =SUM(S64:T64) -> 0
B65: i. | C65: Gula darah sewaktu | F65: =SUM(D65:E65) -> 0 | I65: =SUM(G65:H65) -> 0 | L65: =SUM(J65:K65) -> 0 | O65: =SUM(M65:N65) -> 0 | R65: =SUM(P65:Q65) -> 0 | U65: =SUM(S65:T65) -> 0
B66: j. | C66: Gula darah puasa | F66: =SUM(D66:E66) -> 0 | I66: =SUM(G66:H66) -> 0 | L66: =SUM(J66:K66) -> 0 | O66: =SUM(M66:N66) -> 0 | R66: =SUM(P66:Q66) -> 0 | U66: =SUM(S66:T66) -> 0
B67: k. | C67: Urin Acid | F67: =SUM(D67:E67) -> 0 | I67: =SUM(G67:H67) -> 0 | L67: =SUM(J67:K67) -> 0 | O67: =SUM(M67:N67) -> 0 | R67: =SUM(P67:Q67) -> 0 | U67: =SUM(S67:T67) -> 0
B68: l. | C68: Cholestrol | F68: =SUM(D68:E68) -> 0 | I68: =SUM(G68:H68) -> 0 | L68: =SUM(J68:K68) -> 0 | O68: =SUM(M68:N68) -> 0 | R68: =SUM(P68:Q68) -> 0 | U68: =SUM(S68:T68) -> 0
... B79: w. | C79: Urine Sedimen | F79: =SUM(D79:E79) -> 0 | I79: =SUM(G79:H79) -> 0 | L79: =SUM(J79:K79) -> 0 | O79: =SUM(M79:N79) -> 0 | R79: =SUM(P79:Q79) -> 0 | U79: =SUM(S79:T79) -> 0

Sheet REKAP
A2: LAPORAN LABORATORIUM
A3: DI PUSKESMAS KABUPATEN ROTE NDAO
A4: DESEMBER 2026
A6: No. | B6: ELEMEN DATA | D6: BAA | G6: BATUTUA | J6: BUSALANGGA | M6: DELHA | P6: EAHUN | S6: FEAPOPI
D7: L | E7: P | F7: TOTAL | G7: L | H7: P | I7: TOTAL | J7: L | K7: P | L7: TOTAL | M7: L | N7: P | O7: TOTAL | P7: L | Q7: P | R7: TOTAL | S7: L | T7: P | U7: TOTAL
A8: 1 | B8: Total Kunjungan Laboratorium | D8: =SUM(JANUARI!D8+FEBRUARI!D8+MARET!D8+APRIL!D8+MEI!D8+JUNI!D8+JULI!D8+AGUSTUS!D8+SEPTEMBER!D8+OKTOBER!D8+NOVEMBER!D8+DESEMBER!D8) -> 1536 | E8: =SUM(JANUARI!E8+FEBRUARI!E8+MARET!E8+APRIL!E8+MEI!E8+JUNI!E8+JULI!E8+AGUSTUS!E8+SEPTEMBER!E8+OKTOBER!E8+NOVEMBER!E8+DESEMBER!E8) -> 4780 | F8: =SUM(JANUARI!F8+FEBRUARI!F8+MARET!F8+APRIL!F8+MEI!F8+JUNI!F8+JULI!F8+AGUSTUS!F8+SEPTEMBER!F8+OKTOBER!F8+NOVEMBER!F8+DESEMBER!F8) -> 6316 | G8: =SUM(JANUARI!G8+FEBRUARI!G8+MARET!G8+APRIL!G8+MEI!G8+JUNI!G8+JULI!G8+AGUSTUS!G8+SEPTEMBER!G8+OKTOBER!G8+NOVEMBER!G8+DESEMBER!G8) -> 1259 | H8: =SUM(JANUARI!H8+FEBRUARI!H8+MARET!H8+APRIL!H8+MEI!H8+JUNI!H8+JULI!H8+AGUSTUS!H8+SEPTEMBER!H8+OKTOBER!H8+NOVEMBER!H8+DESEMBER!H8) -> 3593 | I8: =SUM(JANUARI!I8+FEBRUARI!I8+MARET!I8+APRIL!I8+MEI!I8+JUNI!I8+JULI!I8+AGUSTUS!I8+SEPTEMBER!I8+OKTOBER!I8+NOVEMBER!I8+DESEMBER!I8) -> 4852 | J8: =SUM(JANUARI!J8+FEBRUARI!J8+MARET!J8+APRIL!J8+MEI!J8+JUNI!J8+JULI!J8+AGUSTUS!J8+SEPTEMBER!J8+OKTOBER!J8+NOVEMBER!J8+DESEMBER!J8) -> 1013 | K8: =SUM(JANUARI!K8+FEBRUARI!K8+MARET!K8+APRIL!K8+MEI!K8+JUNI!K8+JULI!K8+AGUSTUS!K8+SEPTEMBER!K8+OKTOBER!K8+NOVEMBER!K8+DESEMBER!K8) -> 3588 | ... U8: =SUM(JANUARI!U8+FEBRUARI!U8+MARET!U8+APRIL!U8+MEI!U8+JUNI!U8+JULI!U8+AGUSTUS!U8+SEPTEMBER!U8+OKTOBER!U8+NOVEMBER!U8+DESEMBER!U8) -> 1584
A9: 2 | B9: Peminta Tes Laboratorium | D9: =SUM(JANUARI!D9+FEBRUARI!D9+MARET!D9+APRIL!D9+MEI!D9+JUNI!D9+JULI!D9+AGUSTUS!D9+SEPTEMBER!D9+OKTOBER!D9+NOVEMBER!D9+DESEMBER!D9) -> 243 | E9: =SUM(JANUARI!E9+FEBRUARI!E9+MARET!E9+APRIL!E9+MEI!E9+JUNI!E9+JULI!E9+AGUSTUS!E9+SEPTEMBER!E9+OKTOBER!E9+NOVEMBER!E9+DESEMBER!E9) -> 887 | F9: =SUM(JANUARI!F9+FEBRUARI!F9+MARET!F9+APRIL!F9+MEI!F9+JUNI!F9+JULI!F9+AGUSTUS!F9+SEPTEMBER!F9+OKTOBER!F9+NOVEMBER!F9+DESEMBER!F9) -> 1130 | G9: =SUM(JANUARI!G9+FEBRUARI!G9+MARET!G9+APRIL!G9+MEI!G9+JUNI!G9+JULI!G9+AGUSTUS!G9+SEPTEMBER!G9+OKTOBER!G9+NOVEMBER!G9+DESEMBER!G9) -> 449 | H9: =SUM(JANUARI!H9+FEBRUARI!H9+MARET!H9+APRIL!H9+MEI!H9+JUNI!H9+JULI!H9+AGUSTUS!H9+SEPTEMBER!H9+OKTOBER!H9+NOVEMBER!H9+DESEMBER!H9) -> 923 | I9: =SUM(JANUARI!I9+FEBRUARI!I9+MARET!I9+APRIL!I9+MEI!I9+JUNI!I9+JULI!I9+AGUSTUS!I9+SEPTEMBER!I9+OKTOBER!I9+NOVEMBER!I9+DESEMBER!I9) -> 1372 | J9: =SUM(JANUARI!J9+FEBRUARI!J9+MARET!J9+APRIL!J9+MEI!J9+JUNI!J9+JULI!J9+AGUSTUS!J9+SEPTEMBER!J9+OKTOBER!J9+NOVEMBER!J9+DESEMBER!J9) -> 482 | K9: =SUM(JANUARI!K9+FEBRUARI!K9+MARET!K9+APRIL!K9+MEI!K9+JUNI!K9+JULI!K9+AGUSTUS!K9+SEPTEMBER!K9+OKTOBER!K9+NOVEMBER!K9+DESEMBER!K9) -> 1610 | ... U9: =SUM(JANUARI!U9+FEBRUARI!U9+MARET!U9+APRIL!U9+MEI!U9+JUNI!U9+JULI!U9+AGUSTUS!U9+SEPTEMBER!U9+OKTOBER!U9+NOVEMBER!U9+DESEMBER!U9) -> 633
B10: a. | C10: Poli umum | D10: =SUM(JANUARI!D10+FEBRUARI!D10+MARET!D10+APRIL!D10+MEI!D10+JUNI!D10+JULI!D10+AGUSTUS!D10+SEPTEMBER!D10+OKTOBER!D10+NOVEMBER!D10+DESEMBER!D10) -> 176 | E10: =SUM(JANUARI!E10+FEBRUARI!E10+MARET!E10+APRIL!E10+MEI!E10+JUNI!E10+JULI!E10+AGUSTUS!E10+SEPTEMBER!E10+OKTOBER!E10+NOVEMBER!E10+DESEMBER!E10) -> 438 | F10: =SUM(JANUARI!F10+FEBRUARI!F10+MARET!F10+APRIL!F10+MEI!F10+JUNI!F10+JULI!F10+AGUSTUS!F10+SEPTEMBER!F10+OKTOBER!F10+NOVEMBER!F10+DESEMBER!F10) -> 614 | G10: =SUM(JANUARI!G10+FEBRUARI!G10+MARET!G10+APRIL!G10+MEI!G10+JUNI!G10+JULI!G10+AGUSTUS!G10+SEPTEMBER!G10+OKTOBER!G10+NOVEMBER!G10+DESEMBER!G10) -> 386 | H10: =SUM(JANUARI!H10+FEBRUARI!H10+MARET!H10+APRIL!H10+MEI!H10+JUNI!H10+JULI!H10+AGUSTUS!H10+SEPTEMBER!H10+OKTOBER!H10+NOVEMBER!H10+DESEMBER!H10) -> 573 | I10: =SUM(JANUARI!I10+FEBRUARI!I10+MARET!I10+APRIL!I10+MEI!I10+JUNI!I10+JULI!I10+AGUSTUS!I10+SEPTEMBER!I10+OKTOBER!I10+NOVEMBER!I10+DESEMBER!I10) -> 959 | J10: =SUM(JANUARI!J10+FEBRUARI!J10+MARET!J10+APRIL!J10+MEI!J10+JUNI!J10+JULI!J10+AGUSTUS!J10+SEPTEMBER!J10+OKTOBER!J10+NOVEMBER!J10+DESEMBER!J10) -> 478 | K10: =SUM(JANUARI!K10+FEBRUARI!K10+MARET!K10+APRIL!K10+MEI!K10+JUNI!K10+JULI!K10+AGUSTUS!K10+SEPTEMBER!K10+OKTOBER!K10+NOVEMBER!K10+DESEMBER!K10) -> 952 | ... U10: =SUM(JANUARI!U10+FEBRUARI!U10+MARET!U10+APRIL!U10+MEI!U10+JUNI!U10+JULI!U10+AGUSTUS!U10+SEPTEMBER!U10+OKTOBER!U10+NOVEMBER!U10+DESEMBER!U10) -> 469
B11: b. | C11: KIA / KB | D11: =SUM(JANUARI!D11+FEBRUARI!D11+MARET!D11+APRIL!D11+MEI!D11+JUNI!D11+JULI!D11+AGUSTUS!D11+SEPTEMBER!D11+OKTOBER!D11+NOVEMBER!D11+DESEMBER!D11) -> 16 | E11: =SUM(JANUARI!E11+FEBRUARI!E11+MARET!E11+APRIL!E11+MEI!E11+JUNI!E11+JULI!E11+AGUSTUS!E11+SEPTEMBER!E11+OKTOBER!E11+NOVEMBER!E11+DESEMBER!E11) -> 296 | F11: =SUM(JANUARI!F11+FEBRUARI!F11+MARET!F11+APRIL!F11+MEI!F11+JUNI!F11+JULI!F11+AGUSTUS!F11+SEPTEMBER!F11+OKTOBER!F11+NOVEMBER!F11+DESEMBER!F11) -> 312 | G11: =SUM(JANUARI!G11+FEBRUARI!G11+MARET!G11+APRIL!G11+MEI!G11+JUNI!G11+JULI!G11+AGUSTUS!G11+SEPTEMBER!G11+OKTOBER!G11+NOVEMBER!G11+DESEMBER!G11) -> 0 | H11: =SUM(JANUARI!H11+FEBRUARI!H11+MARET!H11+APRIL!H11+MEI!H11+JUNI!H11+JULI!H11+AGUSTUS!H11+SEPTEMBER!H11+OKTOBER!H11+NOVEMBER!H11+DESEMBER!H11) -> 262 | I11: =SUM(JANUARI!I11+FEBRUARI!I11+MARET!I11+APRIL!I11+MEI!I11+JUNI!I11+JULI!I11+AGUSTUS!I11+SEPTEMBER!I11+OKTOBER!I11+NOVEMBER!I11+DESEMBER!I11) -> 262 | J11: =SUM(JANUARI!J11+FEBRUARI!J11+MARET!J11+APRIL!J11+MEI!J11+JUNI!J11+JULI!J11+AGUSTUS!J11+SEPTEMBER!J11+OKTOBER!J11+NOVEMBER!J11+DESEMBER!J11) -> 0 | K11: =SUM(JANUARI!K11+FEBRUARI!K11+MARET!K11+APRIL!K11+MEI!K11+JUNI!K11+JULI!K11+AGUSTUS!K11+SEPTEMBER!K11+OKTOBER!K11+NOVEMBER!K11+DESEMBER!K11) -> 635 | ... U11: =SUM(JANUARI!U11+FEBRUARI!U11+MARET!U11+APRIL!U11+MEI!U11+JUNI!U11+JULI!U11+AGUSTUS!U11+SEPTEMBER!U11+OKTOBER!U11+NOVEMBER!U11+DESEMBER!U11) -> 162
B12: c. | C12: Rawat inap | D12: =SUM(JANUARI!D12+FEBRUARI!D12+MARET!D12+APRIL!D12+MEI!D12+JUNI!D12+JULI!D12+AGUSTUS!D12+SEPTEMBER!D12+OKTOBER!D12+NOVEMBER!D12+DESEMBER!D12) -> 0 | E12: =SUM(JANUARI!E12+FEBRUARI!E12+MARET!E12+APRIL!E12+MEI!E12+JUNI!E12+JULI!E12+AGUSTUS!E12+SEPTEMBER!E12+OKTOBER!E12+NOVEMBER!E12+DESEMBER!E12) -> 0 | F12: =SUM(JANUARI!F12+FEBRUARI!F12+MARET!F12+APRIL!F12+MEI!F12+JUNI!F12+JULI!F12+AGUSTUS!F12+SEPTEMBER!F12+OKTOBER!F12+NOVEMBER!F12+DESEMBER!F12) -> 0 | G12: =SUM(JANUARI!G12+FEBRUARI!G12+MARET!G12+APRIL!G12+MEI!G12+JUNI!G12+JULI!G12+AGUSTUS!G12+SEPTEMBER!G12+OKTOBER!G12+NOVEMBER!G12+DESEMBER!G12) -> 0 | H12: =SUM(JANUARI!H12+FEBRUARI!H12+MARET!H12+APRIL!H12+MEI!H12+JUNI!H12+JULI!H12+AGUSTUS!H12+SEPTEMBER!H12+OKTOBER!H12+NOVEMBER!H12+DESEMBER!H12) -> 0 | I12: =SUM(JANUARI!I12+FEBRUARI!I12+MARET!I12+APRIL!I12+MEI!I12+JUNI!I12+JULI!I12+AGUSTUS!I12+SEPTEMBER!I12+OKTOBER!I12+NOVEMBER!I12+DESEMBER!I12) -> 0 | J12: =SUM(JANUARI!J12+FEBRUARI!J12+MARET!J12+APRIL!J12+MEI!J12+JUNI!J12+JULI!J12+AGUSTUS!J12+SEPTEMBER!J12+OKTOBER!J12+NOVEMBER!J12+DESEMBER!J12) -> 0 | K12: =SUM(JANUARI!K12+FEBRUARI!K12+MARET!K12+APRIL!K12+MEI!K12+JUNI!K12+JULI!K12+AGUSTUS!K12+SEPTEMBER!K12+OKTOBER!K12+NOVEMBER!K12+DESEMBER!K12) -> 0 | ... U12: =SUM(JANUARI!U12+FEBRUARI!U12+MARET!U12+APRIL!U12+MEI!U12+JUNI!U12+JULI!U12+AGUSTUS!U12+SEPTEMBER!U12+OKTOBER!U12+NOVEMBER!U12+DESEMBER!U12) -> 0
B13: d. | C13: Unit gawat darurat | D13: =SUM(JANUARI!D13+FEBRUARI!D13+MARET!D13+APRIL!D13+MEI!D13+JUNI!D13+JULI!D13+AGUSTUS!D13+SEPTEMBER!D13+OKTOBER!D13+NOVEMBER!D13+DESEMBER!D13) -> 0 | E13: =SUM(JANUARI!E13+FEBRUARI!E13+MARET!E13+APRIL!E13+MEI!E13+JUNI!E13+JULI!E13+AGUSTUS!E13+SEPTEMBER!E13+OKTOBER!E13+NOVEMBER!E13+DESEMBER!E13) -> 0 | F13: =SUM(JANUARI!F13+FEBRUARI!F13+MARET!F13+APRIL!F13+MEI!F13+JUNI!F13+JULI!F13+AGUSTUS!F13+SEPTEMBER!F13+OKTOBER!F13+NOVEMBER!F13+DESEMBER!F13) -> 0 | G13: =SUM(JANUARI!G13+FEBRUARI!G13+MARET!G13+APRIL!G13+MEI!G13+JUNI!G13+JULI!G13+AGUSTUS!G13+SEPTEMBER!G13+OKTOBER!G13+NOVEMBER!G13+DESEMBER!G13) -> 10 | H13: =SUM(JANUARI!H13+FEBRUARI!H13+MARET!H13+APRIL!H13+MEI!H13+JUNI!H13+JULI!H13+AGUSTUS!H13+SEPTEMBER!H13+OKTOBER!H13+NOVEMBER!H13+DESEMBER!H13) -> 15 | I13: =SUM(JANUARI!I13+FEBRUARI!I13+MARET!I13+APRIL!I13+MEI!I13+JUNI!I13+JULI!I13+AGUSTUS!I13+SEPTEMBER!I13+OKTOBER!I13+NOVEMBER!I13+DESEMBER!I13) -> 25 | J13: =SUM(JANUARI!J13+FEBRUARI!J13+MARET!J13+APRIL!J13+MEI!J13+JUNI!J13+JULI!J13+AGUSTUS!J13+SEPTEMBER!J13+OKTOBER!J13+NOVEMBER!J13+DESEMBER!J13) -> 0 | K13: =SUM(JANUARI!K13+FEBRUARI!K13+MARET!K13+APRIL!K13+MEI!K13+JUNI!K13+JULI!K13+AGUSTUS!K13+SEPTEMBER!K13+OKTOBER!K13+NOVEMBER!K13+DESEMBER!K13) -> 0 | ... U13: =SUM(JANUARI!U13+FEBRUARI!U13+MARET!U13+APRIL!U13+MEI!U13+JUNI!U13+JULI!U13+AGUSTUS!U13+SEPTEMBER!U13+OKTOBER!U13+NOVEMBER!U13+DESEMBER!U13) -> 0
B14: e. | C14: MTBS | D14: =SUM(JANUARI!D14+FEBRUARI!D14+MARET!D14+APRIL!D14+MEI!D14+JUNI!D14+JULI!D14+AGUSTUS!D14+SEPTEMBER!D14+OKTOBER!D14+NOVEMBER!D14+DESEMBER!D14) -> 0 | E14: =SUM(JANUARI!E14+FEBRUARI!E14+MARET!E14+APRIL!E14+MEI!E14+JUNI!E14+JULI!E14+AGUSTUS!E14+SEPTEMBER!E14+OKTOBER!E14+NOVEMBER!E14+DESEMBER!E14) -> 0 | F14: =SUM(JANUARI!F14+FEBRUARI!F14+MARET!F14+APRIL!F14+MEI!F14+JUNI!F14+JULI!F14+AGUSTUS!F14+SEPTEMBER!F14+OKTOBER!F14+NOVEMBER!F14+DESEMBER!F14) -> 0 | G14: =SUM(JANUARI!G14+FEBRUARI!G14+MARET!G14+APRIL!G14+MEI!G14+JUNI!G14+JULI!G14+AGUSTUS!G14+SEPTEMBER!G14+OKTOBER!G14+NOVEMBER!G14+DESEMBER!G14) -> 12 | H14: =SUM(JANUARI!H14+FEBRUARI!H14+MARET!H14+APRIL!H14+MEI!H14+JUNI!H14+JULI!H14+AGUSTUS!H14+SEPTEMBER!H14+OKTOBER!H14+NOVEMBER!H14+DESEMBER!H14) -> 15 | I14: =SUM(JANUARI!I14+FEBRUARI!I14+MARET!I14+APRIL!I14+MEI!I14+JUNI!I14+JULI!I14+AGUSTUS!I14+SEPTEMBER!I14+OKTOBER!I14+NOVEMBER!I14+DESEMBER!I14) -> 27 | J14: =SUM(JANUARI!J14+FEBRUARI!J14+MARET!J14+APRIL!J14+MEI!J14+JUNI!J14+JULI!J14+AGUSTUS!J14+SEPTEMBER!J14+OKTOBER!J14+NOVEMBER!J14+DESEMBER!J14) -> 2 | K14: =SUM(JANUARI!K14+FEBRUARI!K14+MARET!K14+APRIL!K14+MEI!K14+JUNI!K14+JULI!K14+AGUSTUS!K14+SEPTEMBER!K14+OKTOBER!K14+NOVEMBER!K14+DESEMBER!K14) -> 4 | ... U14: =SUM(JANUARI!U14+FEBRUARI!U14+MARET!U14+APRIL!U14+MEI!U14+JUNI!U14+JULI!U14+AGUSTUS!U14+SEPTEMBER!U14+OKTOBER!U14+NOVEMBER!U14+DESEMBER!U14) -> 2
B15: f. | C15: Poli Gigi | D15: =SUM(JANUARI!D15+FEBRUARI!D15+MARET!D15+APRIL!D15+MEI!D15+JUNI!D15+JULI!D15+AGUSTUS!D15+SEPTEMBER!D15+OKTOBER!D15+NOVEMBER!D15+DESEMBER!D15) -> 11 | E15: =SUM(JANUARI!E15+FEBRUARI!E15+MARET!E15+APRIL!E15+MEI!E15+JUNI!E15+JULI!E15+AGUSTUS!E15+SEPTEMBER!E15+OKTOBER!E15+NOVEMBER!E15+DESEMBER!E15) -> 8 | F15: =SUM(JANUARI!F15+FEBRUARI!F15+MARET!F15+APRIL!F15+MEI!F15+JUNI!F15+JULI!F15+AGUSTUS!F15+SEPTEMBER!F15+OKTOBER!F15+NOVEMBER!F15+DESEMBER!F15) -> 19 | G15: =SUM(JANUARI!G15+FEBRUARI!G15+MARET!G15+APRIL!G15+MEI!G15+JUNI!G15+JULI!G15+AGUSTUS!G15+SEPTEMBER!G15+OKTOBER!G15+NOVEMBER!G15+DESEMBER!G15) -> 39 | H15: =SUM(JANUARI!H15+FEBRUARI!H15+MARET!H15+APRIL!H15+MEI!H15+JUNI!H15+JULI!H15+AGUSTUS!H15+SEPTEMBER!H15+OKTOBER!H15+NOVEMBER!H15+DESEMBER!H15) -> 29 | I15: =SUM(JANUARI!I15+FEBRUARI!I15+MARET!I15+APRIL!I15+MEI!I15+JUNI!I15+JULI!I15+AGUSTUS!I15+SEPTEMBER!I15+OKTOBER!I15+NOVEMBER!I15+DESEMBER!I15) -> 68 | J15: =SUM(JANUARI!J15+FEBRUARI!J15+MARET!J15+APRIL!J15+MEI!J15+JUNI!J15+JULI!J15+AGUSTUS!J15+SEPTEMBER!J15+OKTOBER!J15+NOVEMBER!J15+DESEMBER!J15) -> 2 | K15: =SUM(JANUARI!K15+FEBRUARI!K15+MARET!K15+APRIL!K15+MEI!K15+JUNI!K15+JULI!K15+AGUSTUS!K15+SEPTEMBER!K15+OKTOBER!K15+NOVEMBER!K15+DESEMBER!K15) -> 11 | ... U15: =SUM(JANUARI!U15+FEBRUARI!U15+MARET!U15+APRIL!U15+MEI!U15+JUNI!U15+JULI!U15+AGUSTUS!U15+SEPTEMBER!U15+OKTOBER!U15+NOVEMBER!U15+DESEMBER!U15) -> 0
B16: g. | C16: PONED | D16: =SUM(JANUARI!D16+FEBRUARI!D16+MARET!D16+APRIL!D16+MEI!D16+JUNI!D16+JULI!D16+AGUSTUS!D16+SEPTEMBER!D16+OKTOBER!D16+NOVEMBER!D16+DESEMBER!D16) -> 0 | E16: =SUM(JANUARI!E16+FEBRUARI!E16+MARET!E16+APRIL!E16+MEI!E16+JUNI!E16+JULI!E16+AGUSTUS!E16+SEPTEMBER!E16+OKTOBER!E16+NOVEMBER!E16+DESEMBER!E16) -> 0 | F16: =SUM(JANUARI!F16+FEBRUARI!F16+MARET!F16+APRIL!F16+MEI!F16+JUNI!F16+JULI!F16+AGUSTUS!F16+SEPTEMBER!F16+OKTOBER!F16+NOVEMBER!F16+DESEMBER!F16) -> 0 | G16: =SUM(JANUARI!G16+FEBRUARI!G16+MARET!G16+APRIL!G16+MEI!G16+JUNI!G16+JULI!G16+AGUSTUS!G16+SEPTEMBER!G16+OKTOBER!G16+NOVEMBER!G16+DESEMBER!G16) -> 2 | H16: =SUM(JANUARI!H16+FEBRUARI!H16+MARET!H16+APRIL!H16+MEI!H16+JUNI!H16+JULI!H16+AGUSTUS!H16+SEPTEMBER!H16+OKTOBER!H16+NOVEMBER!H16+DESEMBER!H16) -> 29 | I16: =SUM(JANUARI!I16+FEBRUARI!I16+MARET!I16+APRIL!I16+MEI!I16+JUNI!I16+JULI!I16+AGUSTUS!I16+SEPTEMBER!I16+OKTOBER!I16+NOVEMBER!I16+DESEMBER!I16) -> 31 | J16: =SUM(JANUARI!J16+FEBRUARI!J16+MARET!J16+APRIL!J16+MEI!J16+JUNI!J16+JULI!J16+AGUSTUS!J16+SEPTEMBER!J16+OKTOBER!J16+NOVEMBER!J16+DESEMBER!J16) -> 0 | K16: =SUM(JANUARI!K16+FEBRUARI!K16+MARET!K16+APRIL!K16+MEI!K16+JUNI!K16+JULI!K16+AGUSTUS!K16+SEPTEMBER!K16+OKTOBER!K16+NOVEMBER!K16+DESEMBER!K16) -> 8 | ... U16: =SUM(JANUARI!U16+FEBRUARI!U16+MARET!U16+APRIL!U16+MEI!U16+JUNI!U16+JULI!U16+AGUSTUS!U16+SEPTEMBER!U16+OKTOBER!U16+NOVEMBER!U16+DESEMBER!U16) -> 0
B17: h. | C17: Pustu | D17: =SUM(JANUARI!D17+FEBRUARI!D17+MARET!D17+APRIL!D17+MEI!D17+JUNI!D17+JULI!D17+AGUSTUS!D17+SEPTEMBER!D17+OKTOBER!D17+NOVEMBER!D17+DESEMBER!D17) -> 40 | E17: =SUM(JANUARI!E17+FEBRUARI!E17+MARET!E17+APRIL!E17+MEI!E17+JUNI!E17+JULI!E17+AGUSTUS!E17+SEPTEMBER!E17+OKTOBER!E17+NOVEMBER!E17+DESEMBER!E17) -> 145 | F17: =SUM(JANUARI!F17+FEBRUARI!F17+MARET!F17+APRIL!F17+MEI!F17+JUNI!F17+JULI!F17+AGUSTUS!F17+SEPTEMBER!F17+OKTOBER!F17+NOVEMBER!F17+DESEMBER!F17) -> 185 | G17: =SUM(JANUARI!G17+FEBRUARI!G17+MARET!G17+APRIL!G17+MEI!G17+JUNI!G17+JULI!G17+AGUSTUS!G17+SEPTEMBER!G17+OKTOBER!G17+NOVEMBER!G17+DESEMBER!G17) -> 0 | H17: =SUM(JANUARI!H17+FEBRUARI!H17+MARET!H17+APRIL!H17+MEI!H17+JUNI!H17+JULI!H17+AGUSTUS!H17+SEPTEMBER!H17+OKTOBER!H17+NOVEMBER!H17+DESEMBER!H17) -> 0 | I17: =SUM(JANUARI!I17+FEBRUARI!I17+MARET!I17+APRIL!I17+MEI!I17+JUNI!I17+JULI!I17+AGUSTUS!I17+SEPTEMBER!I17+OKTOBER!I17+NOVEMBER!I17+DESEMBER!I17) -> 0 | J17: =SUM(JANUARI!J17+FEBRUARI!J17+MARET!J17+APRIL!J17+MEI!J17+JUNI!J17+JULI!J17+AGUSTUS!J17+SEPTEMBER!J17+OKTOBER!J17+NOVEMBER!J17+DESEMBER!J17) -> 0 | K17: =SUM(JANUARI!K17+FEBRUARI!K17+MARET!K17+APRIL!K17+MEI!K17+JUNI!K17+JULI!K17+AGUSTUS!K17+SEPTEMBER!K17+OKTOBER!K17+NOVEMBER!K17+DESEMBER!K17) -> 0 | ... U17: =SUM(JANUARI!U17+FEBRUARI!U17+MARET!U17+APRIL!U17+MEI!U17+JUNI!U17+JULI!U17+AGUSTUS!U17+SEPTEMBER!U17+OKTOBER!U17+NOVEMBER!U17+DESEMBER!U17) -> 0
A18: 3 | B18: Jumlah Pemeriksaan Laboratorium | D18: =SUM(JANUARI!D18+FEBRUARI!D18+MARET!D18+APRIL!D18+MEI!D18+JUNI!D18+JULI!D18+AGUSTUS!D18+SEPTEMBER!D18+OKTOBER!D18+NOVEMBER!D18+DESEMBER!D18) -> 1293 | E18: =SUM(JANUARI!E18+FEBRUARI!E18+MARET!E18+APRIL!E18+MEI!E18+JUNI!E18+JULI!E18+AGUSTUS!E18+SEPTEMBER!E18+OKTOBER!E18+NOVEMBER!E18+DESEMBER!E18) -> 3893 | F18: =SUM(JANUARI!F18+FEBRUARI!F18+MARET!F18+APRIL!F18+MEI!F18+JUNI!F18+JULI!F18+AGUSTUS!F18+SEPTEMBER!F18+OKTOBER!F18+NOVEMBER!F18+DESEMBER!F18) -> 5186 | G18: =SUM(JANUARI!G18+FEBRUARI!G18+MARET!G18+APRIL!G18+MEI!G18+JUNI!G18+JULI!G18+AGUSTUS!G18+SEPTEMBER!G18+OKTOBER!G18+NOVEMBER!G18+DESEMBER!G18) -> 810 | H18: =SUM(JANUARI!H18+FEBRUARI!H18+MARET!H18+APRIL!H18+MEI!H18+JUNI!H18+JULI!H18+AGUSTUS!H18+SEPTEMBER!H18+OKTOBER!H18+NOVEMBER!H18+DESEMBER!H18) -> 2670 | I18: =SUM(JANUARI!I18+FEBRUARI!I18+MARET!I18+APRIL!I18+MEI!I18+JUNI!I18+JULI!I18+AGUSTUS!I18+SEPTEMBER!I18+OKTOBER!I18+NOVEMBER!I18+DESEMBER!I18) -> 3480 | J18: =SUM(JANUARI!J18+FEBRUARI!J18+MARET!J18+APRIL!J18+MEI!J18+JUNI!J18+JULI!J18+AGUSTUS!J18+SEPTEMBER!J18+OKTOBER!J18+NOVEMBER!J18+DESEMBER!J18) -> 531 | K18: =SUM(JANUARI!K18+FEBRUARI!K18+MARET!K18+APRIL!K18+MEI!K18+JUNI!K18+JULI!K18+AGUSTUS!K18+SEPTEMBER!K18+OKTOBER!K18+NOVEMBER!K18+DESEMBER!K18) -> 1978 | ... U18: =SUM(JANUARI!U18+FEBRUARI!U18+MARET!U18+APRIL!U18+MEI!U18+JUNI!U18+JULI!U18+AGUSTUS!U18+SEPTEMBER!U18+OKTOBER!U18+NOVEMBER!U18+DESEMBER!U18) -> 951
B19: a. | C19: Golongan darah | D19: =SUM(JANUARI!D19+FEBRUARI!D19+MARET!D19+APRIL!D19+MEI!D19+JUNI!D19+JULI!D19+AGUSTUS!D19+SEPTEMBER!D19+OKTOBER!D19+NOVEMBER!D19+DESEMBER!D19) -> 17 | E19: =SUM(JANUARI!E19+FEBRUARI!E19+MARET!E19+APRIL!E19+MEI!E19+JUNI!E19+JULI!E19+AGUSTUS!E19+SEPTEMBER!E19+OKTOBER!E19+NOVEMBER!E19+DESEMBER!E19) -> 85 | F19: =SUM(JANUARI!F19+FEBRUARI!F19+MARET!F19+APRIL!F19+MEI!F19+JUNI!F19+JULI!F19+AGUSTUS!F19+SEPTEMBER!F19+OKTOBER!F19+NOVEMBER!F19+DESEMBER!F19) -> 102 | G19: =SUM(JANUARI!G19+FEBRUARI!G19+MARET!G19+APRIL!G19+MEI!G19+JUNI!G19+JULI!G19+AGUSTUS!G19+SEPTEMBER!G19+OKTOBER!G19+NOVEMBER!G19+DESEMBER!G19) -> 22 | H19: =SUM(JANUARI!H19+FEBRUARI!H19+MARET!H19+APRIL!H19+MEI!H19+JUNI!H19+JULI!H19+AGUSTUS!H19+SEPTEMBER!H19+OKTOBER!H19+NOVEMBER!H19+DESEMBER!H19) -> 150 | I19: =SUM(JANUARI!I19+FEBRUARI!I19+MARET!I19+APRIL!I19+MEI!I19+JUNI!I19+JULI!I19+AGUSTUS!I19+SEPTEMBER!I19+OKTOBER!I19+NOVEMBER!I19+DESEMBER!I19) -> 172 | J19: =SUM(JANUARI!J19+FEBRUARI!J19+MARET!J19+APRIL!J19+MEI!J19+JUNI!J19+JULI!J19+AGUSTUS!J19+SEPTEMBER!J19+OKTOBER!J19+NOVEMBER!J19+DESEMBER!J19) -> 16 | K19: =SUM(JANUARI!K19+FEBRUARI!K19+MARET!K19+APRIL!K19+MEI!K19+JUNI!K19+JULI!K19+AGUSTUS!K19+SEPTEMBER!K19+OKTOBER!K19+NOVEMBER!K19+DESEMBER!K19) -> 74 | ... U19: =SUM(JANUARI!U19+FEBRUARI!U19+MARET!U19+APRIL!U19+MEI!U19+JUNI!U19+JULI!U19+AGUSTUS!U19+SEPTEMBER!U19+OKTOBER!U19+NOVEMBER!U19+DESEMBER!U19) -> 39
B20: b. | C20: Hb | D20: =SUM(JANUARI!D20+FEBRUARI!D20+MARET!D20+APRIL!D20+MEI!D20+JUNI!D20+JULI!D20+AGUSTUS!D20+SEPTEMBER!D20+OKTOBER!D20+NOVEMBER!D20+DESEMBER!D20) -> 16 | E20: =SUM(JANUARI!E20+FEBRUARI!E20+MARET!E20+APRIL!E20+MEI!E20+JUNI!E20+JULI!E20+AGUSTUS!E20+SEPTEMBER!E20+OKTOBER!E20+NOVEMBER!E20+DESEMBER!E20) -> 315 | F20: =SUM(JANUARI!F20+FEBRUARI!F20+MARET!F20+APRIL!F20+MEI!F20+JUNI!F20+JULI!F20+AGUSTUS!F20+SEPTEMBER!F20+OKTOBER!F20+NOVEMBER!F20+DESEMBER!F20) -> 331 | G20: =SUM(JANUARI!G20+FEBRUARI!G20+MARET!G20+APRIL!G20+MEI!G20+JUNI!G20+JULI!G20+AGUSTUS!G20+SEPTEMBER!G20+OKTOBER!G20+NOVEMBER!G20+DESEMBER!G20) -> 3 | H20: =SUM(JANUARI!H20+FEBRUARI!H20+MARET!H20+APRIL!H20+MEI!H20+JUNI!H20+JULI!H20+AGUSTUS!H20+SEPTEMBER!H20+OKTOBER!H20+NOVEMBER!H20+DESEMBER!H20) -> 274 | I20: =SUM(JANUARI!I20+FEBRUARI!I20+MARET!I20+APRIL!I20+MEI!I20+JUNI!I20+JULI!I20+AGUSTUS!I20+SEPTEMBER!I20+OKTOBER!I20+NOVEMBER!I20+DESEMBER!I20) -> 277 | J20: =SUM(JANUARI!J20+FEBRUARI!J20+MARET!J20+APRIL!J20+MEI!J20+JUNI!J20+JULI!J20+AGUSTUS!J20+SEPTEMBER!J20+OKTOBER!J20+NOVEMBER!J20+DESEMBER!J20) -> 15 | K20: =SUM(JANUARI!K20+FEBRUARI!K20+MARET!K20+APRIL!K20+MEI!K20+JUNI!K20+JULI!K20+AGUSTUS!K20+SEPTEMBER!K20+OKTOBER!K20+NOVEMBER!K20+DESEMBER!K20) -> 194 | ... U20: =SUM(JANUARI!U20+FEBRUARI!U20+MARET!U20+APRIL!U20+MEI!U20+JUNI!U20+JULI!U20+AGUSTUS!U20+SEPTEMBER!U20+OKTOBER!U20+NOVEMBER!U20+DESEMBER!U20) -> 81
B21: c. | C21: Leukosit | D21: =SUM(JANUARI!D21+FEBRUARI!D21+MARET!D21+APRIL!D21+MEI!D21+JUNI!D21+JULI!D21+AGUSTUS!D21+SEPTEMBER!D21+OKTOBER!D21+NOVEMBER!D21+DESEMBER!D21) -> 6 | E21: =SUM(JANUARI!E21+FEBRUARI!E21+MARET!E21+APRIL!E21+MEI!E21+JUNI!E21+JULI!E21+AGUSTUS!E21+SEPTEMBER!E21+OKTOBER!E21+NOVEMBER!E21+DESEMBER!E21) -> 32 | F21: =SUM(JANUARI!F21+FEBRUARI!F21+MARET!F21+APRIL!F21+MEI!F21+JUNI!F21+JULI!F21+AGUSTUS!F21+SEPTEMBER!F21+OKTOBER!F21+NOVEMBER!F21+DESEMBER!F21) -> 38 | G21: =SUM(JANUARI!G21+FEBRUARI!G21+MARET!G21+APRIL!G21+MEI!G21+JUNI!G21+JULI!G21+AGUSTUS!G21+SEPTEMBER!G21+OKTOBER!G21+NOVEMBER!G21+DESEMBER!G21) -> 0 | H21: =SUM(JANUARI!H21+FEBRUARI!H21+MARET!H21+APRIL!H21+MEI!H21+JUNI!H21+JULI!H21+AGUSTUS!H21+SEPTEMBER!H21+OKTOBER!H21+NOVEMBER!H21+DESEMBER!H21) -> 0 | I21: =SUM(JANUARI!I21+FEBRUARI!I21+MARET!I21+APRIL!I21+MEI!I21+JUNI!I21+JULI!I21+AGUSTUS!I21+SEPTEMBER!I21+OKTOBER!I21+NOVEMBER!I21+DESEMBER!I21) -> 0 | J21: =SUM(JANUARI!J21+FEBRUARI!J21+MARET!J21+APRIL!J21+MEI!J21+JUNI!J21+JULI!J21+AGUSTUS!J21+SEPTEMBER!J21+OKTOBER!J21+NOVEMBER!J21+DESEMBER!J21) -> 0 | K21: =SUM(JANUARI!K21+FEBRUARI!K21+MARET!K21+APRIL!K21+MEI!K21+JUNI!K21+JULI!K21+AGUSTUS!K21+SEPTEMBER!K21+OKTOBER!K21+NOVEMBER!K21+DESEMBER!K21) -> 0 | ... U21: =SUM(JANUARI!U21+FEBRUARI!U21+MARET!U21+APRIL!U21+MEI!U21+JUNI!U21+JULI!U21+AGUSTUS!U21+SEPTEMBER!U21+OKTOBER!U21+NOVEMBER!U21+DESEMBER!U21) -> 2
B22: d. | C22: Eritrosit | D22: =SUM(JANUARI!D22+FEBRUARI!D22+MARET!D22+APRIL!D22+MEI!D22+JUNI!D22+JULI!D22+AGUSTUS!D22+SEPTEMBER!D22+OKTOBER!D22+NOVEMBER!D22+DESEMBER!D22) -> 6 | E22: =SUM(JANUARI!E22+FEBRUARI!E22+MARET!E22+APRIL!E22+MEI!E22+JUNI!E22+JULI!E22+AGUSTUS!E22+SEPTEMBER!E22+OKTOBER!E22+NOVEMBER!E22+DESEMBER!E22) -> 32 | F22: =SUM(JANUARI!F22+FEBRUARI!F22+MARET!F22+APRIL!F22+MEI!F22+JUNI!F22+JULI!F22+AGUSTUS!F22+SEPTEMBER!F22+OKTOBER!F22+NOVEMBER!F22+DESEMBER!F22) -> 38 | G22: =SUM(JANUARI!G22+FEBRUARI!G22+MARET!G22+APRIL!G22+MEI!G22+JUNI!G22+JULI!G22+AGUSTUS!G22+SEPTEMBER!G22+OKTOBER!G22+NOVEMBER!G22+DESEMBER!G22) -> 0 | H22: =SUM(JANUARI!H22+FEBRUARI!H22+MARET!H22+APRIL!H22+MEI!H22+JUNI!H22+JULI!H22+AGUSTUS!H22+SEPTEMBER!H22+OKTOBER!H22+NOVEMBER!H22+DESEMBER!H22) -> 0 | I22: =SUM(JANUARI!I22+FEBRUARI!I22+MARET!I22+APRIL!I22+MEI!I22+JUNI!I22+JULI!I22+AGUSTUS!I22+SEPTEMBER!I22+OKTOBER!I22+NOVEMBER!I22+DESEMBER!I22) -> 0 | J22: =SUM(JANUARI!J22+FEBRUARI!J22+MARET!J22+APRIL!J22+MEI!J22+JUNI!J22+JULI!J22+AGUSTUS!J22+SEPTEMBER!J22+OKTOBER!J22+NOVEMBER!J22+DESEMBER!J22) -> 0 | K22: =SUM(JANUARI!K22+FEBRUARI!K22+MARET!K22+APRIL!K22+MEI!K22+JUNI!K22+JULI!K22+AGUSTUS!K22+SEPTEMBER!K22+OKTOBER!K22+NOVEMBER!K22+DESEMBER!K22) -> 0 | ... U22: =SUM(JANUARI!U22+FEBRUARI!U22+MARET!U22+APRIL!U22+MEI!U22+JUNI!U22+JULI!U22+AGUSTUS!U22+SEPTEMBER!U22+OKTOBER!U22+NOVEMBER!U22+DESEMBER!U22) -> 0
B23: e. | C23: HCT | D23: =SUM(JANUARI!D23+FEBRUARI!D23+MARET!D23+APRIL!D23+MEI!D23+JUNI!D23+JULI!D23+AGUSTUS!D23+SEPTEMBER!D23+OKTOBER!D23+NOVEMBER!D23+DESEMBER!D23) -> 0 | E23: =SUM(JANUARI!E23+FEBRUARI!E23+MARET!E23+APRIL!E23+MEI!E23+JUNI!E23+JULI!E23+AGUSTUS!E23+SEPTEMBER!E23+OKTOBER!E23+NOVEMBER!E23+DESEMBER!E23) -> 0 | F23: =SUM(JANUARI!F23+FEBRUARI!F23+MARET!F23+APRIL!F23+MEI!F23+JUNI!F23+JULI!F23+AGUSTUS!F23+SEPTEMBER!F23+OKTOBER!F23+NOVEMBER!F23+DESEMBER!F23) -> 0 | G23: =SUM(JANUARI!G23+FEBRUARI!G23+MARET!G23+APRIL!G23+MEI!G23+JUNI!G23+JULI!G23+AGUSTUS!G23+SEPTEMBER!G23+OKTOBER!G23+NOVEMBER!G23+DESEMBER!G23) -> 0 | H23: =SUM(JANUARI!H23+FEBRUARI!H23+MARET!H23+APRIL!H23+MEI!H23+JUNI!H23+JULI!H23+AGUSTUS!H23+SEPTEMBER!H23+OKTOBER!H23+NOVEMBER!H23+DESEMBER!H23) -> 0 | I23: =SUM(JANUARI!I23+FEBRUARI!I23+MARET!I23+APRIL!I23+MEI!I23+JUNI!I23+JULI!I23+AGUSTUS!I23+SEPTEMBER!I23+OKTOBER!I23+NOVEMBER!I23+DESEMBER!I23) -> 0 | J23: =SUM(JANUARI!J23+FEBRUARI!J23+MARET!J23+APRIL!J23+MEI!J23+JUNI!J23+JULI!J23+AGUSTUS!J23+SEPTEMBER!J23+OKTOBER!J23+NOVEMBER!J23+DESEMBER!J23) -> 3 | K23: =SUM(JANUARI!K23+FEBRUARI!K23+MARET!K23+APRIL!K23+MEI!K23+JUNI!K23+JULI!K23+AGUSTUS!K23+SEPTEMBER!K23+OKTOBER!K23+NOVEMBER!K23+DESEMBER!K23) -> 87 | ... U23: =SUM(JANUARI!U23+FEBRUARI!U23+MARET!U23+APRIL!U23+MEI!U23+JUNI!U23+JULI!U23+AGUSTUS!U23+SEPTEMBER!U23+OKTOBER!U23+NOVEMBER!U23+DESEMBER!U23) -> 0
B24: f. | C24: Glukosa Post pandiel ( 2 jam PP ) | D24: =SUM(JANUARI!D24+FEBRUARI!D24+MARET!D24+APRIL!D24+MEI!D24+JUNI!D24+JULI!D24+AGUSTUS!D24+SEPTEMBER!D24+OKTOBER!D24+NOVEMBER!D24+DESEMBER!D24) -> 0 | E24: =SUM(JANUARI!E24+FEBRUARI!E24+MARET!E24+APRIL!E24+MEI!E24+JUNI!E24+JULI!E24+AGUSTUS!E24+SEPTEMBER!E24+OKTOBER!E24+NOVEMBER!E24+DESEMBER!E24) -> 0 | F24: =SUM(JANUARI!F24+FEBRUARI!F24+MARET!F24+APRIL!F24+MEI!F24+JUNI!F24+JULI!F24+AGUSTUS!F24+SEPTEMBER!F24+OKTOBER!F24+NOVEMBER!F24+DESEMBER!F24) -> 0 | G24: =SUM(JANUARI!G24+FEBRUARI!G24+MARET!G24+APRIL!G24+MEI!G24+JUNI!G24+JULI!G24+AGUSTUS!G24+SEPTEMBER!G24+OKTOBER!G24+NOVEMBER!G24+DESEMBER!G24) -> 0 | H24: =SUM(JANUARI!H24+FEBRUARI!H24+MARET!H24+APRIL!H24+MEI!H24+JUNI!H24+JULI!H24+AGUSTUS!H24+SEPTEMBER!H24+OKTOBER!H24+NOVEMBER!H24+DESEMBER!H24) -> 1 | I24: =SUM(JANUARI!I24+FEBRUARI!I24+MARET!I24+APRIL!I24+MEI!I24+JUNI!I24+JULI!I24+AGUSTUS!I24+SEPTEMBER!I24+OKTOBER!I24+NOVEMBER!I24+DESEMBER!I24) -> 1 | J24: =SUM(JANUARI!J24+FEBRUARI!J24+MARET!J24+APRIL!J24+MEI!J24+JUNI!J24+JULI!J24+AGUSTUS!J24+SEPTEMBER!J24+OKTOBER!J24+NOVEMBER!J24+DESEMBER!J24) -> 0 | K24: =SUM(JANUARI!K24+FEBRUARI!K24+MARET!K24+APRIL!K24+MEI!K24+JUNI!K24+JULI!K24+AGUSTUS!K24+SEPTEMBER!K24+OKTOBER!K24+NOVEMBER!K24+DESEMBER!K24) -> 0 | ... U24: =SUM(JANUARI!U24+FEBRUARI!U24+MARET!U24+APRIL!U24+MEI!U24+JUNI!U24+JULI!U24+AGUSTUS!U24+SEPTEMBER!U24+OKTOBER!U24+NOVEMBER!U24+DESEMBER!U24) -> 1
B25: g. | C25: Gulukosa Urine | D25: =SUM(JANUARI!D25+FEBRUARI!D25+MARET!D25+APRIL!D25+MEI!D25+JUNI!D25+JULI!D25+AGUSTUS!D25+SEPTEMBER!D25+OKTOBER!D25+NOVEMBER!D25+DESEMBER!D25) -> 5 | E25: =SUM(JANUARI!E25+FEBRUARI!E25+MARET!E25+APRIL!E25+MEI!E25+JUNI!E25+JULI!E25+AGUSTUS!E25+SEPTEMBER!E25+OKTOBER!E25+NOVEMBER!E25+DESEMBER!E25) -> 43 | F25: =SUM(JANUARI!F25+FEBRUARI!F25+MARET!F25+APRIL!F25+MEI!F25+JUNI!F25+JULI!F25+AGUSTUS!F25+SEPTEMBER!F25+OKTOBER!F25+NOVEMBER!F25+DESEMBER!F25) -> 48 | G25: =SUM(JANUARI!G25+FEBRUARI!G25+MARET!G25+APRIL!G25+MEI!G25+JUNI!G25+JULI!G25+AGUSTUS!G25+SEPTEMBER!G25+OKTOBER!G25+NOVEMBER!G25+DESEMBER!G25) -> 0 | H25: =SUM(JANUARI!H25+FEBRUARI!H25+MARET!H25+APRIL!H25+MEI!H25+JUNI!H25+JULI!H25+AGUSTUS!H25+SEPTEMBER!H25+OKTOBER!H25+NOVEMBER!H25+DESEMBER!H25) -> 140 | I25: =SUM(JANUARI!I25+FEBRUARI!I25+MARET!I25+APRIL!I25+MEI!I25+JUNI!I25+JULI!I25+AGUSTUS!I25+SEPTEMBER!I25+OKTOBER!I25+NOVEMBER!I25+DESEMBER!I25) -> 140 | J25: =SUM(JANUARI!J25+FEBRUARI!J25+MARET!J25+APRIL!J25+MEI!J25+JUNI!J25+JULI!J25+AGUSTUS!J25+SEPTEMBER!J25+OKTOBER!J25+NOVEMBER!J25+DESEMBER!J25) -> 0 | K25: =SUM(JANUARI!K25+FEBRUARI!K25+MARET!K25+APRIL!K25+MEI!K25+JUNI!K25+JULI!K25+AGUSTUS!K25+SEPTEMBER!K25+OKTOBER!K25+NOVEMBER!K25+DESEMBER!K25) -> 0 | ... U25: =SUM(JANUARI!U25+FEBRUARI!U25+MARET!U25+APRIL!U25+MEI!U25+JUNI!U25+JULI!U25+AGUSTUS!U25+SEPTEMBER!U25+OKTOBER!U25+NOVEMBER!U25+DESEMBER!U25) -> 0
B26: h. | C26: Asam Urat | D26: =SUM(JANUARI!D26+FEBRUARI!D26+MARET!D26+APRIL!D26+MEI!D26+JUNI!D26+JULI!D26+AGUSTUS!D26+SEPTEMBER!D26+OKTOBER!D26+NOVEMBER!D26+DESEMBER!D26) -> 251 | E26: =SUM(JANUARI!E26+FEBRUARI!E26+MARET!E26+APRIL!E26+MEI!E26+JUNI!E26+JULI!E26+AGUSTUS!E26+SEPTEMBER!E26+OKTOBER!E26+NOVEMBER!E26+DESEMBER!E26) -> 557 | F26: =SUM(JANUARI!F26+FEBRUARI!F26+MARET!F26+APRIL!F26+MEI!F26+JUNI!F26+JULI!F26+AGUSTUS!F26+SEPTEMBER!F26+OKTOBER!F26+NOVEMBER!F26+DESEMBER!F26) -> 808 | G26: =SUM(JANUARI!G26+FEBRUARI!G26+MARET!G26+APRIL!G26+MEI!G26+JUNI!G26+JULI!G26+AGUSTUS!G26+SEPTEMBER!G26+OKTOBER!G26+NOVEMBER!G26+DESEMBER!G26) -> 159 | H26: =SUM(JANUARI!H26+FEBRUARI!H26+MARET!H26+APRIL!H26+MEI!H26+JUNI!H26+JULI!H26+AGUSTUS!H26+SEPTEMBER!H26+OKTOBER!H26+NOVEMBER!H26+DESEMBER!H26) -> 233 | I26: =SUM(JANUARI!I26+FEBRUARI!I26+MARET!I26+APRIL!I26+MEI!I26+JUNI!I26+JULI!I26+AGUSTUS!I26+SEPTEMBER!I26+OKTOBER!I26+NOVEMBER!I26+DESEMBER!I26) -> 392 | J26: =SUM(JANUARI!J26+FEBRUARI!J26+MARET!J26+APRIL!J26+MEI!J26+JUNI!J26+JULI!J26+AGUSTUS!J26+SEPTEMBER!J26+OKTOBER!J26+NOVEMBER!J26+DESEMBER!J26) -> 132 | K26: =SUM(JANUARI!K26+FEBRUARI!K26+MARET!K26+APRIL!K26+MEI!K26+JUNI!K26+JULI!K26+AGUSTUS!K26+SEPTEMBER!K26+OKTOBER!K26+NOVEMBER!K26+DESEMBER!K26) -> 325 | ... U26: =SUM(JANUARI!U26+FEBRUARI!U26+MARET!U26+APRIL!U26+MEI!U26+JUNI!U26+JULI!U26+AGUSTUS!U26+SEPTEMBER!U26+OKTOBER!U26+NOVEMBER!U26+DESEMBER!U26) -> 106
B27: i. | C27: Gula darah sewaktu | D27: =SUM(JANUARI!D27+FEBRUARI!D27+MARET!D27+APRIL!D27+MEI!D27+JUNI!D27+JULI!D27+AGUSTUS!D27+SEPTEMBER!D27+OKTOBER!D27+NOVEMBER!D27+DESEMBER!D27) -> 516 | E27: =SUM(JANUARI!E27+FEBRUARI!E27+MARET!E27+APRIL!E27+MEI!E27+JUNI!E27+JULI!E27+AGUSTUS!E27+SEPTEMBER!E27+OKTOBER!E27+NOVEMBER!E27+DESEMBER!E27) -> 1045 | F27: =SUM(JANUARI!F27+FEBRUARI!F27+MARET!F27+APRIL!F27+MEI!F27+JUNI!F27+JULI!F27+AGUSTUS!F27+SEPTEMBER!F27+OKTOBER!F27+NOVEMBER!F27+DESEMBER!F27) -> 1561 | G27: =SUM(JANUARI!G27+FEBRUARI!G27+MARET!G27+APRIL!G27+MEI!G27+JUNI!G27+JULI!G27+AGUSTUS!G27+SEPTEMBER!G27+OKTOBER!G27+NOVEMBER!G27+DESEMBER!G27) -> 260 | H27: =SUM(JANUARI!H27+FEBRUARI!H27+MARET!H27+APRIL!H27+MEI!H27+JUNI!H27+JULI!H27+AGUSTUS!H27+SEPTEMBER!H27+OKTOBER!H27+NOVEMBER!H27+DESEMBER!H27) -> 571 | I27: =SUM(JANUARI!I27+FEBRUARI!I27+MARET!I27+APRIL!I27+MEI!I27+JUNI!I27+JULI!I27+AGUSTUS!I27+SEPTEMBER!I27+OKTOBER!I27+NOVEMBER!I27+DESEMBER!I27) -> 831 | J27: =SUM(JANUARI!J27+FEBRUARI!J27+MARET!J27+APRIL!J27+MEI!J27+JUNI!J27+JULI!J27+AGUSTUS!J27+SEPTEMBER!J27+OKTOBER!J27+NOVEMBER!J27+DESEMBER!J27) -> 161 | K27: =SUM(JANUARI!K27+FEBRUARI!K27+MARET!K27+APRIL!K27+MEI!K27+JUNI!K27+JULI!K27+AGUSTUS!K27+SEPTEMBER!K27+OKTOBER!K27+NOVEMBER!K27+DESEMBER!K27) -> 345 | ... U27: =SUM(JANUARI!U27+FEBRUARI!U27+MARET!U27+APRIL!U27+MEI!U27+JUNI!U27+JULI!U27+AGUSTUS!U27+SEPTEMBER!U27+OKTOBER!U27+NOVEMBER!U27+DESEMBER!U27) -> 169
B28: j. | C28: Gula darah puasa | D28: =SUM(JANUARI!D28+FEBRUARI!D28+MARET!D28+APRIL!D28+MEI!D28+JUNI!D28+JULI!D28+AGUSTUS!D28+SEPTEMBER!D28+OKTOBER!D28+NOVEMBER!D28+DESEMBER!D28) -> 122 | E28: =SUM(JANUARI!E28+FEBRUARI!E28+MARET!E28+APRIL!E28+MEI!E28+JUNI!E28+JULI!E28+AGUSTUS!E28+SEPTEMBER!E28+OKTOBER!E28+NOVEMBER!E28+DESEMBER!E28) -> 312 | F28: =SUM(JANUARI!F28+FEBRUARI!F28+MARET!F28+APRIL!F28+MEI!F28+JUNI!F28+JULI!F28+AGUSTUS!F28+SEPTEMBER!F28+OKTOBER!F28+NOVEMBER!F28+DESEMBER!F28) -> 434 | G28: =SUM(JANUARI!G28+FEBRUARI!G28+MARET!G28+APRIL!G28+MEI!G28+JUNI!G28+JULI!G28+AGUSTUS!G28+SEPTEMBER!G28+OKTOBER!G28+NOVEMBER!G28+DESEMBER!G28) -> 162 | H28: =SUM(JANUARI!H28+FEBRUARI!H28+MARET!H28+APRIL!H28+MEI!H28+JUNI!H28+JULI!H28+AGUSTUS!H28+SEPTEMBER!H28+OKTOBER!H28+NOVEMBER!H28+DESEMBER!H28) -> 255 | I28: =SUM(JANUARI!I28+FEBRUARI!I28+MARET!I28+APRIL!I28+MEI!I28+JUNI!I28+JULI!I28+AGUSTUS!I28+SEPTEMBER!I28+OKTOBER!I28+NOVEMBER!I28+DESEMBER!I28) -> 417 | J28: =SUM(JANUARI!J28+FEBRUARI!J28+MARET!J28+APRIL!J28+MEI!J28+JUNI!J28+JULI!J28+AGUSTUS!J28+SEPTEMBER!J28+OKTOBER!J28+NOVEMBER!J28+DESEMBER!J28) -> 73 | K28: =SUM(JANUARI!K28+FEBRUARI!K28+MARET!K28+APRIL!K28+MEI!K28+JUNI!K28+JULI!K28+AGUSTUS!K28+SEPTEMBER!K28+OKTOBER!K28+NOVEMBER!K28+DESEMBER!K28) -> 163 | ... U28: =SUM(JANUARI!U28+FEBRUARI!U28+MARET!U28+APRIL!U28+MEI!U28+JUNI!U28+JULI!U28+AGUSTUS!U28+SEPTEMBER!U28+OKTOBER!U28+NOVEMBER!U28+DESEMBER!U28) -> 76
B29: k. | C29: Urin Acid | D29: =SUM(JANUARI!D29+FEBRUARI!D29+MARET!D29+APRIL!D29+MEI!D29+JUNI!D29+JULI!D29+AGUSTUS!D29+SEPTEMBER!D29+OKTOBER!D29+NOVEMBER!D29+DESEMBER!D29) -> 0 | E29: =SUM(JANUARI!E29+FEBRUARI!E29+MARET!E29+APRIL!E29+MEI!E29+JUNI!E29+JULI!E29+AGUSTUS!E29+SEPTEMBER!E29+OKTOBER!E29+NOVEMBER!E29+DESEMBER!E29) -> 0 | F29: =SUM(JANUARI!F29+FEBRUARI!F29+MARET!F29+APRIL!F29+MEI!F29+JUNI!F29+JULI!F29+AGUSTUS!F29+SEPTEMBER!F29+OKTOBER!F29+NOVEMBER!F29+DESEMBER!F29) -> 0 | G29: =SUM(JANUARI!G29+FEBRUARI!G29+MARET!G29+APRIL!G29+MEI!G29+JUNI!G29+JULI!G29+AGUSTUS!G29+SEPTEMBER!G29+OKTOBER!G29+NOVEMBER!G29+DESEMBER!G29) -> 0 | H29: =SUM(JANUARI!H29+FEBRUARI!H29+MARET!H29+APRIL!H29+MEI!H29+JUNI!H29+JULI!H29+AGUSTUS!H29+SEPTEMBER!H29+OKTOBER!H29+NOVEMBER!H29+DESEMBER!H29) -> 0 | I29: =SUM(JANUARI!I29+FEBRUARI!I29+MARET!I29+APRIL!I29+MEI!I29+JUNI!I29+JULI!I29+AGUSTUS!I29+SEPTEMBER!I29+OKTOBER!I29+NOVEMBER!I29+DESEMBER!I29) -> 0 | J29: =SUM(JANUARI!J29+FEBRUARI!J29+MARET!J29+APRIL!J29+MEI!J29+JUNI!J29+JULI!J29+AGUSTUS!J29+SEPTEMBER!J29+OKTOBER!J29+NOVEMBER!J29+DESEMBER!J29) -> 0 | K29: =SUM(JANUARI!K29+FEBRUARI!K29+MARET!K29+APRIL!K29+MEI!K29+JUNI!K29+JULI!K29+AGUSTUS!K29+SEPTEMBER!K29+OKTOBER!K29+NOVEMBER!K29+DESEMBER!K29) -> 2 | ... U29: =SUM(JANUARI!U29+FEBRUARI!U29+MARET!U29+APRIL!U29+MEI!U29+JUNI!U29+JULI!U29+AGUSTUS!U29+SEPTEMBER!U29+OKTOBER!U29+NOVEMBER!U29+DESEMBER!U29) -> 0
B30: l. | C30: Cholestrol | D30: =SUM(JANUARI!D30+FEBRUARI!D30+MARET!D30+APRIL!D30+MEI!D30+JUNI!D30+JULI!D30+AGUSTUS!D30+SEPTEMBER!D30+OKTOBER!D30+NOVEMBER!D30+DESEMBER!D30) -> 234 | E30: =SUM(JANUARI!E30+FEBRUARI!E30+MARET!E30+APRIL!E30+MEI!E30+JUNI!E30+JULI!E30+AGUSTUS!E30+SEPTEMBER!E30+OKTOBER!E30+NOVEMBER!E30+DESEMBER!E30) -> 654 | F30: =SUM(JANUARI!F30+FEBRUARI!F30+MARET!F30+APRIL!F30+MEI!F30+JUNI!F30+JULI!F30+AGUSTUS!F30+SEPTEMBER!F30+OKTOBER!F30+NOVEMBER!F30+DESEMBER!F30) -> 888 | G30: =SUM(JANUARI!G30+FEBRUARI!G30+MARET!G30+APRIL!G30+MEI!G30+JUNI!G30+JULI!G30+AGUSTUS!G30+SEPTEMBER!G30+OKTOBER!G30+NOVEMBER!G30+DESEMBER!G30) -> 162 | H30: =SUM(JANUARI!H30+FEBRUARI!H30+MARET!H30+APRIL!H30+MEI!H30+JUNI!H30+JULI!H30+AGUSTUS!H30+SEPTEMBER!H30+OKTOBER!H30+NOVEMBER!H30+DESEMBER!H30) -> 257 | I30: =SUM(JANUARI!I30+FEBRUARI!I30+MARET!I30+APRIL!I30+MEI!I30+JUNI!I30+JULI!I30+AGUSTUS!I30+SEPTEMBER!I30+OKTOBER!I30+NOVEMBER!I30+DESEMBER!I30) -> 419 | J30: =SUM(JANUARI!J30+FEBRUARI!J30+MARET!J30+APRIL!J30+MEI!J30+JUNI!J30+JULI!J30+AGUSTUS!J30+SEPTEMBER!J30+OKTOBER!J30+NOVEMBER!J30+DESEMBER!J30) -> 95 | K30: =SUM(JANUARI!K30+FEBRUARI!K30+MARET!K30+APRIL!K30+MEI!K30+JUNI!K30+JULI!K30+AGUSTUS!K30+SEPTEMBER!K30+OKTOBER!K30+NOVEMBER!K30+DESEMBER!K30) -> 219 | ... U30: =SUM(JANUARI!U30+FEBRUARI!U30+MARET!U30+APRIL!U30+MEI!U30+JUNI!U30+JULI!U30+AGUSTUS!U30+SEPTEMBER!U30+OKTOBER!U30+NOVEMBER!U30+DESEMBER!U30) -> 211
