Workbook

Sheet BAA
A2: LAPORAN RUJUKAN
A3: DI PUSKESMAS BAA
A4: TAHUN 2026
A6: No. | B6: NAMA FASKES | C6: JANUARI | J6: FEBRUARI | Q6: MARET | X6: APRIL
C7: UMUM | E7: BPJS/KIS | G7: SKTM | I7: TOTAL | J7: UMUM | L7: BPJS/KIS | N7: SKTM | P7: TOTAL | Q7: UMUM | S7: BPJS/KIS | U7: SKTM | W7: TOTAL | X7: UMUM | Z7: BPJS/KIS | AB7: SKTM | AD7: TOTAL
C8: L | D8: P | E8: L | F8: P | G8: L | H8: P | J8: L | K8: P | L8: L | M8: P | N8: L | O8: P | Q8: L | R8: P | S8: L | T8: P | U8: L | V8: P | X8: L | Y8: P | Z8: L | AA8: P | AB8: L | AC8: P
A9: 1 | B9: RSUD KAB. ROTE NDAO | D9: 3 | E9: 37 | F9: 56 | I9: =SUM(C9:H9) -> 96 | J9: 2 | K9: 4 | L9: 18 | M9: 15 | P9: =SUM(J9:O9) -> 39 | Q9: 2 | R9: 4 | S9: 36 | T9: 34 | W9: =SUM(Q9:V9) -> 76 | X9: 2 | Y9: 2 | Z9: 30 | AA9: 39 | AD9: =SUM(X9:AC9) -> 73
A10: 2 | B10: RSUD PROF DR WZ JOHANNES | E10: 2 | F10: 3 | I10: =SUM(C10:H10) -> 5 | M10: 1 | P10: =SUM(J10:O10) -> 1 | S10: 1 | T10: 2 | W10: =SUM(Q10:V10) -> 3 | Z10: 1 | AA10: 5 | AD10: =SUM(X10:AC10) -> 6
A11: 3 | B11: RS BHAYANGKARA KUPANG | E11: 2 | I11: =SUM(C11:H11) -> 2 | L11: 1 | M11: 2 | P11: =SUM(J11:O11) -> 3 | S11: 1 | T11: 3 | W11: =SUM(Q11:V11) -> 4 | Z11: 2 | AA11: 1 | AD11: =SUM(X11:AC11) -> 3
A12: 4 | B12: RS KARTINI KUPANG | E12: 3 | F12: 5 | I12: =SUM(C12:H12) -> 8 | L12: 6 | M12: 6 | P12: =SUM(J12:O12) -> 12 | S12: 4 | T12: 12 | W12: =SUM(Q12:V12) -> 16 | Z12: 8 | AA12: 8 | AD12: =SUM(X12:AC12) -> 16
A13: 5 | B13: RS ST. CAROLUS BORROMEUS | F13: 3 | I13: =SUM(C13:H13) -> 3 | M13: 2 | P13: =SUM(J13:O13) -> 2 | T13: 1 | W13: =SUM(Q13:V13) -> 1 | AA13: 2 | AD13: =SUM(X13:AC13) -> 2
A14: 6 | B14: RSU LEONA KUPANG | E14: 9 | F14: 3 | I14: =SUM(C14:H14) -> 12 | L14: 6 | M14: 9 | P14: =SUM(J14:O14) -> 15 | S14: 4 | T14: 8 | W14: =SUM(Q14:V14) -> 12 | Z14: 6 | AA14: 9 | AD14: =SUM(X14:AC14) -> 15
A15: 7 | B15: RSU SILOAM KUPANG | E15: 4 | F15: 6 | I15: =SUM(C15:H15) -> 10 | L15: 10 | M15: 5 | P15: =SUM(J15:O15) -> 15 | S15: 6 | T15: 7 | W15: =SUM(Q15:V15) -> 13 | Z15: 5 | AA15: 2 | AD15: =SUM(X15:AC15) -> 7
A16: 8 | B16: RUMAH SAKIT TK. III WIRASAKTI | F16: 2 | I16: =SUM(C16:H16) -> 2 | L16: 1 | M16: 4 | P16: =SUM(J16:O16) -> 5 | T16: 3 | W16: =SUM(Q16:V16) -> 3 | AD16: =SUM(X16:AC16) -> 0
A17: 9 | B17: RSJ NAIMATA | I17: =SUM(C17:H17) -> 0 | L17: 2 | M17: 1 | P17: =SUM(J17:O17) -> 3 | S17: 1 | W17: =SUM(Q17:V17) -> 1 | Z17: 2 | AD17: =SUM(X17:AC17) -> 2
A18: 10 | B18: RS MAMAMI | F18: 2 | I18: =SUM(C18:H18) -> 2 | M18: 1 | P18: =SUM(J18:O18) -> 1 | S18: 2 | T18: 1 | W18: =SUM(Q18:V18) -> 3 | Z18: 1 | AA18: 2 | AD18: =SUM(X18:AC18) -> 3
A19: 11 | B19: RSUD S.K. LERIK | E19: 1 | I19: =SUM(C19:H19) -> 1 | L19: 1 | P19: =SUM(J19:O19) -> 1 | T19: 2 | W19: =SUM(Q19:V19) -> 2 | Z19: 2 | AA19: 1 | AD19: =SUM(X19:AC19) -> 3
A20: 12 | B20: KU DEWANTA MENTAL JIWA HEALTH CARE | F20: 1 | I20: =SUM(C20:H20) -> 1 | P20: =SUM(J20:O20) -> 0 | W20: =SUM(Q20:V20) -> 0 | AA20: 2 | AD20: =SUM(X20:AC20) -> 2
A21: 13 | B21: RSIA DEDARI | I21: =SUM(C21:H21) -> 0 | M21: 9 | P21: =SUM(J21:O21) -> 9 | T21: 9 | W21: =SUM(Q21:V21) -> 9 | Z21: 2 | AA21: 8 | AD21: =SUM(X21:AC21) -> 10
A22: 14 | B22: RSAL SAMUEL J MOEDA | I22: =SUM(C22:H22) -> 0 | M22: 2 | P22: =SUM(J22:O22) -> 2 | W22: =SUM(Q22:V22) -> 0 | AD22: =SUM(X22:AC22) -> 0
A23: 15 | B23: RSUP Dr. BEN MBOI KUPANG | F23: 2 | I23: =SUM(C23:H23) -> 2 | L23: 6 | M23: 2 | P23: =SUM(J23:O23) -> 8 | S23: 1 | T23: 2 | W23: =SUM(Q23:V23) -> 3 | Z23: 5 | AA23: 5 | AD23: =SUM(X23:AC23) -> 10
A24: TOTAL | C24: =SUM(C9:C23) -> 0 | D24: =SUM(D9:D23) -> 3 | E24: =SUM(E9:E23) -> 58 | F24: =SUM(F9:F23) -> 83 | G24: =SUM(G9:G23) -> 0 | H24: =SUM(H9:H23) -> 0 | I24: =SUM(C24:H24) -> 144 | J24: =SUM(J9:J23) -> 2 | K24: =SUM(K9:K23) -> 4 | L24: =SUM(L9:L23) -> 51 | M24: =SUM(M9:M23) -> 59 | N24: =SUM(N9:N23) -> 0 | O24: =SUM(O9:O23) -> 0 | P24: =SUM(J24:O24) -> 116 | Q24: =SUM(Q9:Q23) -> 2 | R24: =SUM(R9:R23) -> 4 | S24: =SUM(S9:S23) -> 56 | T24: =SUM(T9:T23) -> 84 | U24: =SUM(U9:U23) -> 0 | V24: =SUM(V9:V23) -> 0 | W24: =SUM(Q24:V24) -> 146 | X24: =SUM(X9:X23) -> 2 | Y24: =SUM(Y9:Y23) -> 2 | Z24: =SUM(Z9:Z23) -> 64 | AA24: =SUM(AA9:AA23) -> 84 | AB24: =SUM(AB9:AB23) -> 0 | AC24: =SUM(AC9:AC23) -> 0 | AD24: =SUM(X24:AC24) -> 152
A29: No. | B29: NAMA FASKES | C29: MEI | J29: JUNI | Q29: JULI | X29: AGUSTUS
C30: UMUM | E30: BPJS/KIS | G30: SKTM | I30: TOTAL | J30: UMUM | L30: BPJS/KIS | N30: SKTM | P30: TOTAL | Q30: UMUM | S30: BPJS/KIS | U30: SKTM | W30: TOTAL | X30: UMUM | Z30: BPJS/KIS | AB30: SKTM | AD30: TOTAL
C31: L | D31: P | E31: L | F31: P | G31: L | H31: P | J31: L | K31: P | L31: L | M31: P | N31: L | O31: P | Q31: L | R31: P | S31: L | T31: P | U31: L | V31: P | X31: L | Y31: P | Z31: L | AA31: P | AB31: L | AC31: P
A32: 1 | B32: RSUD KAB. ROTE NDAO | I32: =SUM(C32:H32) -> 0 | P32: =SUM(J32:O32) -> 0 | W32: =SUM(Q32:V32) -> 0 | AD32: =SUM(X32:AC32) -> 0
A33: 2 | B33: RSUD PROF DR WZ JOHANNES | I33: =SUM(C33:H33) -> 0 | P33: =SUM(J33:O33) -> 0 | W33: =SUM(Q33:V33) -> 0 | AD33: =SUM(X33:AC33) -> 0
A34: 3 | B34: RS BHAYANGKARA KUPANG | I34: =SUM(C34:H34) -> 0 | P34: =SUM(J34:O34) -> 0 | W34: =SUM(Q34:V34) -> 0 | AD34: =SUM(X34:AC34) -> 0
A35: 4 | B35: RS KARTINI KUPANG | I35: =SUM(C35:H35) -> 0 | P35: =SUM(J35:O35) -> 0 | W35: =SUM(Q35:V35) -> 0 | AD35: =SUM(X35:AC35) -> 0
A36: 5 | B36: RS ST. CAROLUS BORROMEUS | I36: =SUM(C36:H36) -> 0 | P36: =SUM(J36:O36) -> 0 | W36: =SUM(Q36:V36) -> 0 | AD36: =SUM(X36:AC36) -> 0
A37: 6 | B37: RSU LEONA KUPANG | I37: =SUM(C37:H37) -> 0 | P37: =SUM(J37:O37) -> 0 | W37: =SUM(Q37:V37) -> 0 | AD37: =SUM(X37:AC37) -> 0
A38: 7 | B38: RSU SILOAM KUPANG | I38: =SUM(C38:H38) -> 0 | P38: =SUM(J38:O38) -> 0 | W38: =SUM(Q38:V38) -> 0 | AD38: =SUM(X38:AC38) -> 0
A39: 8 | B39: RUMAH SAKIT TK. III WIRASAKTI | I39: =SUM(C39:H39) -> 0 | P39: =SUM(J39:O39) -> 0 | W39: =SUM(Q39:V39) -> 0 | AD39: =SUM(X39:AC39) -> 0
A40: 9 | B40: RSJ NAIMATA | I40: =SUM(C40:H40) -> 0 | P40: =SUM(J40:O40) -> 0 | W40: =SUM(Q40:V40) -> 0 | AD40: =SUM(X40:AC40) -> 0
A41: 10 | B41: RS MAMAMI | I41: =SUM(C41:H41) -> 0 | P41: =SUM(J41:O41) -> 0 | W41: =SUM(Q41:V41) -> 0 | AD41: =SUM(X41:AC41) -> 0
A42: 11 | B42: RSUD S.K. LERIK | I42: =SUM(C42:H42) -> 0 | P42: =SUM(J42:O42) -> 0 | W42: =SUM(Q42:V42) -> 0 | AD42: =SUM(X42:AC42) -> 0
A43: 12 | B43: KU DEWANTA MENTAL JIWA HEALTH CARE | I43: =SUM(C43:H43) -> 0 | P43: =SUM(J43:O43) -> 0 | W43: =SUM(Q43:V43) -> 0 | AD43: =SUM(X43:AC43) -> 0
... A46: 15 | B46: RSUP Dr. BEN MBOI KUPANG | I46: =SUM(C46:H46) -> 0 | P46: =SUM(J46:O46) -> 0 | W46: =SUM(Q46:V46) -> 0 | AD46: =SUM(X46:AC46) -> 0
A47: TOTAL | C47: =SUM(C32:C46) -> 0 | D47: =SUM(D32:D46) -> 0 | E47: =SUM(E32:E46) -> 0 | F47: =SUM(F32:F46) -> 0 | G47: =SUM(G32:G46) -> 0 | H47: =SUM(H32:H46) -> 0 | I47: =SUM(C47:H47) -> 0 | J47: =SUM(J32:J46) -> 0 | K47: =SUM(K32:K46) -> 0 | L47: =SUM(L32:L46) -> 0 | M47: =SUM(M32:M46) -> 0 | N47: =SUM(N32:N46) -> 0 | O47: =SUM(O32:O46) -> 0 | P47: =SUM(J47:O47) -> 0 | Q47: =SUM(Q32:Q46) -> 0 | R47: =SUM(R32:R46) -> 0 | S47: =SUM(S32:S46) -> 0 | T47: =SUM(T32:T46) -> 0 | U47: =SUM(U32:U46) -> 0 | V47: =SUM(V32:V46) -> 0 | W47: =SUM(Q47:V47) -> 0 | X47: =SUM(X32:X46) -> 0 | Y47: =SUM(Y32:Y46) -> 0 | Z47: =SUM(Z32:Z46) -> 0 | AA47: =SUM(AA32:AA46) -> 0 | AB47: =SUM(AB32:AB46) -> 0 | AC47: =SUM(AC32:AC46) -> 0 | AD47: =SUM(X47:AC47) -> 0
A50: No. | B50: NAMA FASKES | C50: SEPTEMBER | J50: OKTOBER | Q50: NOVEMBER | X50: DESEMBER
C51: UMUM | E51: BPJS/KIS | G51: SKTM | I51: TOTAL | J51: UMUM | L51: BPJS/KIS | N51: SKTM | P51: TOTAL | Q51: UMUM | S51: BPJS/KIS | U51: SKTM | W51: TOTAL | X51: UMUM | Z51: BPJS/KIS | AB51: SKTM | AD51: TOTAL
C52: L | D52: P | E52: L | F52: P | G52: L | H52: P | J52: L | K52: P | L52: L | M52: P | N52: L | O52: P | Q52: L | R52: P | S52: L | T52: P | U52: L | V52: P | X52: L | Y52: P | Z52: L | AA52: P | AB52: L | AC52: P
A53: 1 | B53: RSUD KAB. ROTE NDAO | I53: =SUM(C53:H53) -> 0 | P53: =SUM(J53:O53) -> 0 | W53: =SUM(Q53:V53) -> 0 | AD53: =SUM(X53:AC53) -> 0
A54: 2 | B54: RSUD PROF DR WZ JOHANNES | I54: =SUM(C54:H54) -> 0 | P54: =SUM(J54:O54) -> 0 | W54: =SUM(Q54:V54) -> 0 | AD54: =SUM(X54:AC54) -> 0
A55: 3 | B55: RS BHAYANGKARA KUPANG | I55: =SUM(C55:H55) -> 0 | P55: =SUM(J55:O55) -> 0 | W55: =SUM(Q55:V55) -> 0 | AD55: =SUM(X55:AC55) -> 0
A56: 4 | B56: RS KARTINI KUPANG | I56: =SUM(C56:H56) -> 0 | P56: =SUM(J56:O56) -> 0 | W56: =SUM(Q56:V56) -> 0 | AD56: =SUM(X56:AC56) -> 0
A57: 5 | B57: RS ST. CAROLUS BORROMEUS | I57: =SUM(C57:H57) -> 0 | P57: =SUM(J57:O57) -> 0 | W57: =SUM(Q57:V57) -> 0 | AD57: =SUM(X57:AC57) -> 0
A58: 6 | B58: RSU LEONA KUPANG | I58: =SUM(C58:H58) -> 0 | P58: =SUM(J58:O58) -> 0 | W58: =SUM(Q58:V58) -> 0 | AD58: =SUM(X58:AC58) -> 0
A59: 7 | B59: RSU SILOAM KUPANG | I59: =SUM(C59:H59) -> 0 | P59: =SUM(J59:O59) -> 0 | W59: =SUM(Q59:V59) -> 0 | AD59: =SUM(X59:AC59) -> 0
A60: 8 | B60: RUMAH SAKIT TK. III WIRASAKTI | I60: =SUM(C60:H60) -> 0 | P60: =SUM(J60:O60) -> 0 | W60: =SUM(Q60:V60) -> 0 | AD60: =SUM(X60:AC60) -> 0
A61: 9 | B61: RSJ NAIMATA | I61: =SUM(C61:H61) -> 0 | P61: =SUM(J61:O61) -> 0 | W61: =SUM(Q61:V61) -> 0 | AD61: =SUM(X61:AC61) -> 0
A62: 10 | B62: RS MAMAMI | I62: =SUM(C62:H62) -> 0 | P62: =SUM(J62:O62) -> 0 | W62: =SUM(Q62:V62) -> 0 | AD62: =SUM(X62:AC62) -> 0
A63: 11 | B63: RSUD S.K. LERIK | I63: =SUM(C63:H63) -> 0 | P63: =SUM(J63:O63) -> 0 | W63: =SUM(Q63:V63) -> 0 | AD63: =SUM(X63:AC63) -> 0
A64: 12 | B64: KU DEWANTA MENTAL JIWA HEALTH CARE | I64: =SUM(C64:H64) -> 0 | P64: =SUM(J64:O64) -> 0 | W64: =SUM(Q64:V64) -> 0 | AD64: =SUM(X64:AC64) -> 0
... A67: 15 | B67: RSUP Dr. BEN MBOI KUPANG | I67: =SUM(C67:H67) -> 0 | P67: =SUM(J67:O67) -> 0 | W67: =SUM(Q67:V67) -> 0 | AD67: =SUM(X67:AC67) -> 0
A68: TOTAL | C68: =SUM(C53:C67) -> 0 | D68: =SUM(D53:D67) -> 0 | E68: =SUM(E53:E67) -> 0 | F68: =SUM(F53:F67) -> 0 | G68: =SUM(G53:G67) -> 0 | H68: =SUM(H53:H67) -> 0 | I68: =SUM(C68:H68) -> 0 | J68: =SUM(J53:J67) -> 0 | K68: =SUM(K53:K67) -> 0 | L68: =SUM(L53:L67) -> 0 | M68: =SUM(M53:M67) -> 0 | N68: =SUM(N53:N67) -> 0 | O68: =SUM(O53:O67) -> 0 | P68: =SUM(J68:O68) -> 0 | Q68: =SUM(Q53:Q67) -> 0 | R68: =SUM(R53:R67) -> 0 | S68: =SUM(S53:S67) -> 0 | T68: =SUM(T53:T67) -> 0 | U68: =SUM(U53:U67) -> 0 | V68: =SUM(V53:V67) -> 0 | W68: =SUM(Q68:V68) -> 0 | X68: =SUM(X53:X67) -> 0 | Y68: =SUM(Y53:Y67) -> 0 | Z68: =SUM(Z53:Z67) -> 0 | AA68: =SUM(AA53:AA67) -> 0 | AB68: =SUM(AB53:AB67) -> 0 | AC68: =SUM(AC53:AC67) -> 0 | AD68: =SUM(X68:AC68) -> 0

Sheet BATUTUA
A2: LAPORAN RUJUKAN
A3: DI PUSKESMAS BATUTUA
A4: TAHUN 2026
A6: No. | B6: NAMA FASKES | C6: JANUARI | J6: FEBRUARI | Q6: MARET | X6: APRIL
C7: UMUM | E7: BPJS/KIS | G7: SKTM | I7: TOTAL | J7: UMUM | L7: BPJS/KIS | N7: SKTM | P7: TOTAL | Q7: UMUM | S7: BPJS/KIS | U7: SKTM | W7: TOTAL | X7: UMUM | Z7: BPJS/KIS | AB7: SKTM | AD7: TOTAL
C8: L | D8: P | E8: L | F8: P | G8: L | H8: P | J8: L | K8: P | L8: L | M8: P | N8: L | O8: P | Q8: L | R8: P | S8: L | T8: P | U8: L | V8: P | X8: L | Y8: P | Z8: L | AA8: P | AB8: L | AC8: P
A9: 1 | B9: RSUD KAB. ROTE NDAO | C9: 3 | D9: 3 | E9: 20 | F9: 25 | I9: =SUM(C9:H9) -> 51 | J9: 1 | K9: 4 | L9: 16 | M9: 17 | P9: =SUM(J9:O9) -> 38 | S9: 14 | T9: 23 | U9: 1 | W9: =SUM(Q9:V9) -> 38 | Z9: 10 | AA9: 18 | AD9: =SUM(X9:AC9) -> 28
A10: 2 | B10: RSUD PROF DR WZ JOHANNES | F10: 3 | I10: =SUM(C10:H10) -> 3 | L10: 2 | M10: 1 | P10: =SUM(J10:O10) -> 3 | S10: 1 | T10: 3 | W10: =SUM(Q10:V10) -> 4 | AA10: 2 | AD10: =SUM(X10:AC10) -> 2
A11: 3 | B11: RS BHAYANGKARA KUPANG | F11: 1 | I11: =SUM(C11:H11) -> 1 | M11: 1 | P11: =SUM(J11:O11) -> 1 | T11: 1 | W11: =SUM(Q11:V11) -> 1 | Z11: 1 | AD11: =SUM(X11:AC11) -> 1
A12: 4 | B12: RS KARTINI KUPANG | E12: 5 | F12: 6 | I12: =SUM(C12:H12) -> 11 | L12: 3 | M12: 2 | P12: =SUM(J12:O12) -> 5 | S12: 10 | T12: 9 | W12: =SUM(Q12:V12) -> 19 | Z12: 8 | AA12: 3 | AD12: =SUM(X12:AC12) -> 11
A13: 5 | B13: RS ST. CAROLUS BORROMEUS | E13: 1 | F13: 1 | I13: =SUM(C13:H13) -> 2 | P13: =SUM(J13:O13) -> 0 | W13: =SUM(Q13:V13) -> 0 | AA13: 1 | AD13: =SUM(X13:AC13) -> 1
A14: 6 | B14: RSU LEONA KUPANG | E14: 5 | F14: 5 | I14: =SUM(C14:H14) -> 10 | L14: 2 | M14: 16 | P14: =SUM(J14:O14) -> 18 | S14: 7 | T14: 21 | W14: =SUM(Q14:V14) -> 28 | Z14: 10 | AA14: 15 | AD14: =SUM(X14:AC14) -> 25
A15: 7 | B15: RSU SILOAM KUPANG | E15: 3 | F15: 3 | I15: =SUM(C15:H15) -> 6 | L15: 2 | M15: 3 | P15: =SUM(J15:O15) -> 5 | S15: 1 | T15: 2 | W15: =SUM(Q15:V15) -> 3 | Z15: 4 | AA15: 3 | AD15: =SUM(X15:AC15) -> 7
A16: 8 | B16: RUMAH SAKIT TK. III WIRASAKTI | E16: 1 | F16: 1 | I16: =SUM(C16:H16) -> 2 | M16: 1 | P16: =SUM(J16:O16) -> 1 | S16: 1 | T16: 1 | W16: =SUM(Q16:V16) -> 2 | Z16: 1 | AA16: 4 | AD16: =SUM(X16:AC16) -> 5
A17: 9 | B17: RSJ NAIMATA | I17: =SUM(C17:H17) -> 0 | M17: 1 | P17: =SUM(J17:O17) -> 1 | S17: 1 | T17: 1 | W17: =SUM(Q17:V17) -> 2 | AA17: 1 | AD17: =SUM(X17:AC17) -> 1
A18: 10 | B18: RS MAMAMI | I18: =SUM(C18:H18) -> 0 | P18: =SUM(J18:O18) -> 0 | W18: =SUM(Q18:V18) -> 0 | Z18: 1 | AD18: =SUM(X18:AC18) -> 1
A19: 11 | B19: RSUD S.K. LERIK | E19: 1 | F19: 1 | I19: =SUM(C19:H19) -> 2 | L19: 1 | P19: =SUM(J19:O19) -> 1 | S19: 2 | W19: =SUM(Q19:V19) -> 2 | AD19: =SUM(X19:AC19) -> 0
A20: 12 | B20: KU DEWANTA MENTAL JIWA HEALTH CARE | I20: =SUM(C20:H20) -> 0 | P20: =SUM(J20:O20) -> 0 | W20: =SUM(Q20:V20) -> 0 | AD20: =SUM(X20:AC20) -> 0
A21: 13 | B21: RSIA DEDARI | I21: =SUM(C21:H21) -> 0 | M21: 6 | P21: =SUM(J21:O21) -> 6 | T21: 5 | W21: =SUM(Q21:V21) -> 5 | AA21: 5 | AD21: =SUM(X21:AC21) -> 5
A22: 14 | B22: RSAL SAMUEL J MOEDA | I22: =SUM(C22:H22) -> 0 | P22: =SUM(J22:O22) -> 0 | W22: =SUM(Q22:V22) -> 0 | AD22: =SUM(X22:AC22) -> 0
A23: 15 | B23: RSUP Dr. BEN MBOI KUPANG | E23: 2 | I23: =SUM(C23:H23) -> 2 | M23: 1 | P23: =SUM(J23:O23) -> 1 | T23: 1 | U23: 1 | W23: =SUM(Q23:V23) -> 2 | Z23: 2 | AD23: =SUM(X23:AC23) -> 2
A24: TOTAL | C24: =SUM(C9:C23) -> 3 | D24: =SUM(D9:D23) -> 3 | E24: =SUM(E9:E23) -> 38 | F24: =SUM(F9:F23) -> 46 | G24: =SUM(G9:G23) -> 0 | H24: =SUM(H9:H23) -> 0 | I24: =SUM(C24:H24) -> 90 | J24: =SUM(J9:J23) -> 1 | K24: =SUM(K9:K23) -> 4 | L24: =SUM(L9:L23) -> 26 | M24: =SUM(M9:M23) -> 49 | N24: =SUM(N9:N23) -> 0 | O24: =SUM(O9:O23) -> 0 | P24: =SUM(J24:O24) -> 80 | Q24: =SUM(Q9:Q23) -> 0 | R24: =SUM(R9:R23) -> 0 | S24: =SUM(S9:S23) -> 37 | T24: =SUM(T9:T23) -> 67 | U24: =SUM(U9:U23) -> 2 | V24: =SUM(V9:V23) -> 0 | W24: =SUM(Q24:V24) -> 106 | X24: =SUM(X9:X23) -> 0 | Y24: =SUM(Y9:Y23) -> 0 | Z24: =SUM(Z9:Z23) -> 37 | AA24: =SUM(AA9:AA23) -> 52 | AB24: =SUM(AB9:AB23) -> 0 | AC24: =SUM(AC9:AC23) -> 0 | AD24: =SUM(X24:AC24) -> 89
A27: No. | B27: NAMA FASKES | C27: MEI | J27: JUNI | Q27: JULI | X27: AGUSTUS
C28: UMUM | E28: BPJS/KIS | G28: SKTM | I28: TOTAL | J28: UMUM | L28: BPJS/KIS | N28: SKTM | P28: TOTAL | Q28: UMUM | S28: BPJS/KIS | U28: SKTM | W28: TOTAL | X28: UMUM | Z28: BPJS/KIS | AB28: SKTM | AD28: TOTAL
C29: L | D29: P | E29: L | F29: P | G29: L | H29: P | J29: L | K29: P | L29: L | M29: P | N29: L | O29: P | Q29: L | R29: P | S29: L | T29: P | U29: L | V29: P | X29: L | Y29: P | Z29: L | AA29: P | AB29: L | AC29: P
A30: 1 | B30: RSUD KAB. ROTE NDAO | D30: 1 | E30: 13 | F30: 11 | I30: =SUM(C30:H30) -> 25 | L30: 22 | M30: 41 | O30: 1 | P30: =SUM(J30:O30) -> 64 | W30: =SUM(Q30:V30) -> 0 | AD30: =SUM(X30:AC30) -> 0
A31: 2 | B31: RSUD PROF DR WZ JOHANNES | E31: 4 | I31: =SUM(C31:H31) -> 4 | L31: 2 | M31: 3 | P31: =SUM(J31:O31) -> 5 | W31: =SUM(Q31:V31) -> 0 | AD31: =SUM(X31:AC31) -> 0
A32: 3 | B32: RS BHAYANGKARA KUPANG | F32: 1 | I32: =SUM(C32:H32) -> 1 | L32: 1 | P32: =SUM(J32:O32) -> 1 | W32: =SUM(Q32:V32) -> 0 | AD32: =SUM(X32:AC32) -> 0
A33: 4 | B33: RS KARTINI KUPANG | E33: 1 | F33: 6 | I33: =SUM(C33:H33) -> 7 | L33: 5 | M33: 6 | P33: =SUM(J33:O33) -> 11 | W33: =SUM(Q33:V33) -> 0 | AD33: =SUM(X33:AC33) -> 0
A34: 5 | B34: RS ST. CAROLUS BORROMEUS | F34: 1 | I34: =SUM(C34:H34) -> 1 | M34: 1 | P34: =SUM(J34:O34) -> 1 | W34: =SUM(Q34:V34) -> 0 | AD34: =SUM(X34:AC34) -> 0
A35: 6 | B35: RSU LEONA KUPANG | E35: 6 | F35: 7 | I35: =SUM(C35:H35) -> 13 | L35: 4 | M35: 4 | P35: =SUM(J35:O35) -> 8 | W35: =SUM(Q35:V35) -> 0 | AD35: =SUM(X35:AC35) -> 0
A36: 7 | B36: RSU SILOAM KUPANG | E36: 3 | F36: 3 | I36: =SUM(C36:H36) -> 6 | L36: 3 | M36: 3 | P36: =SUM(J36:O36) -> 6 | W36: =SUM(Q36:V36) -> 0 | AD36: =SUM(X36:AC36) -> 0
A37: 8 | B37: RUMAH SAKIT TK. III WIRASAKTI | I37: =SUM(C37:H37) -> 0 | M37: 1 | P37: =SUM(J37:O37) -> 1 | W37: =SUM(Q37:V37) -> 0 | AD37: =SUM(X37:AC37) -> 0
A38: 9 | B38: RSJ NAIMATA | F38: 1 | I38: =SUM(C38:H38) -> 1 | L38: 2 | P38: =SUM(J38:O38) -> 2 | W38: =SUM(Q38:V38) -> 0 | AD38: =SUM(X38:AC38) -> 0
A39: 10 | B39: RS MAMAMI | F39: 1 | I39: =SUM(C39:H39) -> 1 | M39: 1 | P39: =SUM(J39:O39) -> 1 | W39: =SUM(Q39:V39) -> 0 | AD39: =SUM(X39:AC39) -> 0
A40: 11 | B40: RSUD S.K. LERIK | F40: 1 | I40: =SUM(C40:H40) -> 1 | L40: 1 | P40: =SUM(J40:O40) -> 1 | W40: =SUM(Q40:V40) -> 0 | AD40: =SUM(X40:AC40) -> 0
A41: 12 | B41: KU DEWANTA MENTAL JIWA HEALTH CARE | I41: =SUM(C41:H41) -> 0 | M41: 1 | P41: =SUM(J41:O41) -> 1 | W41: =SUM(Q41:V41) -> 0 | AD41: =SUM(X41:AC41) -> 0
A42: 13 | B42: RSIA DEDARI | E42: 1 | F42: 3 | I42: =SUM(C42:H42) -> 4 | M42: 2 | P42: =SUM(J42:O42) -> 2 | W42: =SUM(Q42:V42) -> 0 | AD42: =SUM(X42:AC42) -> 0
A43: 14 | B43: RSAL SAMUEL J MOEDA | I43: =SUM(C43:H43) -> 0 | P43: =SUM(J43:O43) -> 0 | W43: =SUM(Q43:V43) -> 0 | AD43: =SUM(X43:AC43) -> 0
A44: 15 | B44: RSUP Dr. BEN MBOI KUPANG | E44: 2 | F44: 3 | I44: =SUM(C44:H44) -> 5 | L44: 1 | M44: 1 | P44: =SUM(J44:O44) -> 2 | W44: =SUM(Q44:V44) -> 0 | AD44: =SUM(X44:AC44) -> 0
A45: TOTAL | C45: =SUM(C30:C44) -> 0 | D45: =SUM(D30:D44) -> 1 | E45: =SUM(E30:E44) -> 30 | F45: =SUM(F30:F44) -> 38 | G45: =SUM(G30:G44) -> 0 | H45: =SUM(H30:H44) -> 0 | I45: =SUM(C45:H45) -> 69 | J45: =SUM(J30:J44) -> 0 | K45: =SUM(K30:K44) -> 0 | L45: =SUM(L30:L44) -> 41 | M45: =SUM(M30:M44) -> 64 | N45: =SUM(N30:N44) -> 0 | O45: =SUM(O30:O44) -> 1 | P45: =SUM(J45:O45) -> 106 | Q45: =SUM(Q30:Q44) -> 0 | R45: =SUM(R30:R44) -> 0 | S45: =SUM(S30:S44) -> 0 | T45: =SUM(T30:T44) -> 0 | U45: =SUM(U30:U44) -> 0 | V45: =SUM(V30:V44) -> 0 | W45: =SUM(Q45:V45) -> 0 | X45: =SUM(X30:X44) -> 0 | Y45: =SUM(Y30:Y44) -> 0 | Z45: =SUM(Z30:Z44) -> 0 | AA45: =SUM(AA30:AA44) -> 0 | AB45: =SUM(AB30:AB44) -> 0 | AC45: =SUM(AC30:AC44) -> 0 | AD45: =SUM(X45:AC45) -> 0
A48: No. | B48: NAMA FASKES | C48: SEPTEMBER | J48: OKTOBER | Q48: NOVEMBER | X48: DESEMBER
C49: UMUM | E49: BPJS/KIS | G49: SKTM | I49: TOTAL | J49: UMUM | L49: BPJS/KIS | N49: SKTM | P49: TOTAL | Q49: UMUM | S49: BPJS/KIS | U49: SKTM | W49: TOTAL | X49: UMUM | Z49: BPJS/KIS | AB49: SKTM | AD49: TOTAL
C50: L | D50: P | E50: L | F50: P | G50: L | H50: P | J50: L | K50: P | L50: L | M50: P | N50: L | O50: P | Q50: L | R50: P | S50: L | T50: P | U50: L | V50: P | X50: L | Y50: P | Z50: L | AA50: P | AB50: L | AC50: P
A51: 1 | B51: RSUD KAB. ROTE NDAO | I51: =SUM(C51:H51) -> 0 | P51: =SUM(J51:O51) -> 0 | W51: =SUM(Q51:V51) -> 0 | AD51: =SUM(X51:AC51) -> 0
A52: 2 | B52: RSUD PROF DR WZ JOHANNES | I52: =SUM(C52:H52) -> 0 | P52: =SUM(J52:O52) -> 0 | W52: =SUM(Q52:V52) -> 0 | AD52: =SUM(X52:AC52) -> 0
A53: 3 | B53: RS BHAYANGKARA KUPANG | I53: =SUM(C53:H53) -> 0 | P53: =SUM(J53:O53) -> 0 | W53: =SUM(Q53:V53) -> 0 | AD53: =SUM(X53:AC53) -> 0
A54: 4 | B54: RS KARTINI KUPANG | I54: =SUM(C54:H54) -> 0 | P54: =SUM(J54:O54) -> 0 | W54: =SUM(Q54:V54) -> 0 | AD54: =SUM(X54:AC54) -> 0
A55: 5 | B55: RS ST. CAROLUS BORROMEUS | I55: =SUM(C55:H55) -> 0 | P55: =SUM(J55:O55) -> 0 | W55: =SUM(Q55:V55) -> 0 | AD55: =SUM(X55:AC55) -> 0
A56: 6 | B56: RSU LEONA KUPANG | I56: =SUM(C56:H56) -> 0 | P56: =SUM(J56:O56) -> 0 | W56: =SUM(Q56:V56) -> 0 | AD56: =SUM(X56:AC56) -> 0
A57: 7 | B57: RSU SILOAM KUPANG | I57: =SUM(C57:H57) -> 0 | P57: =SUM(J57:O57) -> 0 | W57: =SUM(Q57:V57) -> 0 | AD57: =SUM(X57:AC57) -> 0
A58: 8 | B58: RUMAH SAKIT TK. III WIRASAKTI | I58: =SUM(C58:H58) -> 0 | P58: =SUM(J58:O58) -> 0 | W58: =SUM(Q58:V58) -> 0 | AD58: =SUM(X58:AC58) -> 0
A59: 9 | B59: RSJ NAIMATA | I59: =SUM(C59:H59) -> 0 | P59: =SUM(J59:O59) -> 0 | W59: =SUM(Q59:V59) -> 0 | AD59: =SUM(X59:AC59) -> 0
A60: 10 | B60: RS MAMAMI | I60: =SUM(C60:H60) -> 0 | P60: =SUM(J60:O60) -> 0 | W60: =SUM(Q60:V60) -> 0 | AD60: =SUM(X60:AC60) -> 0
A61: 11 | B61: RSUD S.K. LERIK | I61: =SUM(C61:H61) -> 0 | P61: =SUM(J61:O61) -> 0 | W61: =SUM(Q61:V61) -> 0 | AD61: =SUM(X61:AC61) -> 0
A62: 12 | B62: KU DEWANTA MENTAL JIWA HEALTH CARE | I62: =SUM(C62:H62) -> 0 | P62: =SUM(J62:O62) -> 0 | W62: =SUM(Q62:V62) -> 0 | AD62: =SUM(X62:AC62) -> 0
... A65: 15 | B65: RSUP Dr. BEN MBOI KUPANG | I65: =SUM(C65:H65) -> 0 | P65: =SUM(J65:O65) -> 0 | W65: =SUM(Q65:V65) -> 0 | AD65: =SUM(X65:AC65) -> 0
A66: TOTAL | C66: =SUM(C51:C65) -> 0 | D66: =SUM(D51:D65) -> 0 | E66: =SUM(E51:E65) -> 0 | F66: =SUM(F51:F65) -> 0 | G66: =SUM(G51:G65) -> 0 | H66: =SUM(H51:H65) -> 0 | I66: =SUM(C66:H66) -> 0 | J66: =SUM(J51:J65) -> 0 | K66: =SUM(K51:K65) -> 0 | L66: =SUM(L51:L65) -> 0 | M66: =SUM(M51:M65) -> 0 | N66: =SUM(N51:N65) -> 0 | O66: =SUM(O51:O65) -> 0 | P66: =SUM(J66:O66) -> 0 | Q66: =SUM(Q51:Q65) -> 0 | R66: =SUM(R51:R65) -> 0 | S66: =SUM(S51:S65) -> 0 | T66: =SUM(T51:T65) -> 0 | U66: =SUM(U51:U65) -> 0 | V66: =SUM(V51:V65) -> 0 | W66: =SUM(Q66:V66) -> 0 | X66: =SUM(X51:X65) -> 0 | Y66: =SUM(Y51:Y65) -> 0 | Z66: =SUM(Z51:Z65) -> 0 | AA66: =SUM(AA51:AA65) -> 0 | AB66: =SUM(AB51:AB65) -> 0 | AC66: =SUM(AC51:AC65) -> 0 | AD66: =SUM(X66:AC66) -> 0

Sheet BUSALANGGA
A2: LAPORAN RUJUKAN
A3: DI PUSKESMAS BUSALANGGA
A4: TAHUN 2026
A6: No. | B6: NAMA FASKES | C6: JANUARI | J6: FEBRUARI | Q6: MARET | X6: APRIL
C7: UMUM | E7: BPJS/KIS | G7: SKTM | I7: TOTAL | J7: UMUM | L7: BPJS/KIS | N7: SKTM | P7: TOTAL | Q7: UMUM | S7: BPJS/KIS | U7: SKTM | W7: TOTAL | X7: UMUM | Z7: BPJS/KIS | AB7: SKTM | AD7: TOTAL
C8: L | D8: P | E8: L | F8: P | G8: L | H8: P | J8: L | K8: P | L8: L | M8: P | N8: L | O8: P | Q8: L | R8: P | S8: L | T8: P | U8: L | V8: P | X8: L | Y8: P | Z8: L | AA8: P | AB8: L | AC8: P
A9: 1 | B9: RSUD KAB. ROTE NDAO | C9: 0 | D9: 6 | E9: 19 | F9: 38 | G9: 0 | H9: 0 | I9: =SUM(C9:H9) -> 63 | J9: 1 | K9: 1 | L9: 7 | M9: 7 | N9: 0 | O9: 0 | P9: =SUM(J9:O9) -> 16 | Q9: 1 | R9: 2 | S9: 13 | T9: 11 | U9: 0 | V9: 0 | W9: =SUM(Q9:V9) -> 27 | X9: 0 | Y9: 4 | Z9: 18 | AA9: 13 | AB9: 0 | AC9: 0 | AD9: =SUM(X9:AC9) -> 35
A10: 2 | B10: RSUD PROF DR WZ JOHANNES | C10: 0 | D10: 0 | E10: 1 | F10: 0 | G10: 0 | H10: 0 | I10: =SUM(C10:H10) -> 1 | J10: 0 | K10: 0 | L10: 0 | M10: 2 | N10: 0 | O10: 0 | P10: =SUM(J10:O10) -> 2 | Q10: 0 | R10: 0 | S10: 1 | T10: 0 | U10: 0 | V10: 0 | W10: =SUM(Q10:V10) -> 1 | X10: 0 | Y10: 0 | Z10: 0 | AA10: 3 | AB10: 0 | AC10: 0 | AD10: =SUM(X10:AC10) -> 3
A11: 3 | B11: RS BHAYANGKARA KUPANG | C11: 0 | D11: 0 | E11: 0 | F11: 0 | G11: 0 | H11: 0 | I11: =SUM(C11:H11) -> 0 | J11: 0 | K11: 0 | L11: 0 | M11: 0 | N11: 0 | O11: 0 | P11: =SUM(J11:O11) -> 0 | Q11: 0 | R11: 0 | S11: 0 | T11: 0 | U11: 0 | V11: 0 | W11: =SUM(Q11:V11) -> 0 | X11: 0 | Y11: 0 | Z11: 0 | AA11: 0 | AB11: 0 | AC11: 0 | AD11: =SUM(X11:AC11) -> 0
A12: 4 | B12: RS KARTINI KUPANG | C12: 0 | D12: 0 | E12: 1 | F12: 2 | G12: 0 | H12: 0 | I12: =SUM(C12:H12) -> 3 | J12: 0 | K12: 0 | L12: 2 | M12: 2 | N12: 0 | O12: 0 | P12: =SUM(J12:O12) -> 4 | Q12: 0 | R12: 0 | S12: 3 | T12: 6 | U12: 0 | V12: 0 | W12: =SUM(Q12:V12) -> 9 | X12: 0 | Y12: 0 | Z12: 3 | AA12: 7 | AB12: 0 | AC12: 0 | AD12: =SUM(X12:AC12) -> 10
A13: 5 | B13: RS ST. CAROLUS BORROMEUS | C13: 0 | D13: 0 | E13: 0 | F13: 0 | G13: 0 | H13: 0 | I13: =SUM(C13:H13) -> 0 | J13: 0 | K13: 0 | L13: 3 | M13: 0 | N13: 0 | O13: 0 | P13: =SUM(J13:O13) -> 3 | Q13: 0 | R13: 0 | S13: 1 | T13: 1 | U13: 0 | V13: 0 | W13: =SUM(Q13:V13) -> 2 | X13: 0 | Y13: 0 | Z13: 1 | AA13: 0 | AB13: 0 | AC13: 0 | AD13: =SUM(X13:AC13) -> 1
A14: 6 | B14: RSU LEONA KUPANG | C14: 0 | D14: 0 | E14: 2 | F14: 3 | G14: 0 | H14: 0 | I14: =SUM(C14:H14) -> 5 | J14: 0 | K14: 0 | L14: 4 | M14: 9 | N14: 0 | O14: 0 | P14: =SUM(J14:O14) -> 13 | Q14: 0 | R14: 0 | S14: 3 | T14: 5 | U14: 0 | V14: 0 | W14: =SUM(Q14:V14) -> 8 | X14: 0 | Y14: 0 | Z14: 4 | AA14: 6 | AB14: 0 | AC14: 0 | AD14: =SUM(X14:AC14) -> 10
A15: 7 | B15: RSU SILOAM KUPANG | C15: 0 | D15: 0 | E15: 1 | F15: 0 | G15: 0 | H15: 0 | I15: =SUM(C15:H15) -> 1 | J15: 0 | K15: 0 | L15: 1 | M15: 1 | N15: 0 | O15: 0 | P15: =SUM(J15:O15) -> 2 | Q15: 0 | R15: 0 | S15: 1 | T15: 0 | U15: 0 | V15: 0 | W15: =SUM(Q15:V15) -> 1 | X15: 0 | Y15: 0 | Z15: 1 | AA15: 6 | AB15: 0 | AC15: 0 | AD15: =SUM(X15:AC15) -> 7
A16: 8 | B16: RUMAH SAKIT TK. III WIRASAKTI | C16: 0 | D16: 0 | E16: 0 | F16: 0 | G16: 0 | H16: 0 | I16: =SUM(C16:H16) -> 0 | J16: 0 | K16: 0 | L16: 0 | M16: 0 | N16: 0 | O16: 0 | P16: =SUM(J16:O16) -> 0 | Q16: 0 | R16: 0 | S16: 0 | T16: 0 | U16: 0 | V16: 0 | W16: =SUM(Q16:V16) -> 0 | X16: 0 | Y16: 0 | Z16: 0 | AA16: 0 | AB16: 0 | AC16: 0 | AD16: =SUM(X16:AC16) -> 0
A17: 9 | B17: RSJ NAIMATA | C17: 0 | D17: 0 | E17: 0 | F17: 0 | G17: 0 | H17: 0 | I17: =SUM(C17:H17) -> 0 | J17: 0 | K17: 0 | L17: 0 | M17: 0 | N17: 0 | O17: 0 | P17: =SUM(J17:O17) -> 0 | Q17: 0 | R17: 0 | S17: 0 | T17: 0 | U17: 0 | V17: 0 | W17: =SUM(Q17:V17) -> 0 | X17: 0 | Y17: 0 | Z17: 0 | AA17: 0 | AB17: 0 | AC17: 0 | AD17: =SUM(X17:AC17) -> 0
A18: 10 | B18: RS MAMAMI | C18: 0 | D18: 0 | E18: 0 | F18: 0 | G18: 0 | H18: 0 | I18: =SUM(C18:H18) -> 0 | J18: 0 | K18: 0 | L18: 2 | M18: 1 | N18: 0 | O18: 0 | P18: =SUM(J18:O18) -> 3 | Q18: 0 | R18: 0 | S18: 2 | T18: 2 | U18: 0 | V18: 0 | W18: =SUM(Q18:V18) -> 4 | X18: 0 | Y18: 0 | Z18: 0 | AA18: 0 | AB18: 0 | AC18: 0 | AD18: =SUM(X18:AC18) -> 0
A19: 11 | B19: RSUD S.K. LERIK | C19: 0 | D19: 0 | E19: 0 | F19: 1 | G19: 0 | H19: 0 | I19: =SUM(C19:H19) -> 1 | J19: 0 | K19: 0 | L19: 0 | M19: 0 | N19: 0 | O19: 0 | P19: =SUM(J19:O19) -> 0 | Q19: 0 | R19: 0 | S19: 0 | T19: 1 | U19: 0 | V19: 0 | W19: =SUM(Q19:V19) -> 1 | X19: 0 | Y19: 0 | Z19: 0 | AA19: 0 | AB19: 0 | AC19: 0 | AD19: =SUM(X19:AC19) -> 0
A20: 12 | B20: KU DEWANTA MENTAL JIWA HEALTH CARE | C20: 0 | D20: 0 | E20: 0 | F20: 0 | G20: 0 | H20: 0 | I20: =SUM(C20:H20) -> 0 | J20: 0 | K20: 0 | L20: 0 | M20: 0 | N20: 0 | O20: 0 | P20: =SUM(J20:O20) -> 0 | Q20: 0 | R20: 0 | S20: 0 | T20: 0 | U20: 0 | V20: 0 | W20: =SUM(Q20:V20) -> 0 | X20: 0 | Y20: 0 | Z20: 0 | AA20: 0 | AB20: 0 | AC20: 0 | AD20: =SUM(X20:AC20) -> 0
... A23: 15 | B23: RSUP Dr. BEN MBOI KUPANG | C23: 0 | D23: 0 | E23: 0 | F23: 0 | G23: 0 | H23: 0 | I23: =SUM(C23:H23) -> 0 | J23: 0 | K23: 0 | L23: 0 | M23: 0 | N23: 0 | O23: 0 | P23: =SUM(J23:O23) -> 0 | Q23: 0 | R23: 0 | S23: 0 | T23: 0 | U23: 0 | V23: 0 | W23: =SUM(Q23:V23) -> 0 | X23: 0 | Y23: 0 | Z23: 0 | AA23: 0 | AB23: 0 | AC23: 0 | AD23: =SUM(X23:AC23) -> 0
A24: TOTAL | C24: =SUM(C9:C23) -> 0 | D24: =SUM(D9:D23) -> 6 | E24: =SUM(E9:E23) -> 24 | F24: =SUM(F9:F23) -> 44 | G24: =SUM(G9:G23) -> 0 | H24: =SUM(H9:H23) -> 0 | I24: =SUM(C24:H24) -> 74 | J24: =SUM(J9:J23) -> 1 | K24: =SUM(K9:K23) -> 1 | L24: =SUM(L9:L23) -> 19 | M24: =SUM(M9:M23) -> 27 | N24: =SUM(N9:N23) -> 0 | O24: =SUM(O9:O23) -> 0 | P24: =SUM(J24:O24) -> 48 | Q24: =SUM(Q9:Q23) -> 1 | R24: =SUM(R9:R23) -> 2 | S24: =SUM(S9:S23) -> 25 | T24: =SUM(T9:T23) -> 29 | U24: =SUM(U9:U23) -> 0 | V24: =SUM(V9:V23) -> 0 | W24: =SUM(Q24:V24) -> 57 | X24: =SUM(X9:X23) -> 0 | Y24: =SUM(Y9:Y23) -> 4 | Z24: =SUM(Z9:Z23) -> 28 | AA24: =SUM(AA9:AA23) -> 36 | AB24: =SUM(AB9:AB23) -> 0 | AC24: =SUM(AC9:AC23) -> 0 | AD24: =SUM(X24:AC24) -> 68
A27: No. | B27: NAMA FASKES | C27: MEI | J27: JUNI | Q27: JULI | X27: AGUSTUS
C28: UMUM | E28: BPJS/KIS | G28: SKTM | I28: TOTAL | J28: UMUM | L28: BPJS/KIS | N28: SKTM | P28: TOTAL | Q28: UMUM | S28: BPJS/KIS | U28: SKTM | W28: TOTAL | X28: UMUM | Z28: BPJS/KIS | AB28: SKTM | AD28: TOTAL
C29: L | D29: P | E29: L | F29: P | G29: L | H29: P | J29: L | K29: P | L29: L | M29: P | N29: L | O29: P | Q29: L | R29: P | S29: L | T29: P | U29: L | V29: P | X29: L | Y29: P | Z29: L | AA29: P | AB29: L | AC29: P
A30: 1 | B30: RSUD KAB. ROTE NDAO | D30: 4 | E30: 12 | F30: 13 | I30: =SUM(C30:H30) -> 29 | K30: 1 | L30: 10 | M30: 37 | P30: =SUM(J30:O30) -> 48 | W30: =SUM(Q30:V30) -> 0 | AD30: =SUM(X30:AC30) -> 0
A31: 2 | B31: RSUD PROF DR WZ JOHANNES | F31: 1 | I31: =SUM(C31:H31) -> 1 | L31: 0 | M31: 3 | P31: =SUM(J31:O31) -> 3 | W31: =SUM(Q31:V31) -> 0 | AD31: =SUM(X31:AC31) -> 0
A32: 3 | B32: RS BHAYANGKARA KUPANG | I32: =SUM(C32:H32) -> 0 | P32: =SUM(J32:O32) -> 0 | W32: =SUM(Q32:V32) -> 0 | AD32: =SUM(X32:AC32) -> 0
A33: 4 | B33: RS KARTINI KUPANG | E33: 1 | F33: 5 | I33: =SUM(C33:H33) -> 6 | L33: 1 | M33: 3 | P33: =SUM(J33:O33) -> 4 | W33: =SUM(Q33:V33) -> 0 | AD33: =SUM(X33:AC33) -> 0
A34: 5 | B34: RS ST. CAROLUS BORROMEUS | I34: =SUM(C34:H34) -> 0 | L34: 1 | M34: 0 | P34: =SUM(J34:O34) -> 1 | W34: =SUM(Q34:V34) -> 0 | AD34: =SUM(X34:AC34) -> 0
A35: 6 | B35: RSU LEONA KUPANG | E35: 2 | F35: 2 | I35: =SUM(C35:H35) -> 4 | L35: 6 | M35: 6 | P35: =SUM(J35:O35) -> 12 | W35: =SUM(Q35:V35) -> 0 | AD35: =SUM(X35:AC35) -> 0
A36: 7 | B36: RSU SILOAM KUPANG | E36: 3 | F36: 1 | I36: =SUM(C36:H36) -> 4 | L36: 2 | M36: 1 | P36: =SUM(J36:O36) -> 3 | W36: =SUM(Q36:V36) -> 0 | AD36: =SUM(X36:AC36) -> 0
A37: 8 | B37: RUMAH SAKIT TK. III WIRASAKTI | I37: =SUM(C37:H37) -> 0 | P37: =SUM(J37:O37) -> 0 | W37: =SUM(Q37:V37) -> 0 | AD37: =SUM(X37:AC37) -> 0
A38: 9 | B38: RSJ NAIMATA | I38: =SUM(C38:H38) -> 0 | L38: 0 | M38: 0 | P38: =SUM(J38:O38) -> 0 | W38: =SUM(Q38:V38) -> 0 | AD38: =SUM(X38:AC38) -> 0
A39: 10 | B39: RS MAMAMI | I39: =SUM(C39:H39) -> 0 | L39: 0 | M39: 0 | P39: =SUM(J39:O39) -> 0 | W39: =SUM(Q39:V39) -> 0 | AD39: =SUM(X39:AC39) -> 0
A40: 11 | B40: RSUD S.K. LERIK | E40: 1 | I40: =SUM(C40:H40) -> 1 | L40: 2 | M40: 1 | P40: =SUM(J40:O40) -> 3 | W40: =SUM(Q40:V40) -> 0 | AD40: =SUM(X40:AC40) -> 0
A41: 12 | B41: KU DEWANTA MENTAL JIWA HEALTH CARE | I41: =SUM(C41:H41) -> 0 | L41: 0 | M41: 1 | P41: =SUM(J41:O41) -> 1 | W41: =SUM(Q41:V41) -> 0 | AD41: =SUM(X41:AC41) -> 0
A42: 13 | B42: RSIA DEDARI | F42: 2 | I42: =SUM(C42:H42) -> 2 | L42: 0 | M42: 1 | P42: =SUM(J42:O42) -> 1 | W42: =SUM(Q42:V42) -> 0 | AD42: =SUM(X42:AC42) -> 0
A43: 14 | B43: RSAL SAMUEL J MOEDA | I43: =SUM(C43:H43) -> 0 | L43: 0 | M43: 0 | P43: =SUM(J43:O43) -> 0 | W43: =SUM(Q43:V43) -> 0 | AD43: =SUM(X43:AC43) -> 0
A44: 15 | B44: RSUP Dr. BEN MBOI KUPANG | I44: =SUM(C44:H44) -> 0 | P44: =SUM(J44:O44) -> 0 | W44: =SUM(Q44:V44) -> 0 | AD44: =SUM(X44:AC44) -> 0
A45: TOTAL | C45: =SUM(C30:C44) -> 0 | D45: =SUM(D30:D44) -> 4 | E45: =SUM(E30:E44) -> 19 | F45: =SUM(F30:F44) -> 24 | G45: =SUM(G30:G44) -> 0 | H45: =SUM(H30:H44) -> 0 | I45: =SUM(C45:H45) -> 47 | J45: =SUM(J30:J44) -> 0 | K45: =SUM(K30:K44) -> 1 | L45: =SUM(L30:L44) -> 22 | M45: =SUM(M30:M44) -> 53 | N45: =SUM(N30:N44) -> 0 | O45: =SUM(O30:O44) -> 0 | P45: =SUM(J45:O45) -> 76 | Q45: =SUM(Q30:Q44) -> 0 | R45: =SUM(R30:R44) -> 0 | S45: =SUM(S30:S44) -> 0 | T45: =SUM(T30:T44) -> 0 | U45: =SUM(U30:U44) -> 0 | V45: =SUM(V30:V44) -> 0 | W45: =SUM(Q45:V45) -> 0 | X45: =SUM(X30:X44) -> 0 | Y45: =SUM(Y30:Y44) -> 0 | Z45: =SUM(Z30:Z44) -> 0 | AA45: =SUM(AA30:AA44) -> 0 | AB45: =SUM(AB30:AB44) -> 0 | AC45: =SUM(AC30:AC44) -> 0 | AD45: =SUM(X45:AC45) -> 0
A48: No. | B48: NAMA FASKES | C48: SEPTEMBER | J48: OKTOBER | Q48: NOVEMBER | X48: DESEMBER
C49: UMUM | E49: BPJS/KIS | G49: SKTM | I49: TOTAL | J49: UMUM | L49: BPJS/KIS | N49: SKTM | P49: TOTAL | Q49: UMUM | S49: BPJS/KIS | U49: SKTM | W49: TOTAL | X49: UMUM | Z49: BPJS/KIS | AB49: SKTM | AD49: TOTAL
C50: L | D50: P | E50: L | F50: P | G50: L | H50: P | J50: L | K50: P | L50: L | M50: P | N50: L | O50: P | Q50: L | R50: P | S50: L | T50: P | U50: L | V50: P | X50: L | Y50: P | Z50: L | AA50: P | AB50: L | AC50: P
A51: 1 | B51: RSUD KAB. ROTE NDAO | I51: =SUM(C51:H51) -> 0 | P51: =SUM(J51:O51) -> 0 | W51: =SUM(Q51:V51) -> 0 | AD51: =SUM(X51:AC51) -> 0
A52: 2 | B52: RSUD PROF DR WZ JOHANNES | I52: =SUM(C52:H52) -> 0 | P52: =SUM(J52:O52) -> 0 | W52: =SUM(Q52:V52) -> 0 | AD52: =SUM(X52:AC52) -> 0
A53: 3 | B53: RS BHAYANGKARA KUPANG | I53: =SUM(C53:H53) -> 0 | P53: =SUM(J53:O53) -> 0 | W53: =SUM(Q53:V53) -> 0 | AD53: =SUM(X53:AC53) -> 0
A54: 4 | B54: RS KARTINI KUPANG | I54: =SUM(C54:H54) -> 0 | P54: =SUM(J54:O54) -> 0 | W54: =SUM(Q54:V54) -> 0 | AD54: =SUM(X54:AC54) -> 0
A55: 5 | B55: RS ST. CAROLUS BORROMEUS | I55: =SUM(C55:H55) -> 0 | P55: =SUM(J55:O55) -> 0 | W55: =SUM(Q55:V55) -> 0 | AD55: =SUM(X55:AC55) -> 0
A56: 6 | B56: RSU LEONA KUPANG | I56: =SUM(C56:H56) -> 0 | P56: =SUM(J56:O56) -> 0 | W56: =SUM(Q56:V56) -> 0 | AD56: =SUM(X56:AC56) -> 0
A57: 7 | B57: RSU SILOAM KUPANG | I57: =SUM(C57:H57) -> 0 | P57: =SUM(J57:O57) -> 0 | W57: =SUM(Q57:V57) -> 0 | AD57: =SUM(X57:AC57) -> 0
A58: 8 | B58: RUMAH SAKIT TK. III WIRASAKTI | I58: =SUM(C58:H58) -> 0 | P58: =SUM(J58:O58) -> 0 | W58: =SUM(Q58:V58) -> 0 | AD58: =SUM(X58:AC58) -> 0
A59: 9 | B59: RSJ NAIMATA | I59: =SUM(C59:H59) -> 0 | P59: =SUM(J59:O59) -> 0 | W59: =SUM(Q59:V59) -> 0 | AD59: =SUM(X59:AC59) -> 0
A60: 10 | B60: RS MAMAMI | I60: =SUM(C60:H60) -> 0 | P60: =SUM(J60:O60) -> 0 | W60: =SUM(Q60:V60) -> 0 | AD60: =SUM(X60:AC60) -> 0
A61: 11 | B61: RSUD S.K. LERIK | I61: =SUM(C61:H61) -> 0 | P61: =SUM(J61:O61) -> 0 | W61: =SUM(Q61:V61) -> 0 | AD61: =SUM(X61:AC61) -> 0
A62: 12 | B62: KU DEWANTA MENTAL JIWA HEALTH CARE | I62: =SUM(C62:H62) -> 0 | P62: =SUM(J62:O62) -> 0 | W62: =SUM(Q62:V62) -> 0 | AD62: =SUM(X62:AC62) -> 0
... A65: 15 | B65: RSUP Dr. BEN MBOI KUPANG | I65: =SUM(C65:H65) -> 0 | P65: =SUM(J65:O65) -> 0 | W65: =SUM(Q65:V65) -> 0 | AD65: =SUM(X65:AC65) -> 0
A66: TOTAL | C66: =SUM(C51:C65) -> 0 | D66: =SUM(D51:D65) -> 0 | E66: =SUM(E51:E65) -> 0 | F66: =SUM(F51:F65) -> 0 | G66: =SUM(G51:G65) -> 0 | H66: =SUM(H51:H65) -> 0 | I66: =SUM(C66:H66) -> 0 | J66: =SUM(J51:J65) -> 0 | K66: =SUM(K51:K65) -> 0 | L66: =SUM(L51:L65) -> 0 | M66: =SUM(M51:M65) -> 0 | N66: =SUM(N51:N65) -> 0 | O66: =SUM(O51:O65) -> 0 | P66: =SUM(J66:O66) -> 0 | Q66: =SUM(Q51:Q65) -> 0 | R66: =SUM(R51:R65) -> 0 | S66: =SUM(S51:S65) -> 0 | T66: =SUM(T51:T65) -> 0 | U66: =SUM(U51:U65) -> 0 | V66: =SUM(V51:V65) -> 0 | W66: =SUM(Q66:V66) -> 0 | X66: =SUM(X51:X65) -> 0 | Y66: =SUM(Y51:Y65) -> 0 | Z66: =SUM(Z51:Z65) -> 0 | AA66: =SUM(AA51:AA65) -> 0 | AB66: =SUM(AB51:AB65) -> 0 | AC66: =SUM(AC51:AC65) -> 0 | AD66: =SUM(X66:AC66) -> 0

Sheet DELHA
A2: LAPORAN RUJUKAN
A3: DI PUSKESMAS DELHA
A4: TAHUN 2026
A6: No. | B6: NAMA FASKES | C6: JANUARI | J6: FEBRUARI | Q6: MARET | X6: APRIL
C7: UMUM | E7: BPJS/KIS | G7: SKTM | I7: TOTAL | J7: UMUM | L7: BPJS/KIS | N7: SKTM | P7: TOTAL | Q7: UMUM | S7: BPJS/KIS | U7: SKTM | W7: TOTAL | X7: UMUM | Z7: BPJS/KIS | AB7: SKTM | AD7: TOTAL
C8: L | D8: P | E8: L | F8: P | G8: L | H8: P | J8: L | K8: P | L8: L | M8: P | N8: L | O8: P | Q8: L | R8: P | S8: L | T8: P | U8: L | V8: P | X8: L | Y8: P | Z8: L | AA8: P | AB8: L | AC8: P
A9: 1 | B9: RSUD KAB. ROTE NDAO | E9: 2 | F9: 1 | I9: =SUM(C9:H9) -> 3 | M9: 1 | P9: =SUM(J9:O9) -> 1 | Q9: 1 | R9: 1 | W9: =SUM(Q9:V9) -> 2 | AD9: =SUM(X9:AC9) -> 0
A10: 2 | B10: RSUD PROF DR WZ JOHANNES | I10: =SUM(C10:H10) -> 0 | P10: =SUM(J10:O10) -> 0 | W10: =SUM(Q10:V10) -> 0 | AA10: 2 | AD10: =SUM(X10:AC10) -> 2
A11: 3 | B11: RS BHAYANGKARA KUPANG | I11: =SUM(C11:H11) -> 0 | P11: =SUM(J11:O11) -> 0 | T11: 1 | W11: =SUM(Q11:V11) -> 1 | AD11: =SUM(X11:AC11) -> 0
A12: 4 | B12: RS KARTINI KUPANG | E12: 0 | F12: 1 | I12: =SUM(C12:H12) -> 1 | L12: 1 | M12: 5 | P12: =SUM(J12:O12) -> 6 | S12: 3 | T12: 1 | W12: =SUM(Q12:V12) -> 4 | AD12: =SUM(X12:AC12) -> 0
A13: 5 | B13: RS ST. CAROLUS BORROMEUS | I13: =SUM(C13:H13) -> 0 | P13: =SUM(J13:O13) -> 0 | W13: =SUM(Q13:V13) -> 0 | AD13: =SUM(X13:AC13) -> 0
A14: 6 | B14: RSU LEONA KUPANG | E14: 0 | F14: 3 | I14: =SUM(C14:H14) -> 3 | L14: 1 | M14: 2 | P14: =SUM(J14:O14) -> 3 | S14: 2 | T14: 2 | W14: =SUM(Q14:V14) -> 4 | Z14: 1 | AA14: 5 | AD14: =SUM(X14:AC14) -> 6
A15: 7 | B15: RSU SILOAM KUPANG | E15: 1 | F15: 0 | I15: =SUM(C15:H15) -> 1 | P15: =SUM(J15:O15) -> 0 | T15: 3 | W15: =SUM(Q15:V15) -> 3 | Z15: 2 | AD15: =SUM(X15:AC15) -> 2
A16: 8 | B16: RUMAH SAKIT TK. III WIRASAKTI | E16: 0 | F16: 1 | I16: =SUM(C16:H16) -> 1 | L16: 1 | M16: 1 | P16: =SUM(J16:O16) -> 2 | W16: =SUM(Q16:V16) -> 0 | AD16: =SUM(X16:AC16) -> 0
A17: 9 | B17: RSJ NAIMATA | I17: =SUM(C17:H17) -> 0 | P17: =SUM(J17:O17) -> 0 | W17: =SUM(Q17:V17) -> 0 | AD17: =SUM(X17:AC17) -> 0
A18: 10 | B18: RS MAMAMI | I18: =SUM(C18:H18) -> 0 | M18: 2 | P18: =SUM(J18:O18) -> 2 | W18: =SUM(Q18:V18) -> 0 | AD18: =SUM(X18:AC18) -> 0
A19: 11 | B19: RSUD S.K. LERIK | E19: 1 | F19: 0 | I19: =SUM(C19:H19) -> 1 | P19: =SUM(J19:O19) -> 0 | W19: =SUM(Q19:V19) -> 0 | AD19: =SUM(X19:AC19) -> 0
A20: 12 | B20: KU DEWANTA MENTAL JIWA HEALTH CARE | I20: =SUM(C20:H20) -> 0 | P20: =SUM(J20:O20) -> 0 | W20: =SUM(Q20:V20) -> 0 | AD20: =SUM(X20:AC20) -> 0
A21: 13 | B21: RSIA DEDARI | I21: =SUM(C21:H21) -> 0 | M21: 1 | P21: =SUM(J21:O21) -> 1 | T21: 4 | W21: =SUM(Q21:V21) -> 4 | AA21: 2 | AD21: =SUM(X21:AC21) -> 2
A22: 14 | B22: RSAL SAMUEL J MOEDA | I22: =SUM(C22:H22) -> 0 | P22: =SUM(J22:O22) -> 0 | T22: 1 | W22: =SUM(Q22:V22) -> 1 | AD22: =SUM(X22:AC22) -> 0
A23: 15 | B23: RSUP Dr. BEN MBOI KUPANG | I23: =SUM(C23:H23) -> 0 | P23: =SUM(J23:O23) -> 0 | S23: 1 | W23: =SUM(Q23:V23) -> 1 | AD23: =SUM(X23:AC23) -> 0
A24: TOTAL | C24: =SUM(C9:C23) -> 0 | D24: =SUM(D9:D23) -> 0 | E24: =SUM(E9:E23) -> 4 | F24: =SUM(F9:F23) -> 6 | G24: =SUM(G9:G23) -> 0 | H24: =SUM(H9:H23) -> 0 | I24: =SUM(C24:H24) -> 10 | J24: =SUM(J9:J23) -> 0 | K24: =SUM(K9:K23) -> 0 | L24: =SUM(L9:L23) -> 3 | M24: =SUM(M9:M23) -> 12 | N24: =SUM(N9:N23) -> 0 | O24: =SUM(O9:O23) -> 0 | P24: =SUM(J24:O24) -> 15 | Q24: =SUM(Q9:Q23) -> 1 | R24: =SUM(R9:R23) -> 1 | S24: =SUM(S9:S23) -> 6 | T24: =SUM(T9:T23) -> 12 | U24: =SUM(U9:U23) -> 0 | V24: =SUM(V9:V23) -> 0 | W24: =SUM(Q24:V24) -> 20 | X24: =SUM(X9:X23) -> 0 | Y24: =SUM(Y9:Y23) -> 0 | Z24: =SUM(Z9:Z23) -> 3 | AA24: =SUM(AA9:AA23) -> 9 | AB24: =SUM(AB9:AB23) -> 0 | AC24: =SUM(AC9:AC23) -> 0 | AD24: =SUM(X24:AC24) -> 12
A27: No. | B27: NAMA FASKES | C27: MEI | J27: JUNI | Q27: JULI | X27: AGUSTUS
C28: UMUM | E28: BPJS/KIS | G28: SKTM | I28: TOTAL | J28: UMUM | L28: BPJS/KIS | N28: SKTM | P28: TOTAL | Q28: UMUM | S28: BPJS/KIS | U28: SKTM | W28: TOTAL | X28: UMUM | Z28: BPJS/KIS | AB28: SKTM | AD28: TOTAL
C29: L | D29: P | E29: L | F29: P | G29: L | H29: P | J29: L | K29: P | L29: L | M29: P | N29: L | O29: P | Q29: L | R29: P | S29: L | T29: P | U29: L | V29: P | X29: L | Y29: P | Z29: L | AA29: P | AB29: L | AC29: P
A30: 1 | B30: RSUD KAB. ROTE NDAO | E30: 1 | I30: =SUM(C30:H30) -> 1 | P30: =SUM(J30:O30) -> 0 | W30: =SUM(Q30:V30) -> 0 | AD30: =SUM(X30:AC30) -> 0
A31: 2 | B31: RSUD PROF DR WZ JOHANNES | I31: =SUM(C31:H31) -> 0 | P31: =SUM(J31:O31) -> 0 | W31: =SUM(Q31:V31) -> 0 | AD31: =SUM(X31:AC31) -> 0
A32: 3 | B32: RS BHAYANGKARA KUPANG | I32: =SUM(C32:H32) -> 0 | P32: =SUM(J32:O32) -> 0 | W32: =SUM(Q32:V32) -> 0 | AD32: =SUM(X32:AC32) -> 0
A33: 4 | B33: RS KARTINI KUPANG | E33: 1 | I33: =SUM(C33:H33) -> 1 | P33: =SUM(J33:O33) -> 0 | W33: =SUM(Q33:V33) -> 0 | AD33: =SUM(X33:AC33) -> 0
A34: 5 | B34: RS ST. CAROLUS BORROMEUS | I34: =SUM(C34:H34) -> 0 | P34: =SUM(J34:O34) -> 0 | W34: =SUM(Q34:V34) -> 0 | AD34: =SUM(X34:AC34) -> 0
A35: 6 | B35: RSU LEONA KUPANG | E35: 2 | F35: 2 | I35: =SUM(C35:H35) -> 4 | P35: =SUM(J35:O35) -> 0 | W35: =SUM(Q35:V35) -> 0 | AD35: =SUM(X35:AC35) -> 0
A36: 7 | B36: RSU SILOAM KUPANG | E36: 3 | I36: =SUM(C36:H36) -> 3 | P36: =SUM(J36:O36) -> 0 | W36: =SUM(Q36:V36) -> 0 | AD36: =SUM(X36:AC36) -> 0
A37: 8 | B37: RUMAH SAKIT TK. III WIRASAKTI | I37: =SUM(C37:H37) -> 0 | P37: =SUM(J37:O37) -> 0 | W37: =SUM(Q37:V37) -> 0 | AD37: =SUM(X37:AC37) -> 0
A38: 9 | B38: RSJ NAIMATA | I38: =SUM(C38:H38) -> 0 | P38: =SUM(J38:O38) -> 0 | W38: =SUM(Q38:V38) -> 0 | AD38: =SUM(X38:AC38) -> 0
A39: 10 | B39: RS MAMAMI | I39: =SUM(C39:H39) -> 0 | P39: =SUM(J39:O39) -> 0 | W39: =SUM(Q39:V39) -> 0 | AD39: =SUM(X39:AC39) -> 0
A40: 11 | B40: RSUD S.K. LERIK | I40: =SUM(C40:H40) -> 0 | P40: =SUM(J40:O40) -> 0 | W40: =SUM(Q40:V40) -> 0 | AD40: =SUM(X40:AC40) -> 0
A41: 12 | B41: KU DEWANTA MENTAL JIWA HEALTH CARE | I41: =SUM(C41:H41) -> 0 | P41: =SUM(J41:O41) -> 0 | W41: =SUM(Q41:V41) -> 0 | AD41: =SUM(X41:AC41) -> 0
A42: 13 | B42: RSIA DEDARI | I42: =SUM(C42:H42) -> 0 | P42: =SUM(J42:O42) -> 0 | W42: =SUM(Q42:V42) -> 0 | AD42: =SUM(X42:AC42) -> 0
A43: 14 | B43: RSAL SAMUEL J MOEDA | I43: =SUM(C43:H43) -> 0 | P43: =SUM(J43:O43) -> 0 | W43: =SUM(Q43:V43) -> 0 | AD43: =SUM(X43:AC43) -> 0
A44: 15 | B44: RSUP Dr. BEN MBOI KUPANG | I44: =SUM(C44:H44) -> 0 | P44: =SUM(J44:O44) -> 0 | W44: =SUM(Q44:V44) -> 0 | AD44: =SUM(X44:AC44) -> 0
A45: TOTAL | C45: =SUM(C30:C44) -> 0 | D45: =SUM(D30:D44) -> 0 | E45: =SUM(E30:E44) -> 7 | F45: =SUM(F30:F44) -> 2 | G45: =SUM(G30:G44) -> 0 | H45: =SUM(H30:H44) -> 0 | I45: =SUM(C45:H45) -> 9 | J45: =SUM(J30:J44) -> 0 | K45: =SUM(K30:K44) -> 0 | L45: =SUM(L30:L44) -> 0 | M45: =SUM(M30:M44) -> 0 | N45: =SUM(N30:N44) -> 0 | O45: =SUM(O30:O44) -> 0 | P45: =SUM(J45:O45) -> 0 | Q45: =SUM(Q30:Q44) -> 0 | R45: =SUM(R30:R44) -> 0 | S45: =SUM(S30:S44) -> 0 | T45: =SUM(T30:T44) -> 0 | U45: =SUM(U30:U44) -> 0 | V45: =SUM(V30:V44) -> 0 | W45: =SUM(Q45:V45) -> 0 | X45: =SUM(X30:X44) -> 0 | Y45: =SUM(Y30:Y44) -> 0 | Z45: =SUM(Z30:Z44) -> 0 | AA45: =SUM(AA30:AA44) -> 0 | AB45: =SUM(AB30:AB44) -> 0 | AC45: =SUM(AC30:AC44) -> 0 | AD45: =SUM(X45:AC45) -> 0
A48: No. | B48: NAMA FASKES | C48: SEPTEMBER | J48: OKTOBER | Q48: NOVEMBER | X48: DESEMBER
C49: UMUM | E49: BPJS/KIS | G49: SKTM | I49: TOTAL | J49: UMUM | L49: BPJS/KIS | N49: SKTM | P49: TOTAL | Q49: UMUM | S49: BPJS/KIS | U49: SKTM | W49: TOTAL | X49: UMUM | Z49: BPJS/KIS | AB49: SKTM | AD49: TOTAL
C50: L | D50: P | E50: L | F50: P | G50: L | H50: P | J50: L | K50: P | L50: L | M50: P | N50: L | O50: P | Q50: L | R50: P | S50: L | T50: P | U50: L | V50: P | X50: L | Y50: P | Z50: L | AA50: P | AB50: L | AC50: P
A51: 1 | B51: RSUD KAB. ROTE NDAO | I51: =SUM(C51:H51) -> 0 | P51: =SUM(J51:O51) -> 0 | W51: =SUM(Q51:V51) -> 0 | AD51: =SUM(X51:AC51) -> 0
A52: 2 | B52: RSUD PROF DR WZ JOHANNES | I52: =SUM(C52:H52) -> 0 | P52: =SUM(J52:O52) -> 0 | W52: =SUM(Q52:V52) -> 0 | AD52: =SUM(X52:AC52) -> 0
A53: 3 | B53: RS BHAYANGKARA KUPANG | I53: =SUM(C53:H53) -> 0 | P53: =SUM(J53:O53) -> 0 | W53: =SUM(Q53:V53) -> 0 | AD53: =SUM(X53:AC53) -> 0
A54: 4 | B54: RS KARTINI KUPANG | I54: =SUM(C54:H54) -> 0 | P54: =SUM(J54:O54) -> 0 | W54: =SUM(Q54:V54) -> 0 | AD54: =SUM(X54:AC54) -> 0
A55: 5 | B55: RS ST. CAROLUS BORROMEUS | I55: =SUM(C55:H55) -> 0 | P55: =SUM(J55:O55) -> 0 | W55: =SUM(Q55:V55) -> 0 | AD55: =SUM(X55:AC55) -> 0
A56: 6 | B56: RSU LEONA KUPANG | I56: =SUM(C56:H56) -> 0 | P56: =SUM(J56:O56) -> 0 | W56: =SUM(Q56:V56) -> 0 | AD56: =SUM(X56:AC56) -> 0
A57: 7 | B57: RSU SILOAM KUPANG | I57: =SUM(C57:H57) -> 0 | P57: =SUM(J57:O57) -> 0 | W57: =SUM(Q57:V57) -> 0 | AD57: =SUM(X57:AC57) -> 0
A58: 8 | B58: RUMAH SAKIT TK. III WIRASAKTI | I58: =SUM(C58:H58) -> 0 | P58: =SUM(J58:O58) -> 0 | W58: =SUM(Q58:V58) -> 0 | AD58: =SUM(X58:AC58) -> 0
A59: 9 | B59: RSJ NAIMATA | I59: =SUM(C59:H59) -> 0 | P59: =SUM(J59:O59) -> 0 | W59: =SUM(Q59:V59) -> 0 | AD59: =SUM(X59:AC59) -> 0
A60: 10 | B60: RS MAMAMI | I60: =SUM(C60:H60) -> 0 | P60: =SUM(J60:O60) -> 0 | W60: =SUM(Q60:V60) -> 0 | AD60: =SUM(X60:AC60) -> 0
A61: 11 | B61: RSUD S.K. LERIK | I61: =SUM(C61:H61) -> 0 | P61: =SUM(J61:O61) -> 0 | W61: =SUM(Q61:V61) -> 0 | AD61: =SUM(X61:AC61) -> 0
A62: 12 | B62: KU DEWANTA MENTAL JIWA HEALTH CARE | I62: =SUM(C62:H62) -> 0 | P62: =SUM(J62:O62) -> 0 | W62: =SUM(Q62:V62) -> 0 | AD62: =SUM(X62:AC62) -> 0
... A65: 15 | B65: RSUP Dr. BEN MBOI KUPANG | I65: =SUM(C65:H65) -> 0 | P65: =SUM(J65:O65) -> 0 | W65: =SUM(Q65:V65) -> 0 | AD65: =SUM(X65:AC65) -> 0
A66: TOTAL | C66: =SUM(C51:C65) -> 0 | D66: =SUM(D51:D65) -> 0 | E66: =SUM(E51:E65) -> 0 | F66: =SUM(F51:F65) -> 0 | G66: =SUM(G51:G65) -> 0 | H66: =SUM(H51:H65) -> 0 | I66: =SUM(C66:H66) -> 0 | J66: =SUM(J51:J65) -> 0 | K66: =SUM(K51:K65) -> 0 | L66: =SUM(L51:L65) -> 0 | M66: =SUM(M51:M65) -> 0 | N66: =SUM(N51:N65) -> 0 | O66: =SUM(O51:O65) -> 0 | P66: =SUM(J66:O66) -> 0 | Q66: =SUM(Q51:Q65) -> 0 | R66: =SUM(R51:R65) -> 0 | S66: =SUM(S51:S65) -> 0 | T66: =SUM(T51:T65) -> 0 | U66: =SUM(U51:U65) -> 0 | V66: =SUM(V51:V65) -> 0 | W66: =SUM(Q66:V66) -> 0 | X66: =SUM(X51:X65) -> 0 | Y66: =SUM(Y51:Y65) -> 0 | Z66: =SUM(Z51:Z65) -> 0 | AA66: =SUM(AA51:AA65) -> 0 | AB66: =SUM(AB51:AB65) -> 0 | AC66: =SUM(AC51:AC65) -> 0 | AD66: =SUM(X66:AC66) -> 0

Sheet EAHUN
A2: LAPORAN RUJUKAN
A3: DI PUSKESMAS EAHUN
A4: TAHUN 2026
A6: No. | B6: NAMA FASKES | C6: JANUARI | J6: FEBRUARI | Q6: MARET | X6: APRIL
C7: UMUM | E7: BPJS/KIS | G7: SKTM | I7: TOTAL | J7: UMUM | L7: BPJS/KIS | N7: SKTM | P7: 1 | Q7: UMUM | S7: BPJS/KIS | U7: SKTM | W7: TOTAL | X7: UMUM | Z7: BPJS/KIS | AB7: SKTM | AD7: TOTAL
C8: L | D8: P | E8: L | F8: P | G8: L | H8: P | J8: L | K8: P | L8: L | M8: P | N8: L | O8: P | Q8: L | R8: P | S8: L | T8: P | U8: L | V8: P | X8: L | Y8: P | Z8: L | AA8: P | AB8: L | AC8: P
A9: 1 | B9: RSUD KAB. ROTE NDAO | C9: 1 | D9: 1 | E9: 1 | F9: 1 | I9: =SUM(C9:H9) -> 4 | J9: 2 | L9: 2 | M9: 1 | P9: =SUM(J9:O9) -> 5 | Q9: 2 | R9: 1 | S9: 1 | W9: =SUM(Q9:V9) -> 4 | X9: 1 | Y9: 2 | AA9: 1 | AD9: =SUM(X9:AC9) -> 4
A10: 2 | B10: RSUD PROF DR WZ JOHANNES | F10: 1 | I10: =SUM(C10:H10) -> 1 | M10: 2 | P10: =SUM(J10:O10) -> 2 | T10: 1 | W10: =SUM(Q10:V10) -> 1 | AA10: 1 | AD10: =SUM(X10:AC10) -> 1
A11: 3 | B11: RS BHAYANGKARA KUPANG | E11: 1 | F11: 1 | I11: =SUM(C11:H11) -> 2 | L11: 1 | M11: 3 | P11: =SUM(J11:O11) -> 4 | S11: 1 | T11: 1 | W11: =SUM(Q11:V11) -> 2 | AD11: =SUM(X11:AC11) -> 0
A12: 4 | B12: RS KARTINI KUPANG | E12: 2 | F12: 3 | I12: =SUM(C12:H12) -> 5 | L12: 2 | P12: =SUM(J12:O12) -> 2 | S12: 3 | T12: 3 | W12: =SUM(Q12:V12) -> 6 | Z12: 2 | AA12: 2 | AD12: =SUM(X12:AC12) -> 4
A13: 5 | B13: RS ST. CAROLUS BORROMEUS | I13: =SUM(C13:H13) -> 0 | P13: =SUM(J13:O13) -> 0 | W13: =SUM(Q13:V13) -> 0 | AD13: =SUM(X13:AC13) -> 0
A14: 6 | B14: RSU LEONA KUPANG | E14: 3 | F14: 5 | I14: =SUM(C14:H14) -> 8 | L14: 3 | M14: 4 | P14: =SUM(J14:O14) -> 7 | S14: 2 | T14: 3 | W14: =SUM(Q14:V14) -> 5 | Z14: 5 | AA14: 5 | AD14: =SUM(X14:AC14) -> 10
A15: 7 | B15: RSU SILOAM KUPANG | F15: 1 | I15: =SUM(C15:H15) -> 1 | P15: =SUM(J15:O15) -> 0 | T15: 1 | W15: =SUM(Q15:V15) -> 1 | Z15: 1 | AD15: =SUM(X15:AC15) -> 1
A16: 8 | B16: RUMAH SAKIT TK. III WIRASAKTI | E16: 1 | F16: 1 | I16: =SUM(C16:H16) -> 2 | M16: 3 | P16: =SUM(J16:O16) -> 3 | S16: 1 | T16: 1 | W16: =SUM(Q16:V16) -> 2 | Z16: 3 | AA16: 2 | AD16: =SUM(X16:AC16) -> 5
A17: 9 | B17: RSJ NAIMATA | I17: =SUM(C17:H17) -> 0 | P17: =SUM(J17:O17) -> 0 | W17: =SUM(Q17:V17) -> 0 | Z17: 1 | AD17: =SUM(X17:AC17) -> 1
A18: 10 | B18: RS MAMAMI | I18: =SUM(C18:H18) -> 0 | L18: 1 | M18: 1 | P18: =SUM(J18:O18) -> 2 | S18: 1 | W18: =SUM(Q18:V18) -> 1 | AA18: 1 | AD18: =SUM(X18:AC18) -> 1
A19: 11 | B19: RSUD S.K. LERIK | F19: 2 | I19: =SUM(C19:H19) -> 2 | M19: 1 | P19: =SUM(J19:O19) -> 1 | W19: =SUM(Q19:V19) -> 0 | AA19: 1 | AD19: =SUM(X19:AC19) -> 1
A20: 12 | B20: KU DEWANTA MENTAL JIWA HEALTH CARE | I20: =SUM(C20:H20) -> 0 | P20: =SUM(J20:O20) -> 0 | W20: =SUM(Q20:V20) -> 0 | AD20: =SUM(X20:AC20) -> 0
A21: 13 | B21: RSIA DEDARI | E21: 1 | F21: 3 | I21: =SUM(C21:H21) -> 4 | K21: 1 | M21: 4 | P21: =SUM(J21:O21) -> 5 | T21: 2 | W21: =SUM(Q21:V21) -> 2 | AA21: 2 | AD21: =SUM(X21:AC21) -> 2
A22: 14 | B22: RSAL SAMUEL J MOEDA | I22: =SUM(C22:H22) -> 0 | P22: =SUM(J22:O22) -> 0 | S22: 1 | W22: =SUM(Q22:V22) -> 1 | AD22: =SUM(X22:AC22) -> 0
A23: 15 | B23: RSUP Dr. BEN MBOI KUPANG | I23: =SUM(C23:H23) -> 0 | P23: =SUM(J23:O23) -> 0 | W23: =SUM(Q23:V23) -> 0 | Z23: 1 | AD23: =SUM(X23:AC23) -> 1
A24: TOTAL | C24: =SUM(C9:C23) -> 1 | D24: =SUM(D9:D23) -> 1 | E24: =SUM(E9:E23) -> 9 | F24: =SUM(F9:F23) -> 18 | G24: =SUM(G9:G23) -> 0 | H24: =SUM(H9:H23) -> 0 | I24: =SUM(C24:H24) -> 29 | J24: =SUM(J9:J23) -> 2 | K24: =SUM(K9:K23) -> 1 | L24: =SUM(L9:L23) -> 9 | M24: =SUM(M9:M23) -> 19 | N24: =SUM(N9:N23) -> 0 | O24: =SUM(O9:O23) -> 0 | P24: =SUM(J24:O24) -> 31 | Q24: =SUM(Q9:Q23) -> 2 | R24: =SUM(R9:R23) -> 1 | S24: =SUM(S9:S23) -> 10 | T24: =SUM(T9:T23) -> 12 | U24: =SUM(U9:U23) -> 0 | V24: =SUM(V9:V23) -> 0 | W24: =SUM(Q24:V24) -> 25 | X24: =SUM(X9:X23) -> 1 | Y24: =SUM(Y9:Y23) -> 2 | Z24: =SUM(Z9:Z23) -> 13 | AA24: =SUM(AA9:AA23) -> 15 | AB24: =SUM(AB9:AB23) -> 0 | AC24: =SUM(AC9:AC23) -> 0 | AD24: =SUM(X24:AC24) -> 31
A27: No. | B27: NAMA FASKES | C27: MEI | J27: JUNI | Q27: JULI | X27: AGUSTUS
C28: UMUM | E28: BPJS/KIS | G28: SKTM | I28: TOTAL | J28: UMUM | L28: BPJS/KIS | N28: SKTM | P28: TOTAL | Q28: UMUM | S28: BPJS/KIS | U28: SKTM | W28: TOTAL | X28: UMUM | Z28: BPJS/KIS | AB28: SKTM | AD28: TOTAL
C29: L | D29: P | E29: L | F29: P | G29: L | H29: P | J29: L | K29: P | L29: L | M29: P | N29: L | O29: P | Q29: L | R29: P | S29: L | T29: P | U29: L | V29: P | X29: L | Y29: P | Z29: L | AA29: P | AB29: L | AC29: P
A30: 1 | B30: RSUD KAB. ROTE NDAO | I30: =SUM(C30:H30) -> 0 | P30: =SUM(J30:O30) -> 0 | W30: =SUM(Q30:V30) -> 0 | AD30: =SUM(X30:AC30) -> 0
A31: 2 | B31: RSUD PROF DR WZ JOHANNES | I31: =SUM(C31:H31) -> 0 | P31: =SUM(J31:O31) -> 0 | W31: =SUM(Q31:V31) -> 0 | AD31: =SUM(X31:AC31) -> 0
A32: 3 | B32: RS BHAYANGKARA KUPANG | I32: =SUM(C32:H32) -> 0 | P32: =SUM(J32:O32) -> 0 | W32: =SUM(Q32:V32) -> 0 | AD32: =SUM(X32:AC32) -> 0
A33: 4 | B33: RS KARTINI KUPANG | I33: =SUM(C33:H33) -> 0 | P33: =SUM(J33:O33) -> 0 | W33: =SUM(Q33:V33) -> 0 | AD33: =SUM(X33:AC33) -> 0
A34: 5 | B34: RS ST. CAROLUS BORROMEUS | I34: =SUM(C34:H34) -> 0 | P34: =SUM(J34:O34) -> 0 | W34: =SUM(Q34:V34) -> 0 | AD34: =SUM(X34:AC34) -> 0
A35: 6 | B35: RSU LEONA KUPANG | I35: =SUM(C35:H35) -> 0 | P35: =SUM(J35:O35) -> 0 | W35: =SUM(Q35:V35) -> 0 | AD35: =SUM(X35:AC35) -> 0
A36: 7 | B36: RSU SILOAM KUPANG | I36: =SUM(C36:H36) -> 0 | P36: =SUM(J36:O36) -> 0 | W36: =SUM(Q36:V36) -> 0 | AD36: =SUM(X36:AC36) -> 0
A37: 8 | B37: RUMAH SAKIT TK. III WIRASAKTI | I37: =SUM(C37:H37) -> 0 | P37: =SUM(J37:O37) -> 0 | W37: =SUM(Q37:V37) -> 0 | AD37: =SUM(X37:AC37) -> 0
A38: 9 | B38: RSJ NAIMATA | I38: =SUM(C38:H38) -> 0 | P38: =SUM(J38:O38) -> 0 | W38: =SUM(Q38:V38) -> 0 | AD38: =SUM(X38:AC38) -> 0
A39: 10 | B39: RS MAMAMI | I39: =SUM(C39:H39) -> 0 | P39: =SUM(J39:O39) -> 0 | W39: =SUM(Q39:V39) -> 0 | AD39: =SUM(X39:AC39) -> 0
A40: 11 | B40: RSUD S.K. LERIK | I40: =SUM(C40:H40) -> 0 | P40: =SUM(J40:O40) -> 0 | W40: =SUM(Q40:V40) -> 0 | AD40: =SUM(X40:AC40) -> 0
A41: 12 | B41: KU DEWANTA MENTAL JIWA HEALTH CARE | I41: =SUM(C41:H41) -> 0 | P41: =SUM(J41:O41) -> 0 | W41: =SUM(Q41:V41) -> 0 | AD41: =SUM(X41:AC41) -> 0
... A44: 15 | B44: RSUP Dr. BEN MBOI KUPANG | I44: =SUM(C44:H44) -> 0 | P44: =SUM(J44:O44) -> 0 | W44: =SUM(Q44:V44) -> 0 | AD44: =SUM(X44:AC44) -> 0
A45: TOTAL | C45: =SUM(C30:C44) -> 0 | D45: =SUM(D30:D44) -> 0 | E45: =SUM(E30:E44) -> 0 | F45: =SUM(F30:F44) -> 0 | G45: =SUM(G30:G44) -> 0 | H45: =SUM(H30:H44) -> 0 | I45: =SUM(C45:H45) -> 0 | J45: =SUM(J30:J44) -> 0 | K45: =SUM(K30:K44) -> 0 | L45: =SUM(L30:L44) -> 0 | M45: =SUM(M30:M44) -> 0 | N45: =SUM(N30:N44) -> 0 | O45: =SUM(O30:O44) -> 0 | P45: =SUM(J45:O45) -> 0 | Q45: =SUM(Q30:Q44) -> 0 | R45: =SUM(R30:R44) -> 0 | S45: =SUM(S30:S44) -> 0 | T45: =SUM(T30:T44) -> 0 | U45: =SUM(U30:U44) -> 0 | V45: =SUM(V30:V44) -> 0 | W45: =SUM(Q45:V45) -> 0 | X45: =SUM(X30:X44) -> 0 | Y45: =SUM(Y30:Y44) -> 0 | Z45: =SUM(Z30:Z44) -> 0 | AA45: =SUM(AA30:AA44) -> 0 | AB45: =SUM(AB30:AB44) -> 0 | AC45: =SUM(AC30:AC44) -> 0 | AD45: =SUM(X45:AC45) -> 0
A48: No. | B48: NAMA FASKES | C48: SEPTEMBER | J48: OKTOBER | Q48: NOVEMBER | X48: DESEMBER
C49: UMUM | E49: BPJS/KIS | G49: SKTM | I49: TOTAL | J49: UMUM | L49: BPJS/KIS | N49: SKTM | P49: TOTAL | Q49: UMUM | S49: BPJS/KIS | U49: SKTM | W49: TOTAL | X49: UMUM | Z49: BPJS/KIS | AB49: SKTM | AD49: TOTAL
C50: L | D50: P | E50: L | F50: P | G50: L | H50: P | J50: L | K50: P | L50: L | M50: P | N50: L | O50: P | Q50: L | R50: P | S50: L | T50: P | U50: L | V50: P | X50: L | Y50: P | Z50: L | AA50: P | AB50: L | AC50: P
A51: 1 | B51: RSUD KAB. ROTE NDAO | I51: =SUM(C51:H51) -> 0 | P51: =SUM(J51:O51) -> 0 | W51: =SUM(Q51:V51) -> 0 | AD51: =SUM(X51:AC51) -> 0
A52: 2 | B52: RSUD PROF DR WZ JOHANNES | I52: =SUM(C52:H52) -> 0 | P52: =SUM(J52:O52) -> 0 | W52: =SUM(Q52:V52) -> 0 | AD52: =SUM(X52:AC52) -> 0
A53: 3 | B53: RS BHAYANGKARA KUPANG | I53: =SUM(C53:H53) -> 0 | P53: =SUM(J53:O53) -> 0 | W53: =SUM(Q53:V53) -> 0 | AD53: =SUM(X53:AC53) -> 0
A54: 4 | B54: RS KARTINI KUPANG | I54: =SUM(C54:H54) -> 0 | P54: =SUM(J54:O54) -> 0 | W54: =SUM(Q54:V54) -> 0 | AD54: =SUM(X54:AC54) -> 0
A55: 5 | B55: RS ST. CAROLUS BORROMEUS | I55: =SUM(C55:H55) -> 0 | P55: =SUM(J55:O55) -> 0 | W55: =SUM(Q55:V55) -> 0 | AD55: =SUM(X55:AC55) -> 0
A56: 6 | B56: RSU LEONA KUPANG | I56: =SUM(C56:H56) -> 0 | P56: =SUM(J56:O56) -> 0 | W56: =SUM(Q56:V56) -> 0 | AD56: =SUM(X56:AC56) -> 0
A57: 7 | B57: RSU SILOAM KUPANG | I57: =SUM(C57:H57) -> 0 | P57: =SUM(J57:O57) -> 0 | W57: =SUM(Q57:V57) -> 0 | AD57: =SUM(X57:AC57) -> 0
A58: 8 | B58: RUMAH SAKIT TK. III WIRASAKTI | I58: =SUM(C58:H58) -> 0 | P58: =SUM(J58:O58) -> 0 | W58: =SUM(Q58:V58) -> 0 | AD58: =SUM(X58:AC58) -> 0
A59: 9 | B59: RSJ NAIMATA | I59: =SUM(C59:H59) -> 0 | P59: =SUM(J59:O59) -> 0 | W59: =SUM(Q59:V59) -> 0 | AD59: =SUM(X59:AC59) -> 0
A60: 10 | B60: RS MAMAMI | I60: =SUM(C60:H60) -> 0 | P60: =SUM(J60:O60) -> 0 | W60: =SUM(Q60:V60) -> 0 | AD60: =SUM(X60:AC60) -> 0
A61: 11 | B61: RSUD S.K. LERIK | I61: =SUM(C61:H61) -> 0 | P61: =SUM(J61:O61) -> 0 | W61: =SUM(Q61:V61) -> 0 | AD61: =SUM(X61:AC61) -> 0
A62: 12 | B62: KU DEWANTA MENTAL JIWA HEALTH CARE | I62: =SUM(C62:H62) -> 0 | P62: =SUM(J62:O62) -> 0 | W62: =SUM(Q62:V62) -> 0 | AD62: =SUM(X62:AC62) -> 0
... A65: 15 | B65: RSUP Dr. BEN MBOI KUPANG | I65: =SUM(C65:H65) -> 0 | P65: =SUM(J65:O65) -> 0 | W65: =SUM(Q65:V65) -> 0 | AD65: =SUM(X65:AC65) -> 0
A66: TOTAL | C66: =SUM(C51:C65) -> 0 | D66: =SUM(D51:D65) -> 0 | E66: =SUM(E51:E65) -> 0 | F66: =SUM(F51:F65) -> 0 | G66: =SUM(G51:G65) -> 0 | H66: =SUM(H51:H65) -> 0 | I66: =SUM(C66:H66) -> 0 | J66: =SUM(J51:J65) -> 0 | K66: =SUM(K51:K65) -> 0 | L66: =SUM(L51:L65) -> 0 | M66: =SUM(M51:M65) -> 0 | N66: =SUM(N51:N65) -> 0 | O66: =SUM(O51:O65) -> 0 | P66: =SUM(J66:O66) -> 0 | Q66: =SUM(Q51:Q65) -> 0 | R66: =SUM(R51:R65) -> 0 | S66: =SUM(S51:S65) -> 0 | T66: =SUM(T51:T65) -> 0 | U66: =SUM(U51:U65) -> 0 | V66: =SUM(V51:V65) -> 0 | W66: =SUM(Q66:V66) -> 0 | X66: =SUM(X51:X65) -> 0 | Y66: =SUM(Y51:Y65) -> 0 | Z66: =SUM(Z51:Z65) -> 0 | AA66: =SUM(AA51:AA65) -> 0 | AB66: =SUM(AB51:AB65) -> 0 | AC66: =SUM(AC51:AC65) -> 0 | AD66: =SUM(X66:AC66) -> 0

Sheet FEAPOPI
A2: LAPORAN RUJUKAN
A3: DI PUSKESMAS FEAPOPI
A4: TAHUN 2026
A6: No. | B6: NAMA FASKES | C6: JANUARI | J6: FEBRUARI | Q6: MARET | X6: APRIL
C7: UMUM | E7: BPJS/KIS | G7: SKTM | I7: TOTAL | J7: UMUM | L7: BPJS/KIS | N7: SKTM | P7: TOTAL | Q7: UMUM | S7: BPJS/KIS | U7: SKTM | W7: TOTAL | X7: UMUM | Z7: BPJS/KIS | AB7: SKTM | AD7: TOTAL
C8: L | D8: P | E8: L | F8: P | G8: L | H8: P | J8: L | K8: P | L8: L | M8: P | N8: L | O8: P | Q8: L | R8: P | S8: L | T8: P | U8: L | V8: P | X8: L | Y8: P | Z8: L | AA8: P | AB8: L | AC8: P
A9: 1 | B9: RSUD KAB. ROTE NDAO | I9: =SUM(C9:H9) -> 0 | P9: =SUM(J9:O9) -> 0 | W9: =SUM(Q9:V9) -> 0 | AD9: =SUM(X9:AC9) -> 0
A10: 2 | B10: RSUD PROF DR WZ JOHANNES | I10: =SUM(C10:H10) -> 0 | P10: =SUM(J10:O10) -> 0 | W10: =SUM(Q10:V10) -> 0 | AD10: =SUM(X10:AC10) -> 0
A11: 3 | B11: RS BHAYANGKARA KUPANG | I11: =SUM(C11:H11) -> 0 | P11: =SUM(J11:O11) -> 0 | W11: =SUM(Q11:V11) -> 0 | AD11: =SUM(X11:AC11) -> 0
A12: 4 | B12: RS KARTINI KUPANG | I12: =SUM(C12:H12) -> 0 | P12: =SUM(J12:O12) -> 0 | W12: =SUM(Q12:V12) -> 0 | AD12: =SUM(X12:AC12) -> 0
A13: 5 | B13: RS ST. CAROLUS BORROMEUS | I13: =SUM(C13:H13) -> 0 | P13: =SUM(J13:O13) -> 0 | W13: =SUM(Q13:V13) -> 0 | AD13: =SUM(X13:AC13) -> 0
A14: 6 | B14: RSU LEONA KUPANG | I14: =SUM(C14:H14) -> 0 | P14: =SUM(J14:O14) -> 0 | W14: =SUM(Q14:V14) -> 0 | AD14: =SUM(X14:AC14) -> 0
A15: 7 | B15: RSU SILOAM KUPANG | I15: =SUM(C15:H15) -> 0 | P15: =SUM(J15:O15) -> 0 | W15: =SUM(Q15:V15) -> 0 | AD15: =SUM(X15:AC15) -> 0
A16: 8 | B16: RUMAH SAKIT TK. III WIRASAKTI | I16: =SUM(C16:H16) -> 0 | P16: =SUM(J16:O16) -> 0 | W16: =SUM(Q16:V16) -> 0 | AD16: =SUM(X16:AC16) -> 0
A17: 9 | B17: RSJ NAIMATA | I17: =SUM(C17:H17) -> 0 | P17: =SUM(J17:O17) -> 0 | W17: =SUM(Q17:V17) -> 0 | AD17: =SUM(X17:AC17) -> 0
A18: 10 | B18: RS MAMAMI | I18: =SUM(C18:H18) -> 0 | P18: =SUM(J18:O18) -> 0 | W18: =SUM(Q18:V18) -> 0 | AD18: =SUM(X18:AC18) -> 0
A19: 11 | B19: RSUD S.K. LERIK | I19: =SUM(C19:H19) -> 0 | P19: =SUM(J19:O19) -> 0 | W19: =SUM(Q19:V19) -> 0 | AD19: =SUM(X19:AC19) -> 0
A20: 12 | B20: KU DEWANTA MENTAL JIWA HEALTH CARE | I20: =SUM(C20:H20) -> 0 | P20: =SUM(J20:O20) -> 0 | W20: =SUM(Q20:V20) -> 0 | AD20: =SUM(X20:AC20) -> 0
... A23: 15 | B23: RSUP Dr. BEN MBOI KUPANG | I23: =SUM(C23:H23) -> 0 | P23: =SUM(J23:O23) -> 0 | W23: =SUM(Q23:V23) -> 0 | AD23: =SUM(X23:AC23) -> 0
A24: TOTAL | C24: =SUM(C9:C23) -> 0 | D24: =SUM(D9:D23) -> 0 | E24: =SUM(E9:E23) -> 0 | F24: =SUM(F9:F23) -> 0 | G24: =SUM(G9:G23) -> 0 | H24: =SUM(H9:H23) -> 0 | I24: =SUM(C24:H24) -> 0 | J24: =SUM(J9:J23) -> 0 | K24: =SUM(K9:K23) -> 0 | L24: =SUM(L9:L23) -> 0 | M24: =SUM(M9:M23) -> 0 | N24: =SUM(N9:N23) -> 0 | O24: =SUM(O9:O23) -> 0 | P24: =SUM(J24:O24) -> 0 | Q24: =SUM(Q9:Q23) -> 0 | R24: =SUM(R9:R23) -> 0 | S24: =SUM(S9:S23) -> 0 | T24: =SUM(T9:T23) -> 0 | U24: =SUM(U9:U23) -> 0 | V24: =SUM(V9:V23) -> 0 | W24: =SUM(Q24:V24) -> 0 | X24: =SUM(X9:X23) -> 0 | Y24: =SUM(Y9:Y23) -> 0 | Z24: =SUM(Z9:Z23) -> 0 | AA24: =SUM(AA9:AA23) -> 0 | AB24: =SUM(AB9:AB23) -> 0 | AC24: =SUM(AC9:AC23) -> 0 | AD24: =SUM(X24:AC24) -> 0
A27: No. | B27: NAMA FASKES | C27: MEI | J27: JUNI | Q27: JULI | X27: AGUSTUS
C28: UMUM | E28: BPJS/KIS | G28: SKTM | I28: TOTAL | J28: UMUM | L28: BPJS/KIS | N28: SKTM | P28: TOTAL | Q28: UMUM | S28: BPJS/KIS | U28: SKTM | W28: TOTAL | X28: UMUM | Z28: BPJS/KIS | AB28: SKTM | AD28: TOTAL
C29: L | D29: P | E29: L | F29: P | G29: L | H29: P | J29: L | K29: P | L29: L | M29: P | N29: L | O29: P | Q29: L | R29: P | S29: L | T29: P | U29: L | V29: P | X29: L | Y29: P | Z29: L | AA29: P | AB29: L | AC29: P
A30: 1 | B30: RSUD KAB. ROTE NDAO | I30: =SUM(C30:H30) -> 0 | P30: =SUM(J30:O30) -> 0 | W30: =SUM(Q30:V30) -> 0 | AD30: =SUM(X30:AC30) -> 0
A31: 2 | B31: RSUD PROF DR WZ JOHANNES | I31: =SUM(C31:H31) -> 0 | P31: =SUM(J31:O31) -> 0 | W31: =SUM(Q31:V31) -> 0 | AD31: =SUM(X31:AC31) -> 0
A32: 3 | B32: RS BHAYANGKARA KUPANG | I32: =SUM(C32:H32) -> 0 | P32: =SUM(J32:O32) -> 0 | W32: =SUM(Q32:V32) -> 0 | AD32: =SUM(X32:AC32) -> 0
A33: 4 | B33: RS KARTINI KUPANG | I33: =SUM(C33:H33) -> 0 | P33: =SUM(J33:O33) -> 0 | W33: =SUM(Q33:V33) -> 0 | AD33: =SUM(X33:AC33) -> 0
A34: 5 | B34: RS ST. CAROLUS BORROMEUS | I34: =SUM(C34:H34) -> 0 | P34: =SUM(J34:O34) -> 0 | W34: =SUM(Q34:V34) -> 0 | AD34: =SUM(X34:AC34) -> 0
A35: 6 | B35: RSU LEONA KUPANG | I35: =SUM(C35:H35) -> 0 | P35: =SUM(J35:O35) -> 0 | W35: =SUM(Q35:V35) -> 0 | AD35: =SUM(X35:AC35) -> 0
A36: 7 | B36: RSU SILOAM KUPANG | I36: =SUM(C36:H36) -> 0 | P36: =SUM(J36:O36) -> 0 | W36: =SUM(Q36:V36) -> 0 | AD36: =SUM(X36:AC36) -> 0
A37: 8 | B37: RUMAH SAKIT TK. III WIRASAKTI | I37: =SUM(C37:H37) -> 0 | P37: =SUM(J37:O37) -> 0 | W37: =SUM(Q37:V37) -> 0 | AD37: =SUM(X37:AC37) -> 0
A38: 9 | B38: RSJ NAIMATA | I38: =SUM(C38:H38) -> 0 | P38: =SUM(J38:O38) -> 0 | W38: =SUM(Q38:V38) -> 0 | AD38: =SUM(X38:AC38) -> 0
A39: 10 | B39: RS MAMAMI | I39: =SUM(C39:H39) -> 0 | P39: =SUM(J39:O39) -> 0 | W39: =SUM(Q39:V39) -> 0 | AD39: =SUM(X39:AC39) -> 0
A40: 11 | B40: RSUD S.K. LERIK | I40: =SUM(C40:H40) -> 0 | P40: =SUM(J40:O40) -> 0 | W40: =SUM(Q40:V40) -> 0 | AD40: =SUM(X40:AC40) -> 0
A41: 12 | B41: KU DEWANTA MENTAL JIWA HEALTH CARE | I41: =SUM(C41:H41) -> 0 | P41: =SUM(J41:O41) -> 0 | W41: =SUM(Q41:V41) -> 0 | AD41: =SUM(X41:AC41) -> 0
... A44: 15 | B44: RSUP Dr. BEN MBOI KUPANG | I44: =SUM(C44:H44) -> 0 | P44: =SUM(J44:O44) -> 0 | W44: =SUM(Q44:V44) -> 0 | AD44: =SUM(X44:AC44) -> 0
A45: TOTAL | C45: =SUM(C30:C44) -> 0 | D45: =SUM(D30:D44) -> 0 | E45: =SUM(E30:E44) -> 0 | F45: =SUM(F30:F44) -> 0 | G45: =SUM(G30:G44) -> 0 | H45: =SUM(H30:H44) -> 0 | I45: =SUM(C45:H45) -> 0 | J45: =SUM(J30:J44) -> 0 | K45: =SUM(K30:K44) -> 0 | L45: =SUM(L30:L44) -> 0 | M45: =SUM(M30:M44) -> 0 | N45: =SUM(N30:N44) -> 0 | O45: =SUM(O30:O44) -> 0 | P45: =SUM(J45:O45) -> 0 | Q45: =SUM(Q30:Q44) -> 0 | R45: =SUM(R30:R44) -> 0 | S45: =SUM(S30:S44) -> 0 | T45: =SUM(T30:T44) -> 0 | U45: =SUM(U30:U44) -> 0 | V45: =SUM(V30:V44) -> 0 | W45: =SUM(Q45:V45) -> 0 | X45: =SUM(X30:X44) -> 0 | Y45: =SUM(Y30:Y44) -> 0 | Z45: =SUM(Z30:Z44) -> 0 | AA45: =SUM(AA30:AA44) -> 0 | AB45: =SUM(AB30:AB44) -> 0 | AC45: =SUM(AC30:AC44) -> 0 | AD45: =SUM(X45:AC45) -> 0
A48: No. | B48: NAMA FASKES | C48: SEPTEMBER | J48: OKTOBER | Q48: NOVEMBER | X48: DESEMBER
C49: UMUM | E49: BPJS/KIS | G49: SKTM | I49: TOTAL | J49: UMUM | L49: BPJS/KIS | N49: SKTM | P49: TOTAL | Q49: UMUM | S49: BPJS/KIS | U49: SKTM | W49: TOTAL | X49: UMUM | Z49: BPJS/KIS | AB49: SKTM | AD49: TOTAL
C50: L | D50: P | E50: L | F50: P | G50: L | H50: P | J50: L | K50: P | L50: L | M50: P | N50: L | O50: P | Q50: L | R50: P | S50: L | T50: P | U50: L | V50: P | X50: L | Y50: P | Z50: L | AA50: P | AB50: L | AC50: P
A51: 1 | B51: RSUD KAB. ROTE NDAO | I51: =SUM(C51:H51) -> 0 | P51: =SUM(J51:O51) -> 0 | W51: =SUM(Q51:V51) -> 0 | AD51: =SUM(X51:AC51) -> 0
A52: 2 | B52: RSUD PROF DR WZ JOHANNES | I52: =SUM(C52:H52) -> 0 | P52: =SUM(J52:O52) -> 0 | W52: =SUM(Q52:V52) -> 0 | AD52: =SUM(X52:AC52) -> 0
A53: 3 | B53: RS BHAYANGKARA KUPANG | I53: =SUM(C53:H53) -> 0 | P53: =SUM(J53:O53) -> 0 | W53: =SUM(Q53:V53) -> 0 | AD53: =SUM(X53:AC53) -> 0
A54: 4 | B54: RS KARTINI KUPANG | I54: =SUM(C54:H54) -> 0 | P54: =SUM(J54:O54) -> 0 | W54: =SUM(Q54:V54) -> 0 | AD54: =SUM(X54:AC54) -> 0
A55: 5 | B55: RS ST. CAROLUS BORROMEUS | I55: =SUM(C55:H55) -> 0 | P55: =SUM(J55:O55) -> 0 | W55: =SUM(Q55:V55) -> 0 | AD55: =SUM(X55:AC55) -> 0
A56: 6 | B56: RSU LEONA KUPANG | I56: =SUM(C56:H56) -> 0 | P56: =SUM(J56:O56) -> 0 | W56: =SUM(Q56:V56) -> 0 | AD56: =SUM(X56:AC56) -> 0
A57: 7 | B57: RSU SILOAM KUPANG | I57: =SUM(C57:H57) -> 0 | P57: =SUM(J57:O57) -> 0 | W57: =SUM(Q57:V57) -> 0 | AD57: =SUM(X57:AC57) -> 0
A58: 8 | B58: RUMAH SAKIT TK. III WIRASAKTI | I58: =SUM(C58:H58) -> 0 | P58: =SUM(J58:O58) -> 0 | W58: =SUM(Q58:V58) -> 0 | AD58: =SUM(X58:AC58) -> 0
A59: 9 | B59: RSJ NAIMATA | I59: =SUM(C59:H59) -> 0 | P59: =SUM(J59:O59) -> 0 | W59: =SUM(Q59:V59) -> 0 | AD59: =SUM(X59:AC59) -> 0
A60: 10 | B60: RS MAMAMI | I60: =SUM(C60:H60) -> 0 | P60: =SUM(J60:O60) -> 0 | W60: =SUM(Q60:V60) -> 0 | AD60: =SUM(X60:AC60) -> 0
A61: 11 | B61: RSUD S.K. LERIK | I61: =SUM(C61:H61) -> 0 | P61: =SUM(J61:O61) -> 0 | W61: =SUM(Q61:V61) -> 0 | AD61: =SUM(X61:AC61) -> 0
A62: 12 | B62: KU DEWANTA MENTAL JIWA HEALTH CARE | I62: =SUM(C62:H62) -> 0 | P62: =SUM(J62:O62) -> 0 | W62: =SUM(Q62:V62) -> 0 | AD62: =SUM(X62:AC62) -> 0
... A65: 15 | B65: RSUP Dr. BEN MBOI KUPANG | I65: =SUM(C65:H65) -> 0 | P65: =SUM(J65:O65) -> 0 | W65: =SUM(Q65:V65) -> 0 | AD65: =SUM(X65:AC65) -> 0
A66: TOTAL | C66: =SUM(C51:C65) -> 0 | D66: =SUM(D51:D65) -> 0 | E66: =SUM(E51:E65) -> 0 | F66: =SUM(F51:F65) -> 0 | G66: =SUM(G51:G65) -> 0 | H66: =SUM(H51:H65) -> 0 | I66: =SUM(C66:H66) -> 0 | J66: =SUM(J51:J65) -> 0 | K66: =SUM(K51:K65) -> 0 | L66: =SUM(L51:L65) -> 0 | M66: =SUM(M51:M65) -> 0 | N66: =SUM(N51:N65) -> 0 | O66: =SUM(O51:O65) -> 0 | P66: =SUM(J66:O66) -> 0 | Q66: =SUM(Q51:Q65) -> 0 | R66: =SUM(R51:R65) -> 0 | S66: =SUM(S51:S65) -> 0 | T66: =SUM(T51:T65) -> 0 | U66: =SUM(U51:U65) -> 0 | V66: =SUM(V51:V65) -> 0 | W66: =SUM(Q66:V66) -> 0 | X66: =SUM(X51:X65) -> 0 | Y66: =SUM(Y51:Y65) -> 0 | Z66: =SUM(Z51:Z65) -> 0 | AA66: =SUM(AA51:AA65) -> 0 | AB66: =SUM(AB51:AB65) -> 0 | AC66: =SUM(AC51:AC65) -> 0 | AD66: =SUM(X66:AC66) -> 0

Sheet KORBAFO
A1: 3
A2: LAPORAN RUJUKAN
A3: DI PUSKESMAS KORBAFO
A4: TAHUN 2026
A6: No. | B6: NAMA FASKES | C6: JANUARI | J6: FEBRUARI | Q6: MARET | X6: APRIL
C7: UMUM | E7: BPJS/KIS | G7: SKTM | I7: TOTAL | J7: UMUM | L7: BPJS/KIS | N7: SKTM | P7: TOTAL | Q7: UMUM | S7: BPJS/KIS | U7: SKTM | W7: TOTAL | X7: UMUM | Z7: BPJS/KIS | AB7: SKTM | AD7: TOTAL
C8: L | D8: P | E8: L | F8: P | G8: L | H8: P | J8: L | K8: P | L8: L | M8: P | N8: L | O8: P | Q8: L | R8: P | S8: L | T8: P | U8: L | V8: P | X8: L | Y8: P | Z8: L | AA8: P | AB8: L | AC8: P
A9: 1 | B9: RSUD KAB. ROTE NDAO | C9: 2 | D9: 1 | E9: 5 | F9: 20 | I9: =SUM(C9:H9) -> 28 | L9: 4 | M9: 7 | O9: 1 | P9: =SUM(J9:O9) -> 12 | Q9: 2 | R9: 4 | S9: 5 | T9: 3 | U9: 1 | W9: =SUM(Q9:V9) -> 15 | Y9: 5 | Z9: 2 | AA9: 7 | AD9: =SUM(X9:AC9) -> 14
A10: 2 | B10: RSUD PROF DR WZ JOHANNES | I10: =SUM(C10:H10) -> 0 | P10: =SUM(J10:O10) -> 0 | W10: =SUM(Q10:V10) -> 0 | Z10: 1 | AA10: 1 | AD10: =SUM(X10:AC10) -> 2
A11: 3 | B11: RS BHAYANGKARA KUPANG | I11: =SUM(C11:H11) -> 0 | P11: =SUM(J11:O11) -> 0 | W11: =SUM(Q11:V11) -> 0 | Z11: 1 | AD11: =SUM(X11:AC11) -> 1
A12: 4 | B12: RS KARTINI KUPANG | I12: =SUM(C12:H12) -> 0 | L12: 2 | M12: 3 | P12: =SUM(J12:O12) -> 5 | S12: 2 | T12: 2 | W12: =SUM(Q12:V12) -> 4 | Z12: 2 | AA12: 2 | AD12: =SUM(X12:AC12) -> 4
A13: 5 | B13: RS ST. CAROLUS BORROMEUS | I13: =SUM(C13:H13) -> 0 | M13: 3 | P13: =SUM(J13:O13) -> 3 | S13: 1 | W13: =SUM(Q13:V13) -> 1 | AA13: 1 | AD13: =SUM(X13:AC13) -> 1
A14: 6 | B14: RSU LEONA KUPANG | E14: 1 | F14: 4 | I14: =SUM(C14:H14) -> 5 | L14: 1 | M14: 5 | P14: =SUM(J14:O14) -> 6 | S14: 1 | T14: 5 | W14: =SUM(Q14:V14) -> 6 | Z14: 1 | AA14: 6 | AD14: =SUM(X14:AC14) -> 7
A15: 7 | B15: RSU SILOAM KUPANG | E15: 1 | I15: =SUM(C15:H15) -> 1 | L15: 3 | M15: 1 | P15: =SUM(J15:O15) -> 4 | S15: 2 | T15: 3 | W15: =SUM(Q15:V15) -> 5 | AA15: 1 | AD15: =SUM(X15:AC15) -> 1
A16: 8 | B16: RUMAH SAKIT TK. III WIRASAKTI | I16: =SUM(C16:H16) -> 0 | L16: 1 | M16: 2 | P16: =SUM(J16:O16) -> 3 | W16: =SUM(Q16:V16) -> 0 | AA16: 1 | AD16: =SUM(X16:AC16) -> 1
A17: 9 | B17: RSJ NAIMATA | C17: 1 | I17: =SUM(C17:H17) -> 1 | P17: =SUM(J17:O17) -> 0 | W17: =SUM(Q17:V17) -> 0 | AD17: =SUM(X17:AC17) -> 0
A18: 10 | B18: RS MAMAMI | I18: =SUM(C18:H18) -> 0 | L18: 1 | P18: =SUM(J18:O18) -> 1 | W18: =SUM(Q18:V18) -> 0 | AD18: =SUM(X18:AC18) -> 0
A19: 11 | B19: RSUD S.K. LERIK | E19: 1 | I19: =SUM(C19:H19) -> 1 | P19: =SUM(J19:O19) -> 0 | W19: =SUM(Q19:V19) -> 0 | Z19: 1 | AD19: =SUM(X19:AC19) -> 1
A20: 12 | B20: KU DEWANTA MENTAL JIWA HEALTH CARE | E20: 1 | I20: =SUM(C20:H20) -> 1 | P20: =SUM(J20:O20) -> 0 | W20: =SUM(Q20:V20) -> 0 | Z20: 1 | AD20: =SUM(X20:AC20) -> 1
A21: 13 | B21: RSIA DEDARI | I21: =SUM(C21:H21) -> 0 | P21: =SUM(J21:O21) -> 0 | W21: =SUM(Q21:V21) -> 0 | AA21: 1 | AD21: =SUM(X21:AC21) -> 1
A22: 14 | B22: RSAL SAMUEL J MOEDA | I22: =SUM(C22:H22) -> 0 | P22: =SUM(J22:O22) -> 0 | W22: =SUM(Q22:V22) -> 0 | AD22: =SUM(X22:AC22) -> 0
A23: 15 | B23: RSUP Dr. BEN MBOI KUPANG | I23: =SUM(C23:H23) -> 0 | P23: =SUM(J23:O23) -> 0 | W23: =SUM(Q23:V23) -> 0 | AD23: =SUM(X23:AC23) -> 0
A24: TOTAL | C24: =SUM(C9:C23) -> 3 | D24: =SUM(D9:D23) -> 1 | E24: =SUM(E9:E23) -> 9 | F24: =SUM(F9:F23) -> 24 | G24: =SUM(G9:G23) -> 0 | H24: =SUM(H9:H23) -> 0 | I24: =SUM(C24:H24) -> 37 | J24: =SUM(J9:J23) -> 0 | K24: =SUM(K9:K23) -> 0 | L24: =SUM(L9:L23) -> 12 | M24: =SUM(M9:M23) -> 21 | N24: =SUM(N9:N23) -> 0 | O24: =SUM(O9:O23) -> 1 | P24: =SUM(J24:O24) -> 34 | Q24: =SUM(Q9:Q23) -> 2 | R24: =SUM(R9:R23) -> 4 | S24: =SUM(S9:S23) -> 11 | T24: =SUM(T9:T23) -> 13 | U24: =SUM(U9:U23) -> 1 | V24: =SUM(V9:V23) -> 0 | W24: =SUM(Q24:V24) -> 31 | X24: =SUM(X9:X23) -> 0 | Y24: =SUM(Y9:Y23) -> 5 | Z24: =SUM(Z9:Z23) -> 9 | AA24: =SUM(AA9:AA23) -> 20 | AB24: =SUM(AB9:AB23) -> 0 | AC24: =SUM(AC9:AC23) -> 0 | AD24: =SUM(X24:AC24) -> 34
A27: No. | B27: NAMA FASKES | C27: MEI | J27: JUNI | Q27: JULI | X27: AGUSTUS
C28: UMUM | E28: BPJS/KIS | G28: SKTM | I28: TOTAL | J28: UMUM | L28: BPJS/KIS | N28: SKTM | P28: TOTAL | Q28: UMUM | S28: BPJS/KIS | U28: SKTM | W28: TOTAL | X28: UMUM | Z28: BPJS/KIS | AB28: SKTM | AD28: TOTAL
C29: L | D29: P | E29: L | F29: P | G29: L | H29: P | J29: L | K29: P | L29: L | M29: P | N29: L | O29: P | Q29: L | R29: P | S29: L | T29: P | U29: L | V29: P | X29: L | Y29: P | Z29: L | AA29: P | AB29: L | AC29: P
A30: 1 | B30: RSUD KAB. ROTE NDAO | D30: 4 | E30: 7 | F30: 5 | H30: 1 | I30: =SUM(C30:H30) -> 17 | J30: 2 | K30: 4 | L30: 12 | M30: 14 | P30: =SUM(J30:O30) -> 32 | W30: =SUM(Q30:V30) -> 0 | AD30: =SUM(X30:AC30) -> 0
A31: 2 | B31: RSUD PROF DR WZ JOHANNES | E31: 1 | F31: 2 | I31: =SUM(C31:H31) -> 3 | M31: 1 | P31: =SUM(J31:O31) -> 1 | W31: =SUM(Q31:V31) -> 0 | AD31: =SUM(X31:AC31) -> 0
A32: 3 | B32: RS BHAYANGKARA KUPANG | I32: =SUM(C32:H32) -> 0 | P32: =SUM(J32:O32) -> 0 | W32: =SUM(Q32:V32) -> 0 | AD32: =SUM(X32:AC32) -> 0
A33: 4 | B33: RS KARTINI KUPANG | E33: 1 | F33: 1 | I33: =SUM(C33:H33) -> 2 | L33: 1 | M33: 1 | P33: =SUM(J33:O33) -> 2 | W33: =SUM(Q33:V33) -> 0 | AD33: =SUM(X33:AC33) -> 0
A34: 5 | B34: RS ST. CAROLUS BORROMEUS | I34: =SUM(C34:H34) -> 0 | P34: =SUM(J34:O34) -> 0 | W34: =SUM(Q34:V34) -> 0 | AD34: =SUM(X34:AC34) -> 0
A35: 6 | B35: RSU LEONA KUPANG | E35: 2 | F35: 5 | I35: =SUM(C35:H35) -> 7 | L35: 1 | M35: 2 | P35: =SUM(J35:O35) -> 3 | W35: =SUM(Q35:V35) -> 0 | AD35: =SUM(X35:AC35) -> 0
A36: 7 | B36: RSU SILOAM KUPANG | E36: 5 | F36: 1 | I36: =SUM(C36:H36) -> 6 | L36: 3 | M36: 2 | P36: =SUM(J36:O36) -> 5 | W36: =SUM(Q36:V36) -> 0 | AD36: =SUM(X36:AC36) -> 0
A37: 8 | B37: RUMAH SAKIT TK. III WIRASAKTI | I37: =SUM(C37:H37) -> 0 | P37: =SUM(J37:O37) -> 0 | W37: =SUM(Q37:V37) -> 0 | AD37: =SUM(X37:AC37) -> 0
A38: 9 | B38: RSJ NAIMATA | I38: =SUM(C38:H38) -> 0 | P38: =SUM(J38:O38) -> 0 | W38: =SUM(Q38:V38) -> 0 | AD38: =SUM(X38:AC38) -> 0
A39: 10 | B39: RS MAMAMI | E39: 1 | I39: =SUM(C39:H39) -> 1 | P39: =SUM(J39:O39) -> 0 | W39: =SUM(Q39:V39) -> 0 | AD39: =SUM(X39:AC39) -> 0
A40: 11 | B40: RSUD S.K. LERIK | I40: =SUM(C40:H40) -> 0 | M40: 1 | P40: =SUM(J40:O40) -> 1 | W40: =SUM(Q40:V40) -> 0 | AD40: =SUM(X40:AC40) -> 0
A41: 12 | B41: KU DEWANTA MENTAL JIWA HEALTH CARE | I41: =SUM(C41:H41) -> 0 | P41: =SUM(J41:O41) -> 0 | W41: =SUM(Q41:V41) -> 0 | AD41: =SUM(X41:AC41) -> 0
A42: 13 | B42: RSIA DEDARI | I42: =SUM(C42:H42) -> 0 | M42: 1 | P42: =SUM(J42:O42) -> 1 | W42: =SUM(Q42:V42) -> 0 | AD42: =SUM(X42:AC42) -> 0
A43: 14 | B43: RSAL SAMUEL J MOEDA | I43: =SUM(C43:H43) -> 0 | P43: =SUM(J43:O43) -> 0 | W43: =SUM(Q43:V43) -> 0 | AD43: =SUM(X43:AC43) -> 0
A44: 15 | B44: RSUP Dr. BEN MBOI KUPANG | I44: =SUM(C44:H44) -> 0 | P44: =SUM(J44:O44) -> 0 | W44: =SUM(Q44:V44) -> 0 | AD44: =SUM(X44:AC44) -> 0
A45: TOTAL | C45: =SUM(C30:C44) -> 0 | D45: =SUM(D30:D44) -> 4 | E45: =SUM(E30:E44) -> 17 | F45: =SUM(F30:F44) -> 14 | G45: =SUM(G30:G44) -> 0 | H45: =SUM(H30:H44) -> 1 | I45: =SUM(C45:H45) -> 36 | J45: =SUM(J30:J44) -> 2 | K45: =SUM(K30:K44) -> 4 | L45: =SUM(L30:L44) -> 17 | M45: =SUM(M30:M44) -> 22 | N45: =SUM(N30:N44) -> 0 | O45: =SUM(O30:O44) -> 0 | P45: =SUM(J45:O45) -> 45 | Q45: =SUM(Q30:Q44) -> 0 | R45: =SUM(R30:R44) -> 0 | S45: =SUM(S30:S44) -> 0 | T45: =SUM(T30:T44) -> 0 | U45: =SUM(U30:U44) -> 0 | V45: =SUM(V30:V44) -> 0 | W45: =SUM(Q45:V45) -> 0 | X45: =SUM(X30:X44) -> 0 | Y45: =SUM(Y30:Y44) -> 0 | Z45: =SUM(Z30:Z44) -> 0 | AA45: =SUM(AA30:AA44) -> 0 | AB45: =SUM(AB30:AB44) -> 0 | AC45: =SUM(AC30:AC44) -> 0 | AD45: =SUM(X45:AC45) -> 0
A48: No. | B48: NAMA FASKES | C48: SEPTEMBER | J48: OKTOBER | Q48: NOVEMBER | X48: DESEMBER
C49: UMUM | E49: BPJS/KIS | G49: SKTM | I49: TOTAL | J49: UMUM | L49: BPJS/KIS | N49: SKTM | P49: TOTAL | Q49: UMUM | S49: BPJS/KIS | U49: SKTM | W49: TOTAL | X49: UMUM | Z49: BPJS/KIS | AB49: SKTM | AD49: TOTAL
C50: L | D50: P | E50: L | F50: P | G50: L | H50: P | J50: L | K50: P | L50: L | M50: P | N50: L | O50: P | Q50: L | R50: P | S50: L | T50: P | U50: L | V50: P | X50: L | Y50: P | Z50: L | AA50: P | AB50: L | AC50: P
A51: 1 | B51: RSUD KAB. ROTE NDAO | I51: =SUM(C51:H51) -> 0 | P51: =SUM(J51:O51) -> 0 | W51: =SUM(Q51:V51) -> 0 | AD51: =SUM(X51:AC51) -> 0
A52: 2 | B52: RSUD PROF DR WZ JOHANNES | I52: =SUM(C52:H52) -> 0 | P52: =SUM(J52:O52) -> 0 | W52: =SUM(Q52:V52) -> 0 | AD52: =SUM(X52:AC52) -> 0
A53: 3 | B53: RS BHAYANGKARA KUPANG | I53: =SUM(C53:H53) -> 0 | P53: =SUM(J53:O53) -> 0 | W53: =SUM(Q53:V53) -> 0 | AD53: =SUM(X53:AC53) -> 0
A54: 4 | B54: RS KARTINI KUPANG | I54: =SUM(C54:H54) -> 0 | P54: =SUM(J54:O54) -> 0 | W54: =SUM(Q54:V54) -> 0 | AD54: =SUM(X54:AC54) -> 0
A55: 5 | B55: RS ST. CAROLUS BORROMEUS | I55: =SUM(C55:H55) -> 0 | P55: =SUM(J55:O55) -> 0 | W55: =SUM(Q55:V55) -> 0 | AD55: =SUM(X55:AC55) -> 0
A56: 6 | B56: RSU LEONA KUPANG | I56: =SUM(C56:H56) -> 0 | P56: =SUM(J56:O56) -> 0 | W56: =SUM(Q56:V56) -> 0 | AD56: =SUM(X56:AC56) -> 0
A57: 7 | B57: RSU SILOAM KUPANG | I57: =SUM(C57:H57) -> 0 | P57: =SUM(J57:O57) -> 0 | W57: =SUM(Q57:V57) -> 0 | AD57: =SUM(X57:AC57) -> 0
A58: 8 | B58: RUMAH SAKIT TK. III WIRASAKTI | I58: =SUM(C58:H58) -> 0 | P58: =SUM(J58:O58) -> 0 | W58: =SUM(Q58:V58) -> 0 | AD58: =SUM(X58:AC58) -> 0
A59: 9 | B59: RSJ NAIMATA | I59: =SUM(C59:H59) -> 0 | P59: =SUM(J59:O59) -> 0 | W59: =SUM(Q59:V59) -> 0 | AD59: =SUM(X59:AC59) -> 0
A60: 10 | B60: RS MAMAMI | I60: =SUM(C60:H60) -> 0 | P60: =SUM(J60:O60) -> 0 | W60: =SUM(Q60:V60) -> 0 | AD60: =SUM(X60:AC60) -> 0
A61: 11 | B61: RSUD S.K. LERIK | I61: =SUM(C61:H61) -> 0 | P61: =SUM(J61:O61) -> 0 | W61: =SUM(Q61:V61) -> 0 | AD61: =SUM(X61:AC61) -> 0
A62: 12 | B62: KU DEWANTA MENTAL JIWA HEALTH CARE | I62: =SUM(C62:H62) -> 0 | P62: =SUM(J62:O62) -> 0 | W62: =SUM(Q62:V62) -> 0 | AD62: =SUM(X62:AC62) -> 0
... A65: 15 | B65: RSUP Dr. BEN MBOI KUPANG | I65: =SUM(C65:H65) -> 0 | P65: =SUM(J65:O65) -> 0 | W65: =SUM(Q65:V65) -> 0 | AD65: =SUM(X65:AC65) -> 0
A66: TOTAL | C66: =SUM(C51:C65) -> 0 | D66: =SUM(D51:D65) -> 0 | E66: =SUM(E51:E65) -> 0 | F66: =SUM(F51:F65) -> 0 | G66: =SUM(G51:G65) -> 0 | H66: =SUM(H51:H65) -> 0 | I66: =SUM(C66:H66) -> 0 | J66: =SUM(J51:J65) -> 0 | K66: =SUM(K51:K65) -> 0 | L66: =SUM(L51:L65) -> 0 | M66: =SUM(M51:M65) -> 0 | N66: =SUM(N51:N65) -> 0 | O66: =SUM(O51:O65) -> 0 | P66: =SUM(J66:O66) -> 0 | Q66: =SUM(Q51:Q65) -> 0 | R66: =SUM(R51:R65) -> 0 | S66: =SUM(S51:S65) -> 0 | T66: =SUM(T51:T65) -> 0 | U66: =SUM(U51:U65) -> 0 | V66: =SUM(V51:V65) -> 0 | W66: =SUM(Q66:V66) -> 0 | X66: =SUM(X51:X65) -> 0 | Y66: =SUM(Y51:Y65) -> 0 | Z66: =SUM(Z51:Z65) -> 0 | AA66: =SUM(AA51:AA65) -> 0 | AB66: =SUM(AB51:AB65) -> 0 | AC66: =SUM(AC51:AC65) -> 0 | AD66: =SUM(X66:AC66) -> 0

Sheet Sheet11

Sheet Copy of KORBAFO
A1: 3
A2: LAPORAN RUJUKAN
A3: DI PUSKESMAS KORBAFO
A4: TAHUN 2026
A6: No. | B6: NAMA FASKES | C6: JANUARI | J6: FEBRUARI | Q6: MARET | X6: APRIL
C7: UMUM | E7: BPJS/KIS | G7: SKTM | I7: TOTAL | J7: UMUM | L7: BPJS/KIS | N7: SKTM | P7: TOTAL | Q7: UMUM | S7: BPJS/KIS | U7: SKTM | W7: TOTAL | X7: UMUM | Z7: BPJS/KIS | AB7: SKTM | AD7: TOTAL
C8: L | D8: P | E8: L | F8: P | G8: L | H8: P | J8: L | K8: P | L8: L | M8: P | N8: L | O8: P | Q8: L | R8: P | S8: L | T8: P | U8: L | V8: P | X8: L | Y8: P | Z8: L | AA8: P | AB8: L | AC8: P
A9: 1 | B9: RSUD KAB. ROTE NDAO | C9: 2 | D9: 1 | E9: 5 | F9: 20 | I9: =SUM(C9:H9) -> 28 | L9: 4 | M9: 7 | O9: 1 | P9: =SUM(J9:O9) -> 12 | Q9: 2 | R9: 4 | S9: 5 | T9: 3 | U9: 1 | W9: =SUM(Q9:V9) -> 15 | Y9: 5 | Z9: 2 | AA9: 7 | AD9: =SUM(X9:AC9) -> 14
A10: 2 | B10: RSUD PROF DR WZ JOHANNES | I10: =SUM(C10:H10) -> 0 | P10: =SUM(J10:O10) -> 0 | W10: =SUM(Q10:V10) -> 0 | Z10: 1 | AA10: 1 | AD10: =SUM(X10:AC10) -> 2
A11: 3 | B11: RS BHAYANGKARA KUPANG | I11: =SUM(C11:H11) -> 0 | P11: =SUM(J11:O11) -> 0 | W11: =SUM(Q11:V11) -> 0 | Z11: 1 | AD11: =SUM(X11:AC11) -> 1
A12: 4 | B12: RS KARTINI KUPANG | I12: =SUM(C12:H12) -> 0 | L12: 2 | M12: 3 | P12: =SUM(J12:O12) -> 5 | S12: 2 | T12: 2 | W12: =SUM(Q12:V12) -> 4 | Z12: 2 | AA12: 2 | AD12: =SUM(X12:AC12) -> 4
A13: 5 | B13: RS ST. CAROLUS BORROMEUS | I13: =SUM(C13:H13) -> 0 | M13: 3 | P13: =SUM(J13:O13) -> 3 | S13: 1 | W13: =SUM(Q13:V13) -> 1 | AA13: 1 | AD13: =SUM(X13:AC13) -> 1
A14: 6 | B14: RSU LEONA KUPANG | E14: 1 | F14: 4 | I14: =SUM(C14:H14) -> 5 | L14: 1 | M14: 5 | P14: =SUM(J14:O14) -> 6 | S14: 1 | T14: 5 | W14: =SUM(Q14:V14) -> 6 | Z14: 1 | AA14: 6 | AD14: =SUM(X14:AC14) -> 7
A15: 7 | B15: RSU SILOAM KUPANG | E15: 1 | I15: =SUM(C15:H15) -> 1 | L15: 3 | M15: 1 | P15: =SUM(J15:O15) -> 4 | S15: 2 | T15: 3 | W15: =SUM(Q15:V15) -> 5 | AA15: 1 | AD15: =SUM(X15:AC15) -> 1
A16: 8 | B16: RUMAH SAKIT TK. III WIRASAKTI | I16: =SUM(C16:H16) -> 0 | L16: 1 | M16: 2 | P16: =SUM(J16:O16) -> 3 | W16: =SUM(Q16:V16) -> 0 | AA16: 1 | AD16: =SUM(X16:AC16) -> 1
A17: 9 | B17: RSJ NAIMATA | C17: 1 | I17: =SUM(C17:H17) -> 1 | P17: =SUM(J17:O17) -> 0 | W17: =SUM(Q17:V17) -> 0 | AD17: =SUM(X17:AC17) -> 0
A18: 10 | B18: RS MAMAMI | I18: =SUM(C18:H18) -> 0 | L18: 1 | P18: =SUM(J18:O18) -> 1 | W18: =SUM(Q18:V18) -> 0 | AD18: =SUM(X18:AC18) -> 0
A19: 11 | B19: RSUD S.K. LERIK | E19: 1 | I19: =SUM(C19:H19) -> 1 | P19: =SUM(J19:O19) -> 0 | W19: =SUM(Q19:V19) -> 0 | Z19: 1 | AD19: =SUM(X19:AC19) -> 1
A20: 12 | B20: KU DEWANTA MENTAL JIWA HEALTH CARE | E20: 1 | I20: =SUM(C20:H20) -> 1 | P20: =SUM(J20:O20) -> 0 | W20: =SUM(Q20:V20) -> 0 | Z20: 1 | AD20: =SUM(X20:AC20) -> 1
A21: 13 | B21: RSIA DEDARI | I21: =SUM(C21:H21) -> 0 | P21: =SUM(J21:O21) -> 0 | W21: =SUM(Q21:V21) -> 0 | AA21: 1 | AD21: =SUM(X21:AC21) -> 1
A22: 14 | B22: RSAL SAMUEL J MOEDA | I22: =SUM(C22:H22) -> 0 | P22: =SUM(J22:O22) -> 0 | W22: =SUM(Q22:V22) -> 0 | AD22: =SUM(X22:AC22) -> 0
A23: 15 | B23: RSUP Dr. BEN MBOI KUPANG | I23: =SUM(C23:H23) -> 0 | P23: =SUM(J23:O23) -> 0 | W23: =SUM(Q23:V23) -> 0 | AD23: =SUM(X23:AC23) -> 0
A24: TOTAL | C24: =SUM(C9:C23) -> 3 | D24: =SUM(D9:D23) -> 1 | E24: =SUM(E9:E23) -> 9 | F24: =SUM(F9:F23) -> 24 | G24: =SUM(G9:G23) -> 0 | H24: =SUM(H9:H23) -> 0 | I24: =SUM(C24:H24) -> 37 | J24: =SUM(J9:J23) -> 0 | K24: =SUM(K9:K23) -> 0 | L24: =SUM(L9:L23) -> 12 | M24: =SUM(M9:M23) -> 21 | N24: =SUM(N9:N23) -> 0 | O24: =SUM(O9:O23) -> 1 | P24: =SUM(J24:O24) -> 34 | Q24: =SUM(Q9:Q23) -> 2 | R24: =SUM(R9:R23) -> 4 | S24: =SUM(S9:S23) -> 11 | T24: =SUM(T9:T23) -> 13 | U24: =SUM(U9:U23) -> 1 | V24: =SUM(V9:V23) -> 0 | W24: =SUM(Q24:V24) -> 31 | X24: =SUM(X9:X23) -> 0 | Y24: =SUM(Y9:Y23) -> 5 | Z24: =SUM(Z9:Z23) -> 9 | AA24: =SUM(AA9:AA23) -> 20 | AB24: =SUM(AB9:AB23) -> 0 | AC24: =SUM(AC9:AC23) -> 0 | AD24: =SUM(X24:AC24) -> 34
A27: No. | B27: NAMA FASKES | C27: MEI | J27: JUNI | Q27: JULI | X27: AGUSTUS
C28: UMUM | E28: BPJS/KIS | G28: SKTM | I28: TOTAL | J28: UMUM | L28: BPJS/KIS | N28: SKTM | P28: TOTAL | Q28: UMUM | S28: BPJS/KIS | U28: SKTM | W28: TOTAL | X28: UMUM | Z28: BPJS/KIS | AB28: SKTM | AD28: TOTAL
C29: L | D29: P | E29: L | F29: P | G29: L | H29: P | J29: L | K29: P | L29: L | M29: P | N29: L | O29: P | Q29: L | R29: P | S29: L | T29: P | U29: L | V29: P | X29: L | Y29: P | Z29: L | AA29: P | AB29: L | AC29: P
A30: 1 | B30: RSUD KAB. ROTE NDAO | D30: 4 | E30: 7 | F30: 5 | H30: 1 | I30: =SUM(C30:H30) -> 17 | J30: 2 | K30: 4 | L30: 12 | M30: 14 | P30: =SUM(J30:O30) -> 32 | W30: =SUM(Q30:V30) -> 0 | AD30: =SUM(X30:AC30) -> 0
A31: 2 | B31: RSUD PROF DR WZ JOHANNES | E31: 1 | F31: 2 | I31: =SUM(C31:H31) -> 3 | M31: 1 | P31: =SUM(J31:O31) -> 1 | W31: =SUM(Q31:V31) -> 0 | AD31: =SUM(X31:AC31) -> 0
A32: 3 | B32: RS BHAYANGKARA KUPANG | I32: =SUM(C32:H32) -> 0 | P32: =SUM(J32:O32) -> 0 | W32: =SUM(Q32:V32) -> 0 | AD32: =SUM(X32:AC32) -> 0
A33: 4 | B33: RS KARTINI KUPANG | E33: 1 | F33: 1 | I33: =SUM(C33:H33) -> 2 | L33: 1 | M33: 1 | P33: =SUM(J33:O33) -> 2 | W33: =SUM(Q33:V33) -> 0 | AD33: =SUM(X33:AC33) -> 0
A34: 5 | B34: RS ST. CAROLUS BORROMEUS | I34: =SUM(C34:H34) -> 0 | P34: =SUM(J34:O34) -> 0 | W34: =SUM(Q34:V34) -> 0 | AD34: =SUM(X34:AC34) -> 0
A35: 6 | B35: RSU LEONA KUPANG | E35: 2 | F35: 5 | I35: =SUM(C35:H35) -> 7 | L35: 1 | M35: 2 | P35: =SUM(J35:O35) -> 3 | W35: =SUM(Q35:V35) -> 0 | AD35: =SUM(X35:AC35) -> 0
A36: 7 | B36: RSU SILOAM KUPANG | E36: 5 | F36: 1 | I36: =SUM(C36:H36) -> 6 | L36: 3 | M36: 2 | P36: =SUM(J36:O36) -> 5 | W36: =SUM(Q36:V36) -> 0 | AD36: =SUM(X36:AC36) -> 0
A37: 8 | B37: RUMAH SAKIT TK. III WIRASAKTI | I37: =SUM(C37:H37) -> 0 | P37: =SUM(J37:O37) -> 0 | W37: =SUM(Q37:V37) -> 0 | AD37: =SUM(X37:AC37) -> 0
A38: 9 | B38: RSJ NAIMATA | I38: =SUM(C38:H38) -> 0 | P38: =SUM(J38:O38) -> 0 | W38: =SUM(Q38:V38) -> 0 | AD38: =SUM(X38:AC38) -> 0
A39: 10 | B39: RS MAMAMI | E39: 1 | I39: =SUM(C39:H39) -> 1 | P39: =SUM(J39:O39) -> 0 | W39: =SUM(Q39:V39) -> 0 | AD39: =SUM(X39:AC39) -> 0
A40: 11 | B40: RSUD S.K. LERIK | I40: =SUM(C40:H40) -> 0 | M40: 1 | P40: =SUM(J40:O40) -> 1 | W40: =SUM(Q40:V40) -> 0 | AD40: =SUM(X40:AC40) -> 0
A41: 12 | B41: KU DEWANTA MENTAL JIWA HEALTH CARE | I41: =SUM(C41:H41) -> 0 | P41: =SUM(J41:O41) -> 0 | W41: =SUM(Q41:V41) -> 0 | AD41: =SUM(X41:AC41) -> 0
A42: 13 | B42: RSIA DEDARI | I42: =SUM(C42:H42) -> 0 | M42: 1 | P42: =SUM(J42:O42) -> 1 | W42: =SUM(Q42:V42) -> 0 | AD42: =SUM(X42:AC42) -> 0
A43: 14 | B43: RSAL SAMUEL J MOEDA | I43: =SUM(C43:H43) -> 0 | P43: =SUM(J43:O43) -> 0 | W43: =SUM(Q43:V43) -> 0 | AD43: =SUM(X43:AC43) -> 0
A44: 15 | B44: RSUP Dr. BEN MBOI KUPANG | I44: =SUM(C44:H44) -> 0 | P44: =SUM(J44:O44) -> 0 | W44: =SUM(Q44:V44) -> 0 | AD44: =SUM(X44:AC44) -> 0
A45: TOTAL | C45: =SUM(C30:C44) -> 0 | D45: =SUM(D30:D44) -> 4 | E45: =SUM(E30:E44) -> 17 | F45: =SUM(F30:F44) -> 14 | G45: =SUM(G30:G44) -> 0 | H45: =SUM(H30:H44) -> 1 | I45: =SUM(C45:H45) -> 36 | J45: =SUM(J30:J44) -> 2 | K45: =SUM(K30:K44) -> 4 | L45: =SUM(L30:L44) -> 17 | M45: =SUM(M30:M44) -> 22 | N45: =SUM(N30:N44) -> 0 | O45: =SUM(O30:O44) -> 0 | P45: =SUM(J45:O45) -> 45 | Q45: =SUM(Q30:Q44) -> 0 | R45: =SUM(R30:R44) -> 0 | S45: =SUM(S30:S44) -> 0 | T45: =SUM(T30:T44) -> 0 | U45: =SUM(U30:U44) -> 0 | V45: =SUM(V30:V44) -> 0 | W45: =SUM(Q45:V45) -> 0 | X45: =SUM(X30:X44) -> 0 | Y45: =SUM(Y30:Y44) -> 0 | Z45: =SUM(Z30:Z44) -> 0 | AA45: =SUM(AA30:AA44) -> 0 | AB45: =SUM(AB30:AB44) -> 0 | AC45: =SUM(AC30:AC44) -> 0 | AD45: =SUM(X45:AC45) -> 0
A48: No. | B48: NAMA FASKES | C48: SEPTEMBER | J48: OKTOBER | Q48: NOVEMBER | X48: DESEMBER
C49: UMUM | E49: BPJS/KIS | G49: SKTM | I49: TOTAL | J49: UMUM | L49: BPJS/KIS | N49: SKTM | P49: TOTAL | Q49: UMUM | S49: BPJS/KIS | U49: SKTM | W49: TOTAL | X49: UMUM | Z49: BPJS/KIS | AB49: SKTM | AD49: TOTAL
C50: L | D50: P | E50: L | F50: P | G50: L | H50: P | J50: L | K50: P | L50: L | M50: P | N50: L | O50: P | Q50: L | R50: P | S50: L | T50: P | U50: L | V50: P | X50: L | Y50: P | Z50: L | AA50: P | AB50: L | AC50: P
A51: 1 | B51: RSUD KAB. ROTE NDAO | I51: =SUM(C51:H51) -> 0 | P51: =SUM(J51:O51) -> 0 | W51: =SUM(Q51:V51) -> 0 | AD51: =SUM(X51:AC51) -> 0
A52: 2 | B52: RSUD PROF DR WZ JOHANNES | I52: =SUM(C52:H52) -> 0 | P52: =SUM(J52:O52) -> 0 | W52: =SUM(Q52:V52) -> 0 | AD52: =SUM(X52:AC52) -> 0
A53: 3 | B53: RS BHAYANGKARA KUPANG | I53: =SUM(C53:H53) -> 0 | P53: =SUM(J53:O53) -> 0 | W53: =SUM(Q53:V53) -> 0 | AD53: =SUM(X53:AC53) -> 0
A54: 4 | B54: RS KARTINI KUPANG | I54: =SUM(C54:H54) -> 0 | P54: =SUM(J54:O54) -> 0 | W54: =SUM(Q54:V54) -> 0 | AD54: =SUM(X54:AC54) -> 0
A55: 5 | B55: RS ST. CAROLUS BORROMEUS | I55: =SUM(C55:H55) -> 0 | P55: =SUM(J55:O55) -> 0 | W55: =SUM(Q55:V55) -> 0 | AD55: =SUM(X55:AC55) -> 0
A56: 6 | B56: RSU LEONA KUPANG | I56: =SUM(C56:H56) -> 0 | P56: =SUM(J56:O56) -> 0 | W56: =SUM(Q56:V56) -> 0 | AD56: =SUM(X56:AC56) -> 0
A57: 7 | B57: RSU SILOAM KUPANG | I57: =SUM(C57:H57) -> 0 | P57: =SUM(J57:O57) -> 0 | W57: =SUM(Q57:V57) -> 0 | AD57: =SUM(X57:AC57) -> 0
A58: 8 | B58: RUMAH SAKIT TK. III WIRASAKTI | I58: =SUM(C58:H58) -> 0 | P58: =SUM(J58:O58) -> 0 | W58: =SUM(Q58:V58) -> 0 | AD58: =SUM(X58:AC58) -> 0
A59: 9 | B59: RSJ NAIMATA | I59: =SUM(C59:H59) -> 0 | P59: =SUM(J59:O59) -> 0 | W59: =SUM(Q59:V59) -> 0 | AD59: =SUM(X59:AC59) -> 0
A60: 10 | B60: RS MAMAMI | I60: =SUM(C60:H60) -> 0 | P60: =SUM(J60:O60) -> 0 | W60: =SUM(Q60:V60) -> 0 | AD60: =SUM(X60:AC60) -> 0
A61: 11 | B61: RSUD S.K. LERIK | I61: =SUM(C61:H61) -> 0 | P61: =SUM(J61:O61) -> 0 | W61: =SUM(Q61:V61) -> 0 | AD61: =SUM(X61:AC61) -> 0
A62: 12 | B62: KU DEWANTA MENTAL JIWA HEALTH CARE | I62: =SUM(C62:H62) -> 0 | P62: =SUM(J62:O62) -> 0 | W62: =SUM(Q62:V62) -> 0 | AD62: =SUM(X62:AC62) -> 0
... A65: 15 | B65: RSUP Dr. BEN MBOI KUPANG | I65: =SUM(C65:H65) -> 0 | P65: =SUM(J65:O65) -> 0 | W65: =SUM(Q65:V65) -> 0 | AD65: =SUM(X65:AC65) -> 0
A66: TOTAL | C66: =SUM(C51:C65) -> 0 | D66: =SUM(D51:D65) -> 0 | E66: =SUM(E51:E65) -> 0 | F66: =SUM(F51:F65) -> 0 | G66: =SUM(G51:G65) -> 0 | H66: =SUM(H51:H65) -> 0 | I66: =SUM(C66:H66) -> 0 | J66: =SUM(J51:J65) -> 0 | K66: =SUM(K51:K65) -> 0 | L66: =SUM(L51:L65) -> 0 | M66: =SUM(M51:M65) -> 0 | N66: =SUM(N51:N65) -> 0 | O66: =SUM(O51:O65) -> 0 | P66: =SUM(J66:O66) -> 0 | Q66: =SUM(Q51:Q65) -> 0 | R66: =SUM(R51:R65) -> 0 | S66: =SUM(S51:S65) -> 0 | T66: =SUM(T51:T65) -> 0 | U66: =SUM(U51:U65) -> 0 | V66: =SUM(V51:V65) -> 0 | W66: =SUM(Q66:V66) -> 0 | X66: =SUM(X51:X65) -> 0 | Y66: =SUM(Y51:Y65) -> 0 | Z66: =SUM(Z51:Z65) -> 0 | AA66: =SUM(AA51:AA65) -> 0 | AB66: =SUM(AB51:AB65) -> 0 | AC66: =SUM(AC51:AC65) -> 0 | AD66: =SUM(X66:AC66) -> 0

Sheet NDAO
A2: LAPORAN RUJUKAN
A3: DI PUSKESMAS NDAO
A4: TAHUN 2026
A6: No. | B6: NAMA FASKES | C6: JANUARI | J6: FEBRUARI | Q6: MARET | X6: APRIL
C7: UMUM | E7: BPJS/KIS | G7: SKTM | I7: TOTAL | J7: UMUM | L7: BPJS/KIS | N7: SKTM | P7: TOTAL | Q7: UMUM | S7: BPJS/KIS | U7: SKTM | W7: TOTAL | X7: UMUM | Z7: BPJS/KIS | AB7: SKTM | AD7: TOTAL
C8: L | D8: P | E8: L | F8: P | G8: L | H8: P | J8: L | K8: P | L8: L | M8: P | N8: L | O8: P | Q8: L | R8: P | S8: L | T8: P | U8: L | V8: P | X8: L | Y8: P | Z8: L | AA8: P | AB8: L | AC8: P
A9: 1 | B9: RSUD KAB. ROTE NDAO | I9: =SUM(C9:H9) -> 0 | P9: =SUM(J9:O9) -> 0 | W9: =SUM(Q9:V9) -> 0 | AD9: =SUM(X9:AC9) -> 0
A10: 2 | B10: RSUD PROF DR WZ JOHANNES | I10: =SUM(C10:H10) -> 0 | P10: =SUM(J10:O10) -> 0 | W10: =SUM(Q10:V10) -> 0 | AD10: =SUM(X10:AC10) -> 0
A11: 3 | B11: RS BHAYANGKARA KUPANG | I11: =SUM(C11:H11) -> 0 | P11: =SUM(J11:O11) -> 0 | W11: =SUM(Q11:V11) -> 0 | AD11: =SUM(X11:AC11) -> 0
A12: 4 | B12: RS KARTINI KUPANG | I12: =SUM(C12:H12) -> 0 | P12: =SUM(J12:O12) -> 0 | W12: =SUM(Q12:V12) -> 0 | AD12: =SUM(X12:AC12) -> 0
A13: 5 | B13: RS ST. CAROLUS BORROMEUS | I13: =SUM(C13:H13) -> 0 | P13: =SUM(J13:O13) -> 0 | W13: =SUM(Q13:V13) -> 0 | AD13: =SUM(X13:AC13) -> 0
A14: 6 | B14: RSU LEONA KUPANG | I14: =SUM(C14:H14) -> 0 | P14: =SUM(J14:O14) -> 0 | W14: =SUM(Q14:V14) -> 0 | AD14: =SUM(X14:AC14) -> 0
A15: 7 | B15: RSU SILOAM KUPANG | I15: =SUM(C15:H15) -> 0 | P15: =SUM(J15:O15) -> 0 | W15: =SUM(Q15:V15) -> 0 | AD15: =SUM(X15:AC15) -> 0
A16: 8 | B16: RUMAH SAKIT TK. III WIRASAKTI | I16: =SUM(C16:H16) -> 0 | P16: =SUM(J16:O16) -> 0 | W16: =SUM(Q16:V16) -> 0 | AD16: =SUM(X16:AC16) -> 0
A17: 9 | B17: RSJ NAIMATA | I17: =SUM(C17:H17) -> 0 | P17: =SUM(J17:O17) -> 0 | W17: =SUM(Q17:V17) -> 0 | AD17: =SUM(X17:AC17) -> 0
A18: 10 | B18: RS MAMAMI | I18: =SUM(C18:H18) -> 0 | P18: =SUM(J18:O18) -> 0 | W18: =SUM(Q18:V18) -> 0 | AD18: =SUM(X18:AC18) -> 0
A19: 11 | B19: RSUD S.K. LERIK | I19: =SUM(C19:H19) -> 0 | P19: =SUM(J19:O19) -> 0 | W19: =SUM(Q19:V19) -> 0 | AD19: =SUM(X19:AC19) -> 0
A20: 12 | B20: KU DEWANTA MENTAL JIWA HEALTH CARE | I20: =SUM(C20:H20) -> 0 | P20: =SUM(J20:O20) -> 0 | W20: =SUM(Q20:V20) -> 0 | AD20: =SUM(X20:AC20) -> 0
... A23: 15 | B23: RSUP Dr. BEN MBOI KUPANG | I23: =SUM(C23:H23) -> 0 | P23: =SUM(J23:O23) -> 0 | W23: =SUM(Q23:V23) -> 0 | AD23: =SUM(X23:AC23) -> 0
A24: TOTAL | C24: =SUM(C9:C23) -> 0 | D24: =SUM(D9:D23) -> 0 | E24: =SUM(E9:E23) -> 0 | F24: =SUM(F9:F23) -> 0 | G24: =SUM(G9:G23) -> 0 | H24: =SUM(H9:H23) -> 0 | I24: =SUM(C24:H24) -> 0 | J24: =SUM(J9:J23) -> 0 | K24: =SUM(K9:K23) -> 0 | L24: =SUM(L9:L23) -> 0 | M24: =SUM(M9:M23) -> 0 | N24: =SUM(N9:N23) -> 0 | O24: =SUM(O9:O23) -> 0 | P24: =SUM(J24:O24) -> 0 | Q24: =SUM(Q9:Q23) -> 0 | R24: =SUM(R9:R23) -> 0 | S24: =SUM(S9:S23) -> 0 | T24: =SUM(T9:T23) -> 0 | U24: =SUM(U9:U23) -> 0 | V24: =SUM(V9:V23) -> 0 | W24: =SUM(Q24:V24) -> 0 | X24: =SUM(X9:X23) -> 0 | Y24: =SUM(Y9:Y23) -> 0 | Z24: =SUM(Z9:Z23) -> 0 | AA24: =SUM(AA9:AA23) -> 0 | AB24: =SUM(AB9:AB23) -> 0 | AC24: =SUM(AC9:AC23) -> 0 | AD24: =SUM(X24:AC24) -> 0
A27: No. | B27: NAMA FASKES | C27: MEI | J27: JUNI | Q27: JULI | X27: AGUSTUS
C28: UMUM | E28: BPJS/KIS | G28: SKTM | I28: TOTAL | J28: UMUM | L28: BPJS/KIS | N28: SKTM | P28: TOTAL | Q28: UMUM | S28: BPJS/KIS | U28: SKTM | W28: TOTAL | X28: UMUM | Z28: BPJS/KIS | AB28: SKTM | AD28: TOTAL
C29: L | D29: P | E29: L | F29: P | G29: L | H29: P | J29: L | K29: P | L29: L | M29: P | N29: L | O29: P | Q29: L | R29: P | S29: L | T29: P | U29: L | V29: P | X29: L | Y29: P | Z29: L | AA29: P | AB29: L | AC29: P
A30: 1 | B30: RSUD KAB. ROTE NDAO | I30: =SUM(C30:H30) -> 0 | P30: =SUM(J30:O30) -> 0 | W30: =SUM(Q30:V30) -> 0 | AD30: =SUM(X30:AC30) -> 0
A31: 2 | B31: RSUD PROF DR WZ JOHANNES | I31: =SUM(C31:H31) -> 0 | P31: =SUM(J31:O31) -> 0 | W31: =SUM(Q31:V31) -> 0 | AD31: =SUM(X31:AC31) -> 0
A32: 3 | B32: RS BHAYANGKARA KUPANG | I32: =SUM(C32:H32) -> 0 | P32: =SUM(J32:O32) -> 0 | W32: =SUM(Q32:V32) -> 0 | AD32: =SUM(X32:AC32) -> 0
A33: 4 | B33: RS KARTINI KUPANG | I33: =SUM(C33:H33) -> 0 | P33: =SUM(J33:O33) -> 0 | W33: =SUM(Q33:V33) -> 0 | AD33: =SUM(X33:AC33) -> 0
A34: 5 | B34: RS ST. CAROLUS BORROMEUS | I34: =SUM(C34:H34) -> 0 | P34: =SUM(J34:O34) -> 0 | W34: =SUM(Q34:V34) -> 0 | AD34: =SUM(X34:AC34) -> 0
A35: 6 | B35: RSU LEONA KUPANG | I35: =SUM(C35:H35) -> 0 | P35: =SUM(J35:O35) -> 0 | W35: =SUM(Q35:V35) -> 0 | AD35: =SUM(X35:AC35) -> 0
A36: 7 | B36: RSU SILOAM KUPANG | I36: =SUM(C36:H36) -> 0 | P36: =SUM(J36:O36) -> 0 | W36: =SUM(Q36:V36) -> 0 | AD36: =SUM(X36:AC36) -> 0
A37: 8 | B37: RUMAH SAKIT TK. III WIRASAKTI | I37: =SUM(C37:H37) -> 0 | P37: =SUM(J37:O37) -> 0 | W37: =SUM(Q37:V37) -> 0 | AD37: =SUM(X37:AC37) -> 0
A38: 9 | B38: RSJ NAIMATA | I38: =SUM(C38:H38) -> 0 | P38: =SUM(J38:O38) -> 0 | W38: =SUM(Q38:V38) -> 0 | AD38: =SUM(X38:AC38) -> 0
A39: 10 | B39: RS MAMAMI | I39: =SUM(C39:H39) -> 0 | P39: =SUM(J39:O39) -> 0 | W39: =SUM(Q39:V39) -> 0 | AD39: =SUM(X39:AC39) -> 0
A40: 11 | B40: RSUD S.K. LERIK | I40: =SUM(C40:H40) -> 0 | P40: =SUM(J40:O40) -> 0 | W40: =SUM(Q40:V40) -> 0 | AD40: =SUM(X40:AC40) -> 0
A41: 12 | B41: KU DEWANTA MENTAL JIWA HEALTH CARE | I41: =SUM(C41:H41) -> 0 | P41: =SUM(J41:O41) -> 0 | W41: =SUM(Q41:V41) -> 0 | AD41: =SUM(X41:AC41) -> 0
... A44: 15 | B44: RSUP Dr. BEN MBOI KUPANG | I44: =SUM(C44:H44) -> 0 | P44: =SUM(J44:O44) -> 0 | W44: =SUM(Q44:V44) -> 0 | AD44: =SUM(X44:AC44) -> 0
A45: TOTAL | C45: =SUM(C30:C44) -> 0 | D45: =SUM(D30:D44) -> 0 | E45: =SUM(E30:E44) -> 0 | F45: =SUM(F30:F44) -> 0 | G45: =SUM(G30:G44) -> 0 | H45: =SUM(H30:H44) -> 0 | I45: =SUM(C45:H45) -> 0 | J45: =SUM(J30:J44) -> 0 | K45: =SUM(K30:K44) -> 0 | L45: =SUM(L30:L44) -> 0 | M45: =SUM(M30:M44) -> 0 | N45: =SUM(N30:N44) -> 0 | O45: =SUM(O30:O44) -> 0 | P45: =SUM(J45:O45) -> 0 | Q45: =SUM(Q30:Q44) -> 0 | R45: =SUM(R30:R44) -> 0 | S45: =SUM(S30:S44) -> 0 | T45: =SUM(T30:T44) -> 0 | U45: =SUM(U30:U44) -> 0 | V45: =SUM(V30:V44) -> 0 | W45: =SUM(Q45:V45) -> 0 | X45: =SUM(X30:X44) -> 0 | Y45: =SUM(Y30:Y44) -> 0 | Z45: =SUM(Z30:Z44) -> 0 | AA45: =SUM(AA30:AA44) -> 0 | AB45: =SUM(AB30:AB44) -> 0 | AC45: =SUM(AC30:AC44) -> 0 | AD45: =SUM(X45:AC45) -> 0
A48: No. | B48: NAMA FASKES | C48: SEPTEMBER | J48: OKTOBER | Q48: NOVEMBER | X48: DESEMBER
C49: UMUM | E49: BPJS/KIS | G49: SKTM | I49: TOTAL | J49: UMUM | L49: BPJS/KIS | N49: SKTM | P49: TOTAL | Q49: UMUM | S49: BPJS/KIS | U49: SKTM | W49: TOTAL | X49: UMUM | Z49: BPJS/KIS | AB49: SKTM | AD49: TOTAL
C50: L | D50: P | E50: L | F50: P | G50: L | H50: P | J50: L | K50: P | L50: L | M50: P | N50: L | O50: P | Q50: L | R50: P | S50: L | T50: P | U50: L | V50: P | X50: L | Y50: P | Z50: L | AA50: P | AB50: L | AC50: P
A51: 1 | B51: RSUD KAB. ROTE NDAO | I51: =SUM(C51:H51) -> 0 | P51: =SUM(J51:O51) -> 0 | W51: =SUM(Q51:V51) -> 0 | AD51: =SUM(X51:AC51) -> 0
A52: 2 | B52: RSUD PROF DR WZ JOHANNES | I52: =SUM(C52:H52) -> 0 | P52: =SUM(J52:O52) -> 0 | W52: =SUM(Q52:V52) -> 0 | AD52: =SUM(X52:AC52) -> 0
A53: 3 | B53: RS BHAYANGKARA KUPANG | I53: =SUM(C53:H53) -> 0 | P53: =SUM(J53:O53) -> 0 | W53: =SUM(Q53:V53) -> 0 | AD53: =SUM(X53:AC53) -> 0
A54: 4 | B54: RS KARTINI KUPANG | I54: =SUM(C54:H54) -> 0 | P54: =SUM(J54:O54) -> 0 | W54: =SUM(Q54:V54) -> 0 | AD54: =SUM(X54:AC54) -> 0
A55: 5 | B55: RS ST. CAROLUS BORROMEUS | I55: =SUM(C55:H55) -> 0 | P55: =SUM(J55:O55) -> 0 | W55: =SUM(Q55:V55) -> 0 | AD55: =SUM(X55:AC55) -> 0
A56: 6 | B56: RSU LEONA KUPANG | I56: =SUM(C56:H56) -> 0 | P56: =SUM(J56:O56) -> 0 | W56: =SUM(Q56:V56) -> 0 | AD56: =SUM(X56:AC56) -> 0
A57: 7 | B57: RSU SILOAM KUPANG | I57: =SUM(C57:H57) -> 0 | P57: =SUM(J57:O57) -> 0 | W57: =SUM(Q57:V57) -> 0 | AD57: =SUM(X57:AC57) -> 0
A58: 8 | B58: RUMAH SAKIT TK. III WIRASAKTI | I58: =SUM(C58:H58) -> 0 | P58: =SUM(J58:O58) -> 0 | W58: =SUM(Q58:V58) -> 0 | AD58: =SUM(X58:AC58) -> 0
A59: 9 | B59: RSJ NAIMATA | I59: =SUM(C59:H59) -> 0 | P59: =SUM(J59:O59) -> 0 | W59: =SUM(Q59:V59) -> 0 | AD59: =SUM(X59:AC59) -> 0
A60: 10 | B60: RS MAMAMI | I60: =SUM(C60:H60) -> 0 | P60: =SUM(J60:O60) -> 0 | W60: =SUM(Q60:V60) -> 0 | AD60: =SUM(X60:AC60) -> 0
A61: 11 | B61: RSUD S.K. LERIK | I61: =SUM(C61:H61) -> 0 | P61: =SUM(J61:O61) -> 0 | W61: =SUM(Q61:V61) -> 0 | AD61: =SUM(X61:AC61) -> 0
A62: 12 | B62: KU DEWANTA MENTAL JIWA HEALTH CARE | I62: =SUM(C62:H62) -> 0 | P62: =SUM(J62:O62) -> 0 | W62: =SUM(Q62:V62) -> 0 | AD62: =SUM(X62:AC62) -> 0
... A65: 15 | B65: RSUP Dr. BEN MBOI KUPANG | I65: =SUM(C65:H65) -> 0 | P65: =SUM(J65:O65) -> 0 | W65: =SUM(Q65:V65) -> 0 | AD65: =SUM(X65:AC65) -> 0
A66: TOTAL | C66: =SUM(C51:C65) -> 0 | D66: =SUM(D51:D65) -> 0 | E66: =SUM(E51:E65) -> 0 | F66: =SUM(F51:F65) -> 0 | G66: =SUM(G51:G65) -> 0 | H66: =SUM(H51:H65) -> 0 | I66: =SUM(C66:H66) -> 0 | J66: =SUM(J51:J65) -> 0 | K66: =SUM(K51:K65) -> 0 | L66: =SUM(L51:L65) -> 0 | M66: =SUM(M51:M65) -> 0 | N66: =SUM(N51:N65) -> 0 | O66: =SUM(O51:O65) -> 0 | P66: =SUM(J66:O66) -> 0 | Q66: =SUM(Q51:Q65) -> 0 | R66: =SUM(R51:R65) -> 0 | S66: =SUM(S51:S65) -> 0 | T66: =SUM(T51:T65) -> 0 | U66: =SUM(U51:U65) -> 0 | V66: =SUM(V51:V65) -> 0 | W66: =SUM(Q66:V66) -> 0 | X66: =SUM(X51:X65) -> 0 | Y66: =SUM(Y51:Y65) -> 0 | Z66: =SUM(Z51:Z65) -> 0 | AA66: =SUM(AA51:AA65) -> 0 | AB66: =SUM(AB51:AB65) -> 0 | AC66: =SUM(AC51:AC65) -> 0 | AD66: =SUM(X66:AC66) -> 0

Sheet OELABA
A2: LAPORAN RUJUKAN
A3: DI PUSKESMAS OELABA
A4: TAHUN 2026
A6: No. | B6: NAMA FASKES | C6: JANUARI | J6: FEBRUARI | Q6: MARET | X6: APRIL
C7: UMUM | E7: BPJS/KIS | G7: SKTM | I7: TOTAL | J7: UMUM | L7: BPJS/KIS | N7: SKTM | P7: TOTAL | Q7: UMUM | S7: BPJS/KIS | U7: SKTM | W7: TOTAL | X7: UMUM | Z7: BPJS/KIS | AB7: SKTM | AD7: TOTAL
C8: L | D8: P | E8: L | F8: P | G8: L | H8: P | J8: L | K8: P | L8: L | M8: P | N8: L | O8: P | Q8: L | R8: P | S8: L | T8: P | U8: L | V8: P | X8: L | Y8: P | Z8: L | AA8: P | AB8: L | AC8: P
A9: 1 | B9: RSUD KAB. ROTE NDAO | I9: =SUM(C9:H9) -> 0 | P9: =SUM(J9:O9) -> 0 | W9: =SUM(Q9:V9) -> 0 | AD9: =SUM(X9:AC9) -> 0
A10: 2 | B10: RSUD PROF DR WZ JOHANNES | I10: =SUM(C10:H10) -> 0 | P10: =SUM(J10:O10) -> 0 | W10: =SUM(Q10:V10) -> 0 | AD10: =SUM(X10:AC10) -> 0
A11: 3 | B11: RS BHAYANGKARA KUPANG | I11: =SUM(C11:H11) -> 0 | P11: =SUM(J11:O11) -> 0 | W11: =SUM(Q11:V11) -> 0 | AD11: =SUM(X11:AC11) -> 0
A12: 4 | B12: RS KARTINI KUPANG | I12: =SUM(C12:H12) -> 0 | P12: =SUM(J12:O12) -> 0 | W12: =SUM(Q12:V12) -> 0 | AD12: =SUM(X12:AC12) -> 0
A13: 5 | B13: RS ST. CAROLUS BORROMEUS | I13: =SUM(C13:H13) -> 0 | P13: =SUM(J13:O13) -> 0 | W13: =SUM(Q13:V13) -> 0 | AD13: =SUM(X13:AC13) -> 0
A14: 6 | B14: RSU LEONA KUPANG | I14: =SUM(C14:H14) -> 0 | P14: =SUM(J14:O14) -> 0 | W14: =SUM(Q14:V14) -> 0 | AD14: =SUM(X14:AC14) -> 0
A15: 7 | B15: RSU SILOAM KUPANG | I15: =SUM(C15:H15) -> 0 | P15: =SUM(J15:O15) -> 0 | W15: =SUM(Q15:V15) -> 0 | AD15: =SUM(X15:AC15) -> 0
A16: 8 | B16: RUMAH SAKIT TK. III WIRASAKTI | I16: =SUM(C16:H16) -> 0 | P16: =SUM(J16:O16) -> 0 | W16: =SUM(Q16:V16) -> 0 | AD16: =SUM(X16:AC16) -> 0
A17: 9 | B17: RSJ NAIMATA | I17: =SUM(C17:H17) -> 0 | P17: =SUM(J17:O17) -> 0 | W17: =SUM(Q17:V17) -> 0 | AD17: =SUM(X17:AC17) -> 0
A18: 10 | B18: RS MAMAMI | I18: =SUM(C18:H18) -> 0 | P18: =SUM(J18:O18) -> 0 | W18: =SUM(Q18:V18) -> 0 | AD18: =SUM(X18:AC18) -> 0
A19: 11 | B19: RSUD S.K. LERIK | I19: =SUM(C19:H19) -> 0 | P19: =SUM(J19:O19) -> 0 | W19: =SUM(Q19:V19) -> 0 | AD19: =SUM(X19:AC19) -> 0
A20: 12 | B20: KU DEWANTA MENTAL JIWA HEALTH CARE | I20: =SUM(C20:H20) -> 0 | P20: =SUM(J20:O20) -> 0 | W20: =SUM(Q20:V20) -> 0 | AD20: =SUM(X20:AC20) -> 0
... A23: 15 | B23: RSUP Dr. BEN MBOI KUPANG | I23: =SUM(C23:H23) -> 0 | P23: =SUM(J23:O23) -> 0 | W23: =SUM(Q23:V23) -> 0 | AD23: =SUM(X23:AC23) -> 0
A24: TOTAL | C24: =SUM(C9:C23) -> 0 | D24: =SUM(D9:D23) -> 0 | E24: =SUM(E9:E23) -> 0 | F24: =SUM(F9:F23) -> 0 | G24: =SUM(G9:G23) -> 0 | H24: =SUM(H9:H23) -> 0 | I24: =SUM(C24:H24) -> 0 | J24: =SUM(J9:J23) -> 0 | K24: =SUM(K9:K23) -> 0 | L24: =SUM(L9:L23) -> 0 | M24: =SUM(M9:M23) -> 0 | N24: =SUM(N9:N23) -> 0 | O24: =SUM(O9:O23) -> 0 | P24: =SUM(J24:O24) -> 0 | Q24: =SUM(Q9:Q23) -> 0 | R24: =SUM(R9:R23) -> 0 | S24: =SUM(S9:S23) -> 0 | T24: =SUM(T9:T23) -> 0 | U24: =SUM(U9:U23) -> 0 | V24: =SUM(V9:V23) -> 0 | W24: =SUM(Q24:V24) -> 0 | X24: =SUM(X9:X23) -> 0 | Y24: =SUM(Y9:Y23) -> 0 | Z24: =SUM(Z9:Z23) -> 0 | AA24: =SUM(AA9:AA23) -> 0 | AB24: =SUM(AB9:AB23) -> 0 | AC24: =SUM(AC9:AC23) -> 0 | AD24: =SUM(X24:AC24) -> 0
A27: No. | B27: NAMA FASKES | C27: MEI | J27: JUNI | Q27: JULI | X27: AGUSTUS
C28: UMUM | E28: BPJS/KIS | G28: SKTM | I28: TOTAL | J28: UMUM | L28: BPJS/KIS | N28: SKTM | P28: TOTAL | Q28: UMUM | S28: BPJS/KIS | U28: SKTM | W28: TOTAL | X28: UMUM | Z28: BPJS/KIS | AB28: SKTM | AD28: TOTAL
C29: L | D29: P | E29: L | F29: P | G29: L | H29: P | J29: L | K29: P | L29: L | M29: P | N29: L | O29: P | Q29: L | R29: P | S29: L | T29: P | U29: L | V29: P | X29: L | Y29: P | Z29: L | AA29: P | AB29: L | AC29: P
A30: 1 | B30: RSUD KAB. ROTE NDAO | I30: =SUM(C30:H30) -> 0 | P30: =SUM(J30:O30) -> 0 | W30: =SUM(Q30:V30) -> 0 | AD30: =SUM(X30:AC30) -> 0
A31: 2 | B31: RSUD PROF DR WZ JOHANNES | I31: =SUM(C31:H31) -> 0 | P31: =SUM(J31:O31) -> 0 | W31: =SUM(Q31:V31) -> 0 | AD31: =SUM(X31:AC31) -> 0
A32: 3 | B32: RS BHAYANGKARA KUPANG | I32: =SUM(C32:H32) -> 0 | P32: =SUM(J32:O32) -> 0 | W32: =SUM(Q32:V32) -> 0 | AD32: =SUM(X32:AC32) -> 0
A33: 4 | B33: RS KARTINI KUPANG | I33: =SUM(C33:H33) -> 0 | P33: =SUM(J33:O33) -> 0 | W33: =SUM(Q33:V33) -> 0 | AD33: =SUM(X33:AC33) -> 0
A34: 5 | B34: RS ST. CAROLUS BORROMEUS | I34: =SUM(C34:H34) -> 0 | P34: =SUM(J34:O34) -> 0 | W34: =SUM(Q34:V34) -> 0 | AD34: =SUM(X34:AC34) -> 0
A35: 6 | B35: RSU LEONA KUPANG | I35: =SUM(C35:H35) -> 0 | P35: =SUM(J35:O35) -> 0 | W35: =SUM(Q35:V35) -> 0 | AD35: =SUM(X35:AC35) -> 0
A36: 7 | B36: RSU SILOAM KUPANG | I36: =SUM(C36:H36) -> 0 | P36: =SUM(J36:O36) -> 0 | W36: =SUM(Q36:V36) -> 0 | AD36: =SUM(X36:AC36) -> 0
A37: 8 | B37: RUMAH SAKIT TK. III WIRASAKTI | I37: =SUM(C37:H37) -> 0 | P37: =SUM(J37:O37) -> 0 | W37: =SUM(Q37:V37) -> 0 | AD37: =SUM(X37:AC37) -> 0
A38: 9 | B38: RSJ NAIMATA | I38: =SUM(C38:H38) -> 0 | P38: =SUM(J38:O38) -> 0 | W38: =SUM(Q38:V38) -> 0 | AD38: =SUM(X38:AC38) -> 0
A39: 10 | B39: RS MAMAMI | I39: =SUM(C39:H39) -> 0 | P39: =SUM(J39:O39) -> 0 | W39: =SUM(Q39:V39) -> 0 | AD39: =SUM(X39:AC39) -> 0
A40: 11 | B40: RSUD S.K. LERIK | I40: =SUM(C40:H40) -> 0 | P40: =SUM(J40:O40) -> 0 | W40: =SUM(Q40:V40) -> 0 | AD40: =SUM(X40:AC40) -> 0
A41: 12 | B41: KU DEWANTA MENTAL JIWA HEALTH CARE | I41: =SUM(C41:H41) -> 0 | P41: =SUM(J41:O41) -> 0 | W41: =SUM(Q41:V41) -> 0 | AD41: =SUM(X41:AC41) -> 0
... A44: 15 | B44: RSUP Dr. BEN MBOI KUPANG | I44: =SUM(C44:H44) -> 0 | P44: =SUM(J44:O44) -> 0 | W44: =SUM(Q44:V44) -> 0 | AD44: =SUM(X44:AC44) -> 0
A45: TOTAL | C45: =SUM(C30:C44) -> 0 | D45: =SUM(D30:D44) -> 0 | E45: =SUM(E30:E44) -> 0 | F45: =SUM(F30:F44) -> 0 | G45: =SUM(G30:G44) -> 0 | H45: =SUM(H30:H44) -> 0 | I45: =SUM(C45:H45) -> 0 | J45: =SUM(J30:J44) -> 0 | K45: =SUM(K30:K44) -> 0 | L45: =SUM(L30:L44) -> 0 | M45: =SUM(M30:M44) -> 0 | N45: =SUM(N30:N44) -> 0 | O45: =SUM(O30:O44) -> 0 | P45: =SUM(J45:O45) -> 0 | Q45: =SUM(Q30:Q44) -> 0 | R45: =SUM(R30:R44) -> 0 | S45: =SUM(S30:S44) -> 0 | T45: =SUM(T30:T44) -> 0 | U45: =SUM(U30:U44) -> 0 | V45: =SUM(V30:V44) -> 0 | W45: =SUM(Q45:V45) -> 0 | X45: =SUM(X30:X44) -> 0 | Y45: =SUM(Y30:Y44) -> 0 | Z45: =SUM(Z30:Z44) -> 0 | AA45: =SUM(AA30:AA44) -> 0 | AB45: =SUM(AB30:AB44) -> 0 | AC45: =SUM(AC30:AC44) -> 0 | AD45: =SUM(X45:AC45) -> 0
A48: No. | B48: NAMA FASKES | C48: SEPTEMBER | J48: OKTOBER | Q48: NOVEMBER | X48: DESEMBER
C49: UMUM | E49: BPJS/KIS | G49: SKTM | I49: TOTAL | J49: UMUM | L49: BPJS/KIS | N49: SKTM | P49: TOTAL | Q49: UMUM | S49: BPJS/KIS | U49: SKTM | W49: TOTAL | X49: UMUM | Z49: BPJS/KIS | AB49: SKTM | AD49: TOTAL
C50: L | D50: P | E50: L | F50: P | G50: L | H50: P | J50: L | K50: P | L50: L | M50: P | N50: L | O50: P | Q50: L | R50: P | S50: L | T50: P | U50: L | V50: P | X50: L | Y50: P | Z50: L | AA50: P | AB50: L | AC50: P
A51: 1 | B51: RSUD KAB. ROTE NDAO | I51: =SUM(C51:H51) -> 0 | P51: =SUM(J51:O51) -> 0 | W51: =SUM(Q51:V51) -> 0 | AD51: =SUM(X51:AC51) -> 0
A52: 2 | B52: RSUD PROF DR WZ JOHANNES | I52: =SUM(C52:H52) -> 0 | P52: =SUM(J52:O52) -> 0 | W52: =SUM(Q52:V52) -> 0 | AD52: =SUM(X52:AC52) -> 0
A53: 3 | B53: RS BHAYANGKARA KUPANG | I53: =SUM(C53:H53) -> 0 | P53: =SUM(J53:O53) -> 0 | W53: =SUM(Q53:V53) -> 0 | AD53: =SUM(X53:AC53) -> 0
A54: 4 | B54: RS KARTINI KUPANG | I54: =SUM(C54:H54) -> 0 | P54: =SUM(J54:O54) -> 0 | W54: =SUM(Q54:V54) -> 0 | AD54: =SUM(X54:AC54) -> 0
A55: 5 | B55: RS ST. CAROLUS BORROMEUS | I55: =SUM(C55:H55) -> 0 | P55: =SUM(J55:O55) -> 0 | W55: =SUM(Q55:V55) -> 0 | AD55: =SUM(X55:AC55) -> 0
A56: 6 | B56: RSU LEONA KUPANG | I56: =SUM(C56:H56) -> 0 | P56: =SUM(J56:O56) -> 0 | W56: =SUM(Q56:V56) -> 0 | AD56: =SUM(X56:AC56) -> 0
A57: 7 | B57: RSU SILOAM KUPANG | I57: =SUM(C57:H57) -> 0 | P57: =SUM(J57:O57) -> 0 | W57: =SUM(Q57:V57) -> 0 | AD57: =SUM(X57:AC57) -> 0
A58: 8 | B58: RUMAH SAKIT TK. III WIRASAKTI | I58: =SUM(C58:H58) -> 0 | P58: =SUM(J58:O58) -> 0 | W58: =SUM(Q58:V58) -> 0 | AD58: =SUM(X58:AC58) -> 0
A59: 9 | B59: RSJ NAIMATA | I59: =SUM(C59:H59) -> 0 | P59: =SUM(J59:O59) -> 0 | W59: =SUM(Q59:V59) -> 0 | AD59: =SUM(X59:AC59) -> 0
A60: 10 | B60: RS MAMAMI | I60: =SUM(C60:H60) -> 0 | P60: =SUM(J60:O60) -> 0 | W60: =SUM(Q60:V60) -> 0 | AD60: =SUM(X60:AC60) -> 0
A61: 11 | B61: RSUD S.K. LERIK | I61: =SUM(C61:H61) -> 0 | P61: =SUM(J61:O61) -> 0 | W61: =SUM(Q61:V61) -> 0 | AD61: =SUM(X61:AC61) -> 0
A62: 12 | B62: KU DEWANTA MENTAL JIWA HEALTH CARE | I62: =SUM(C62:H62) -> 0 | P62: =SUM(J62:O62) -> 0 | W62: =SUM(Q62:V62) -> 0 | AD62: =SUM(X62:AC62) -> 0
... A65: 15 | B65: RSUP Dr. BEN MBOI KUPANG | I65: =SUM(C65:H65) -> 0 | P65: =SUM(J65:O65) -> 0 | W65: =SUM(Q65:V65) -> 0 | AD65: =SUM(X65:AC65) -> 0
A66: TOTAL | C66: =SUM(C51:C65) -> 0 | D66: =SUM(D51:D65) -> 0 | E66: =SUM(E51:E65) -> 0 | F66: =SUM(F51:F65) -> 0 | G66: =SUM(G51:G65) -> 0 | H66: =SUM(H51:H65) -> 0 | I66: =SUM(C66:H66) -> 0 | J66: =SUM(J51:J65) -> 0 | K66: =SUM(K51:K65) -> 0 | L66: =SUM(L51:L65) -> 0 | M66: =SUM(M51:M65) -> 0 | N66: =SUM(N51:N65) -> 0 | O66: =SUM(O51:O65) -> 0 | P66: =SUM(J66:O66) -> 0 | Q66: =SUM(Q51:Q65) -> 0 | R66: =SUM(R51:R65) -> 0 | S66: =SUM(S51:S65) -> 0 | T66: =SUM(T51:T65) -> 0 | U66: =SUM(U51:U65) -> 0 | V66: =SUM(V51:V65) -> 0 | W66: =SUM(Q66:V66) -> 0 | X66: =SUM(X51:X65) -> 0 | Y66: =SUM(Y51:Y65) -> 0 | Z66: =SUM(Z51:Z65) -> 0 | AA66: =SUM(AA51:AA65) -> 0 | AB66: =SUM(AB51:AB65) -> 0 | AC66: =SUM(AC51:AC65) -> 0 | AD66: =SUM(X66:AC66) -> 0

Sheet OELE
A2: LAPORAN RUJUKAN
A3: DI PUSKESMAS OELE
A4: TAHUN 2026
A6: No. | B6: NAMA FASKES | C6: JANUARI | J6: FEBRUARI | Q6: MARET | X6: APRIL
C7: UMUM | E7: BPJS/KIS | G7: SKTM | I7: TOTAL | J7: UMUM | L7: BPJS/KIS | N7: SKTM | P7: TOTAL | Q7: UMUM | S7: BPJS/KIS | U7: SKTM | W7: TOTAL | X7: UMUM | Z7: BPJS/KIS | AB7: SKTM | AD7: TOTAL
C8: L | D8: P | E8: L | F8: P | G8: L | H8: P | J8: L | K8: P | L8: L | M8: P | N8: L | O8: P | Q8: L | R8: P | S8: L | T8: P | U8: L | V8: P | X8: L | Y8: P | Z8: L | AA8: P | AB8: L | AC8: P
A9: 1 | B9: RSUD KAB. ROTE NDAO | D9: 12 | E9: 10 | F9: 32 | I9: =SUM(C9:H9) -> 54 | J9: 1 | K9: 6 | L9: 8 | M9: 5 | P9: =SUM(J9:O9) -> 20 | Q9: 3 | R9: 1 | S9: 5 | W9: =SUM(Q9:V9) -> 9 | X9: 4 | Y9: 4 | Z9: 11 | AA9: 15 | AD9: =SUM(X9:AC9) -> 34
A10: 2 | B10: RSUD PROF DR WZ JOHANNES | I10: =SUM(C10:H10) -> 0 | P10: =SUM(J10:O10) -> 0 | T10: 1 | W10: =SUM(Q10:V10) -> 1 | Z10: 1 | AD10: =SUM(X10:AC10) -> 1
A11: 3 | B11: RS BHAYANGKARA KUPANG | I11: =SUM(C11:H11) -> 0 | L11: 1 | P11: =SUM(J11:O11) -> 1 | W11: =SUM(Q11:V11) -> 0 | Z11: 1 | AD11: =SUM(X11:AC11) -> 1
A12: 4 | B12: RS KARTINI KUPANG | H12: 3 | I12: =SUM(C12:H12) -> 3 | M12: 1 | P12: =SUM(J12:O12) -> 1 | S12: 1 | W12: =SUM(Q12:V12) -> 1 | Z12: 1 | AA12: 1 | AD12: =SUM(X12:AC12) -> 2
A13: 5 | B13: RS ST. CAROLUS BORROMEUS | I13: =SUM(C13:H13) -> 0 | P13: =SUM(J13:O13) -> 0 | S13: 1 | W13: =SUM(Q13:V13) -> 1 | Z13: 2 | AD13: =SUM(X13:AC13) -> 2
A14: 6 | B14: RSU LEONA KUPANG | E14: 1 | F14: 1 | I14: =SUM(C14:H14) -> 2 | L14: 1 | M14: 1 | P14: =SUM(J14:O14) -> 2 | S14: 2 | U14: 1 | W14: =SUM(Q14:V14) -> 3 | Z14: 1 | AA14: 4 | AD14: =SUM(X14:AC14) -> 5
A15: 7 | B15: RSU SILOAM KUPANG | E15: 1 | I15: =SUM(C15:H15) -> 1 | L15: 1 | M15: 2 | P15: =SUM(J15:O15) -> 3 | T15: 1 | W15: =SUM(Q15:V15) -> 1 | Z15: 2 | AD15: =SUM(X15:AC15) -> 2
A16: 8 | B16: RUMAH SAKIT TK. III WIRASAKTI | I16: =SUM(C16:H16) -> 0 | M16: 1 | P16: =SUM(J16:O16) -> 1 | T16: 1 | W16: =SUM(Q16:V16) -> 1 | Z16: 1 | AA16: 3 | AD16: =SUM(X16:AC16) -> 4
A17: 9 | B17: RSJ NAIMATA | I17: =SUM(C17:H17) -> 0 | M17: 1 | P17: =SUM(J17:O17) -> 1 | W17: =SUM(Q17:V17) -> 0 | AD17: =SUM(X17:AC17) -> 0
A18: 10 | B18: RS MAMAMI | I18: =SUM(C18:H18) -> 0 | M18: 1 | P18: =SUM(J18:O18) -> 1 | W18: =SUM(Q18:V18) -> 0 | Z18: 1 | AD18: =SUM(X18:AC18) -> 1
A19: 11 | B19: RSUD S.K. LERIK | I19: =SUM(C19:H19) -> 0 | P19: =SUM(J19:O19) -> 0 | W19: =SUM(Q19:V19) -> 0 | AD19: =SUM(X19:AC19) -> 0
A20: 12 | B20: KU DEWANTA MENTAL JIWA HEALTH CARE | I20: =SUM(C20:H20) -> 0 | P20: =SUM(J20:O20) -> 0 | W20: =SUM(Q20:V20) -> 0 | AD20: =SUM(X20:AC20) -> 0
A21: 13 | B21: RSIA DEDARI | F21: 1 | I21: =SUM(C21:H21) -> 1 | M21: 1 | P21: =SUM(J21:O21) -> 1 | W21: =SUM(Q21:V21) -> 0 | AA21: 1 | AD21: =SUM(X21:AC21) -> 1
A22: 14 | B22: RSAL SAMUEL J MOEDA | I22: =SUM(C22:H22) -> 0 | P22: =SUM(J22:O22) -> 0 | W22: =SUM(Q22:V22) -> 0 | AD22: =SUM(X22:AC22) -> 0
A23: 15 | B23: RSUP Dr. BEN MBOI KUPANG | I23: =SUM(C23:H23) -> 0 | P23: =SUM(J23:O23) -> 0 | W23: =SUM(Q23:V23) -> 0 | AD23: =SUM(X23:AC23) -> 0
A24: TOTAL | C24: =SUM(C9:C23) -> 0 | D24: =SUM(D9:D23) -> 12 | E24: =SUM(E9:E23) -> 12 | F24: =SUM(F9:F23) -> 34 | G24: =SUM(G9:G23) -> 0 | H24: =SUM(H9:H23) -> 3 | I24: =SUM(C24:H24) -> 61 | J24: =SUM(J9:J23) -> 1 | K24: =SUM(K9:K23) -> 6 | L24: =SUM(L9:L23) -> 11 | M24: =SUM(M9:M23) -> 13 | N24: =SUM(N9:N23) -> 0 | O24: =SUM(O9:O23) -> 0 | P24: =SUM(J24:O24) -> 31 | Q24: =SUM(Q9:Q23) -> 3 | R24: =SUM(R9:R23) -> 1 | S24: =SUM(S9:S23) -> 9 | T24: =SUM(T9:T23) -> 3 | U24: =SUM(U9:U23) -> 1 | V24: =SUM(V9:V23) -> 0 | W24: =SUM(Q24:V24) -> 17 | X24: =SUM(X9:X23) -> 4 | Y24: =SUM(Y9:Y23) -> 4 | Z24: =SUM(Z9:Z23) -> 21 | AA24: =SUM(AA9:AA23) -> 24 | AB24: =SUM(AB9:AB23) -> 0 | AC24: =SUM(AC9:AC23) -> 0 | AD24: =SUM(X24:AC24) -> 53
A27: No. | B27: NAMA FASKES | C27: MEI | J27: JUNI | Q27: JULI | X27: AGUSTUS
C28: UMUM | E28: BPJS/KIS | G28: SKTM | I28: TOTAL | J28: UMUM | L28: BPJS/KIS | N28: SKTM | P28: TOTAL | Q28: UMUM | S28: BPJS/KIS | U28: SKTM | W28: TOTAL | X28: UMUM | Z28: BPJS/KIS | AB28: SKTM | AD28: TOTAL
C29: L | D29: P | E29: L | F29: P | G29: L | H29: P | J29: L | K29: P | L29: L | M29: P | N29: L | O29: P | Q29: L | R29: P | S29: L | T29: P | U29: L | V29: P | X29: L | Y29: P | Z29: L | AA29: P | AB29: L | AC29: P
A30: 1 | B30: RSUD KAB. ROTE NDAO | C30: 4 | D30: 10 | E30: 11 | F30: 8 | I30: =SUM(C30:H30) -> 33 | K30: 1 | L30: 5 | M30: 21 | P30: =SUM(J30:O30) -> 27 | W30: =SUM(Q30:V30) -> 0 | AD30: =SUM(X30:AC30) -> 0
A31: 2 | B31: RSUD PROF DR WZ JOHANNES | F31: 1 | I31: =SUM(C31:H31) -> 1 | P31: =SUM(J31:O31) -> 0 | W31: =SUM(Q31:V31) -> 0 | AD31: =SUM(X31:AC31) -> 0
A32: 3 | B32: RS BHAYANGKARA KUPANG | I32: =SUM(C32:H32) -> 0 | P32: =SUM(J32:O32) -> 0 | W32: =SUM(Q32:V32) -> 0 | AD32: =SUM(X32:AC32) -> 0
A33: 4 | B33: RS KARTINI KUPANG | E33: 1 | I33: =SUM(C33:H33) -> 1 | L33: 1 | M33: 1 | P33: =SUM(J33:O33) -> 2 | W33: =SUM(Q33:V33) -> 0 | AD33: =SUM(X33:AC33) -> 0
A34: 5 | B34: RS ST. CAROLUS BORROMEUS | I34: =SUM(C34:H34) -> 0 | L34: 1 | P34: =SUM(J34:O34) -> 1 | W34: =SUM(Q34:V34) -> 0 | AD34: =SUM(X34:AC34) -> 0
A35: 6 | B35: RSU LEONA KUPANG | E35: 2 | F35: 3 | I35: =SUM(C35:H35) -> 5 | L35: 2 | M35: 2 | P35: =SUM(J35:O35) -> 4 | W35: =SUM(Q35:V35) -> 0 | AD35: =SUM(X35:AC35) -> 0
A36: 7 | B36: RSU SILOAM KUPANG | E36: 1 | F36: 1 | I36: =SUM(C36:H36) -> 2 | L36: 1 | P36: =SUM(J36:O36) -> 1 | W36: =SUM(Q36:V36) -> 0 | AD36: =SUM(X36:AC36) -> 0
A37: 8 | B37: RUMAH SAKIT TK. III WIRASAKTI | I37: =SUM(C37:H37) -> 0 | P37: =SUM(J37:O37) -> 0 | W37: =SUM(Q37:V37) -> 0 | AD37: =SUM(X37:AC37) -> 0
A38: 9 | B38: RSJ NAIMATA | I38: =SUM(C38:H38) -> 0 | L38: 1 | M38: 1 | P38: =SUM(J38:O38) -> 2 | W38: =SUM(Q38:V38) -> 0 | AD38: =SUM(X38:AC38) -> 0
A39: 10 | B39: RS MAMAMI | I39: =SUM(C39:H39) -> 0 | M39: 1 | P39: =SUM(J39:O39) -> 1 | W39: =SUM(Q39:V39) -> 0 | AD39: =SUM(X39:AC39) -> 0
A40: 11 | B40: RSUD S.K. LERIK | E40: 1 | I40: =SUM(C40:H40) -> 1 | P40: =SUM(J40:O40) -> 0 | W40: =SUM(Q40:V40) -> 0 | AD40: =SUM(X40:AC40) -> 0
A41: 12 | B41: KU DEWANTA MENTAL JIWA HEALTH CARE | I41: =SUM(C41:H41) -> 0 | P41: =SUM(J41:O41) -> 0 | W41: =SUM(Q41:V41) -> 0 | AD41: =SUM(X41:AC41) -> 0
A42: 13 | B42: RSIA DEDARI | I42: =SUM(C42:H42) -> 0 | P42: =SUM(J42:O42) -> 0 | W42: =SUM(Q42:V42) -> 0 | AD42: =SUM(X42:AC42) -> 0
A43: 14 | B43: RSAL SAMUEL J MOEDA | I43: =SUM(C43:H43) -> 0 | P43: =SUM(J43:O43) -> 0 | W43: =SUM(Q43:V43) -> 0 | AD43: =SUM(X43:AC43) -> 0
A44: 15 | B44: RSUP Dr. BEN MBOI KUPANG | I44: =SUM(C44:H44) -> 0 | P44: =SUM(J44:O44) -> 0 | W44: =SUM(Q44:V44) -> 0 | AD44: =SUM(X44:AC44) -> 0
A45: TOTAL | C45: =SUM(C30:C44) -> 4 | D45: =SUM(D30:D44) -> 10 | E45: =SUM(E30:E44) -> 16 | F45: =SUM(F30:F44) -> 13 | G45: =SUM(G30:G44) -> 0 | H45: =SUM(H30:H44) -> 0 | I45: =SUM(C45:H45) -> 43 | J45: =SUM(J30:J44) -> 0 | K45: =SUM(K30:K44) -> 1 | L45: =SUM(L30:L44) -> 11 | M45: =SUM(M30:M44) -> 26 | N45: =SUM(N30:N44) -> 0 | O45: =SUM(O30:O44) -> 0 | P45: =SUM(J45:O45) -> 38 | Q45: =SUM(Q30:Q44) -> 0 | R45: =SUM(R30:R44) -> 0 | S45: =SUM(S30:S44) -> 0 | T45: =SUM(T30:T44) -> 0 | U45: =SUM(U30:U44) -> 0 | V45: =SUM(V30:V44) -> 0 | W45: =SUM(Q45:V45) -> 0 | X45: =SUM(X30:X44) -> 0 | Y45: =SUM(Y30:Y44) -> 0 | Z45: =SUM(Z30:Z44) -> 0 | AA45: =SUM(AA30:AA44) -> 0 | AB45: =SUM(AB30:AB44) -> 0 | AC45: =SUM(AC30:AC44) -> 0 | AD45: =SUM(X45:AC45) -> 0
A48: No. | B48: NAMA FASKES | C48: SEPTEMBER | J48: OKTOBER | Q48: NOVEMBER | X48: DESEMBER
C49: UMUM | E49: BPJS/KIS | G49: SKTM | I49: TOTAL | J49: UMUM | L49: BPJS/KIS | N49: SKTM | P49: TOTAL | Q49: UMUM | S49: BPJS/KIS | U49: SKTM | W49: TOTAL | X49: UMUM | Z49: BPJS/KIS | AB49: SKTM | AD49: TOTAL
C50: L | D50: P | E50: L | F50: P | G50: L | H50: P | J50: L | K50: P | L50: L | M50: P | N50: L | O50: P | Q50: L | R50: P | S50: L | T50: P | U50: L | V50: P | X50: L | Y50: P | Z50: L | AA50: P | AB50: L | AC50: P
A51: 1 | B51: RSUD KAB. ROTE NDAO | I51: =SUM(C51:H51) -> 0 | P51: =SUM(J51:O51) -> 0 | W51: =SUM(Q51:V51) -> 0 | AD51: =SUM(X51:AC51) -> 0
A52: 2 | B52: RSUD PROF DR WZ JOHANNES | I52: =SUM(C52:H52) -> 0 | P52: =SUM(J52:O52) -> 0 | W52: =SUM(Q52:V52) -> 0 | AD52: =SUM(X52:AC52) -> 0
A53: 3 | B53: RS BHAYANGKARA KUPANG | I53: =SUM(C53:H53) -> 0 | P53: =SUM(J53:O53) -> 0 | W53: =SUM(Q53:V53) -> 0 | AD53: =SUM(X53:AC53) -> 0
A54: 4 | B54: RS KARTINI KUPANG | I54: =SUM(C54:H54) -> 0 | P54: =SUM(J54:O54) -> 0 | W54: =SUM(Q54:V54) -> 0 | AD54: =SUM(X54:AC54) -> 0
A55: 5 | B55: RS ST. CAROLUS BORROMEUS | I55: =SUM(C55:H55) -> 0 | P55: =SUM(J55:O55) -> 0 | W55: =SUM(Q55:V55) -> 0 | AD55: =SUM(X55:AC55) -> 0
A56: 6 | B56: RSU LEONA KUPANG | I56: =SUM(C56:H56) -> 0 | P56: =SUM(J56:O56) -> 0 | W56: =SUM(Q56:V56) -> 0 | AD56: =SUM(X56:AC56) -> 0
A57: 7 | B57: RSU SILOAM KUPANG | I57: =SUM(C57:H57) -> 0 | P57: =SUM(J57:O57) -> 0 | W57: =SUM(Q57:V57) -> 0 | AD57: =SUM(X57:AC57) -> 0
A58: 8 | B58: RUMAH SAKIT TK. III WIRASAKTI | I58: =SUM(C58:H58) -> 0 | P58: =SUM(J58:O58) -> 0 | W58: =SUM(Q58:V58) -> 0 | AD58: =SUM(X58:AC58) -> 0
A59: 9 | B59: RSJ NAIMATA | I59: =SUM(C59:H59) -> 0 | P59: =SUM(J59:O59) -> 0 | W59: =SUM(Q59:V59) -> 0 | AD59: =SUM(X59:AC59) -> 0
A60: 10 | B60: RS MAMAMI | I60: =SUM(C60:H60) -> 0 | P60: =SUM(J60:O60) -> 0 | W60: =SUM(Q60:V60) -> 0 | AD60: =SUM(X60:AC60) -> 0
A61: 11 | B61: RSUD S.K. LERIK | I61: =SUM(C61:H61) -> 0 | P61: =SUM(J61:O61) -> 0 | W61: =SUM(Q61:V61) -> 0 | AD61: =SUM(X61:AC61) -> 0
A62: 12 | B62: KU DEWANTA MENTAL JIWA HEALTH CARE | I62: =SUM(C62:H62) -> 0 | P62: =SUM(J62:O62) -> 0 | W62: =SUM(Q62:V62) -> 0 | AD62: =SUM(X62:AC62) -> 0
... A65: 15 | B65: RSUP Dr. BEN MBOI KUPANG | I65: =SUM(C65:H65) -> 0 | P65: =SUM(J65:O65) -> 0 | W65: =SUM(Q65:V65) -> 0 | AD65: =SUM(X65:AC65) -> 0
A66: TOTAL | C66: =SUM(C51:C65) -> 0 | D66: =SUM(D51:D65) -> 0 | E66: =SUM(E51:E65) -> 0 | F66: =SUM(F51:F65) -> 0 | G66: =SUM(G51:G65) -> 0 | H66: =SUM(H51:H65) -> 0 | I66: =SUM(C66:H66) -> 0 | J66: =SUM(J51:J65) -> 0 | K66: =SUM(K51:K65) -> 0 | L66: =SUM(L51:L65) -> 0 | M66: =SUM(M51:M65) -> 0 | N66: =SUM(N51:N65) -> 0 | O66: =SUM(O51:O65) -> 0 | P66: =SUM(J66:O66) -> 0 | Q66: =SUM(Q51:Q65) -> 0 | R66: =SUM(R51:R65) -> 0 | S66: =SUM(S51:S65) -> 0 | T66: =SUM(T51:T65) -> 0 | U66: =SUM(U51:U65) -> 0 | V66: =SUM(V51:V65) -> 0 | W66: =SUM(Q66:V66) -> 0 | X66: =SUM(X51:X65) -> 0 | Y66: =SUM(Y51:Y65) -> 0 | Z66: =SUM(Z51:Z65) -> 0 | AA66: =SUM(AA51:AA65) -> 0 | AB66: =SUM(AB51:AB65) -> 0 | AC66: =SUM(AC51:AC65) -> 0 | AD66: =SUM(X66:AC66) -> 0

Sheet SONIMANU
A2: LAPORAN RUJUKAN
A3: DI PUSKESMAS SONIMANU
A4: TAHUN 2026
A6: No. | B6: NAMA FASKES | C6: JANUARI | J6: FEBRUARI | Q6: MARET | X6: APRIL
C7: UMUM | E7: BPJS/KIS | G7: SKTM | I7: TOTAL | J7: UMUM | L7: BPJS/KIS | N7: SKTM | P7: TOTAL | Q7: UMUM | S7: BPJS/KIS | U7: SKTM | W7: TOTAL | X7: UMUM | Z7: BPJS/KIS | AB7: SKTM | AD7: TOTAL
C8: L | D8: P | E8: L | F8: P | G8: L | H8: P | J8: L | K8: P | L8: L | M8: P | N8: L | O8: P | Q8: L | R8: P | S8: L | T8: P | U8: L | V8: P | X8: L | Y8: P | Z8: L | AA8: P | AB8: L | AC8: P
A9: 1 | B9: RSUD KAB. ROTE NDAO | E9: 3 | F9: 3 | I9: =SUM(C9:H9) -> 6 | M9: 1 | P9: =SUM(J9:O9) -> 1 | S9: 1 | T9: 1 | W9: =SUM(Q9:V9) -> 2 | Z9: 3 | AA9: 3 | AD9: =SUM(X9:AC9) -> 6
A10: 2 | B10: RSUD PROF DR WZ JOHANNES | F10: 1 | I10: =SUM(C10:H10) -> 1 | M10: 1 | P10: =SUM(J10:O10) -> 1 | W10: =SUM(Q10:V10) -> 0 | AA10: 1 | AD10: =SUM(X10:AC10) -> 1
A11: 3 | B11: RS BHAYANGKARA KUPANG | I11: =SUM(C11:H11) -> 0 | P11: =SUM(J11:O11) -> 0 | W11: =SUM(Q11:V11) -> 0 | AD11: =SUM(X11:AC11) -> 0
A12: 4 | B12: RS KARTINI KUPANG | F12: 2 | I12: =SUM(C12:H12) -> 2 | P12: =SUM(J12:O12) -> 0 | T12: 1 | W12: =SUM(Q12:V12) -> 1 | AA12: 2 | AD12: =SUM(X12:AC12) -> 2
A13: 5 | B13: RS ST. CAROLUS BORROMEUS | F13: 1 | I13: =SUM(C13:H13) -> 1 | P13: =SUM(J13:O13) -> 0 | W13: =SUM(Q13:V13) -> 0 | AA13: 1 | AD13: =SUM(X13:AC13) -> 1
A14: 6 | B14: RSU LEONA KUPANG | I14: =SUM(C14:H14) -> 0 | M14: 3 | P14: =SUM(J14:O14) -> 3 | S14: 1 | T14: 1 | W14: =SUM(Q14:V14) -> 2 | AD14: =SUM(X14:AC14) -> 0
A15: 7 | B15: RSU SILOAM KUPANG | F15: 1 | I15: =SUM(C15:H15) -> 1 | P15: =SUM(J15:O15) -> 0 | T15: 2 | W15: =SUM(Q15:V15) -> 2 | AA15: 1 | AD15: =SUM(X15:AC15) -> 1
A16: 8 | B16: RUMAH SAKIT TK. III WIRASAKTI | I16: =SUM(C16:H16) -> 0 | P16: =SUM(J16:O16) -> 0 | S16: 1 | W16: =SUM(Q16:V16) -> 1 | AD16: =SUM(X16:AC16) -> 0
A17: 9 | B17: RSJ NAIMATA | I17: =SUM(C17:H17) -> 0 | P17: =SUM(J17:O17) -> 0 | S17: 1 | W17: =SUM(Q17:V17) -> 1 | AD17: =SUM(X17:AC17) -> 0
A18: 10 | B18: RS MAMAMI | I18: =SUM(C18:H18) -> 0 | P18: =SUM(J18:O18) -> 0 | W18: =SUM(Q18:V18) -> 0 | AD18: =SUM(X18:AC18) -> 0
A19: 11 | B19: RSUD S.K. LERIK | I19: =SUM(C19:H19) -> 0 | P19: =SUM(J19:O19) -> 0 | W19: =SUM(Q19:V19) -> 0 | AD19: =SUM(X19:AC19) -> 0
A20: 12 | B20: KU DEWANTA MENTAL JIWA HEALTH CARE | I20: =SUM(C20:H20) -> 0 | P20: =SUM(J20:O20) -> 0 | W20: =SUM(Q20:V20) -> 0 | AD20: =SUM(X20:AC20) -> 0
A21: 13 | B21: RSIA DEDARI | I21: =SUM(C21:H21) -> 0 | P21: =SUM(J21:O21) -> 0 | W21: =SUM(Q21:V21) -> 0 | AD21: =SUM(X21:AC21) -> 0
A22: 14 | B22: RSAL SAMUEL J MOEDA | I22: =SUM(C22:H22) -> 0 | P22: =SUM(J22:O22) -> 0 | W22: =SUM(Q22:V22) -> 0 | AD22: =SUM(X22:AC22) -> 0
A23: 15 | B23: RSUP Dr. BEN MBOI KUPANG | I23: =SUM(C23:H23) -> 0 | P23: =SUM(J23:O23) -> 0 | W23: =SUM(Q23:V23) -> 0 | AD23: =SUM(X23:AC23) -> 0
A24: TOTAL | C24: =SUM(C9:C23) -> 0 | D24: =SUM(D9:D23) -> 0 | E24: =SUM(E9:E23) -> 3 | F24: =SUM(F9:F23) -> 8 | G24: =SUM(G9:G23) -> 0 | H24: =SUM(H9:H23) -> 0 | I24: =SUM(C24:H24) -> 11 | J24: =SUM(J9:J23) -> 0 | K24: =SUM(K9:K23) -> 0 | L24: =SUM(L9:L23) -> 0 | M24: =SUM(M9:M23) -> 5 | N24: =SUM(N9:N23) -> 0 | O24: =SUM(O9:O23) -> 0 | P24: =SUM(J24:O24) -> 5 | Q24: =SUM(Q9:Q23) -> 0 | R24: =SUM(R9:R23) -> 0 | S24: =SUM(S9:S23) -> 4 | T24: =SUM(T9:T23) -> 5 | U24: =SUM(U9:U23) -> 0 | V24: =SUM(V9:V23) -> 0 | W24: =SUM(Q24:V24) -> 9 | X24: =SUM(X9:X23) -> 0 | Y24: =SUM(Y9:Y23) -> 0 | Z24: =SUM(Z9:Z23) -> 3 | AA24: =SUM(AA9:AA23) -> 8 | AB24: =SUM(AB9:AB23) -> 0 | AC24: =SUM(AC9:AC23) -> 0 | AD24: =SUM(X24:AC24) -> 11
A27: No. | B27: NAMA FASKES | C27: MEI | J27: JUNI | Q27: JULI | X27: AGUSTUS
C28: UMUM | E28: BPJS/KIS | G28: SKTM | I28: TOTAL | J28: UMUM | L28: BPJS/KIS | N28: SKTM | P28: TOTAL | Q28: UMUM | S28: BPJS/KIS | U28: SKTM | W28: TOTAL | X28: UMUM | Z28: BPJS/KIS | AB28: SKTM | AD28: TOTAL
C29: L | D29: P | E29: L | F29: P | G29: L | H29: P | J29: L | K29: P | L29: L | M29: p | N29: L | O29: P | Q29: L | R29: P | S29: L | T29: P | U29: L | V29: P | X29: L | Y29: P | Z29: L | AA29: P | AB29: L | AC29: P
A30: 1 | B30: RSUD KAB. ROTE NDAO | E30: 1 | F30: 1 | I30: =SUM(C30:H30) -> 2 | L30: 1 | M30: 2 | P30: =SUM(J30:O30) -> 3 | W30: =SUM(Q30:V30) -> 0 | AD30: =SUM(X30:AC30) -> 0
A31: 2 | B31: RSUD PROF DR WZ JOHANNES | I31: =SUM(C31:H31) -> 0 | M31: 1 | P31: =SUM(J31:O31) -> 1 | W31: =SUM(Q31:V31) -> 0 | AD31: =SUM(X31:AC31) -> 0
A32: 3 | B32: RS BHAYANGKARA KUPANG | I32: =SUM(C32:H32) -> 0 | P32: =SUM(J32:O32) -> 0 | W32: =SUM(Q32:V32) -> 0 | AD32: =SUM(X32:AC32) -> 0
A33: 4 | B33: RS KARTINI KUPANG | F33: 1 | I33: =SUM(C33:H33) -> 1 | M33: 1 | P33: =SUM(J33:O33) -> 1 | W33: =SUM(Q33:V33) -> 0 | AD33: =SUM(X33:AC33) -> 0
A34: 5 | B34: RS ST. CAROLUS BORROMEUS | I34: =SUM(C34:H34) -> 0 | P34: =SUM(J34:O34) -> 0 | W34: =SUM(Q34:V34) -> 0 | AD34: =SUM(X34:AC34) -> 0
A35: 6 | B35: RSU LEONA KUPANG | E35: 1 | F35: 1 | I35: =SUM(C35:H35) -> 2 | L35: 1 | P35: =SUM(J35:O35) -> 1 | W35: =SUM(Q35:V35) -> 0 | AD35: =SUM(X35:AC35) -> 0
A36: 7 | B36: RSU SILOAM KUPANG | I36: =SUM(C36:H36) -> 0 | P36: =SUM(J36:O36) -> 0 | W36: =SUM(Q36:V36) -> 0 | AD36: =SUM(X36:AC36) -> 0
A37: 8 | B37: RUMAH SAKIT TK. III WIRASAKTI | I37: =SUM(C37:H37) -> 0 | M37: 1 | P37: =SUM(J37:O37) -> 1 | W37: =SUM(Q37:V37) -> 0 | AD37: =SUM(X37:AC37) -> 0
A38: 9 | B38: RSJ NAIMATA | I38: =SUM(C38:H38) -> 0 | L38: 1 | P38: =SUM(J38:O38) -> 1 | W38: =SUM(Q38:V38) -> 0 | AD38: =SUM(X38:AC38) -> 0
A39: 10 | B39: RS MAMAMI | I39: =SUM(C39:H39) -> 0 | P39: =SUM(J39:O39) -> 0 | W39: =SUM(Q39:V39) -> 0 | AD39: =SUM(X39:AC39) -> 0
A40: 11 | B40: RSUD S.K. LERIK | I40: =SUM(C40:H40) -> 0 | P40: =SUM(J40:O40) -> 0 | W40: =SUM(Q40:V40) -> 0 | AD40: =SUM(X40:AC40) -> 0
A41: 12 | B41: KU DEWANTA MENTAL JIWA HEALTH CARE | I41: =SUM(C41:H41) -> 0 | P41: =SUM(J41:O41) -> 0 | W41: =SUM(Q41:V41) -> 0 | AD41: =SUM(X41:AC41) -> 0
A42: 13 | B42: RSIA DEDARI | I42: =SUM(C42:H42) -> 0 | P42: =SUM(J42:O42) -> 0 | W42: =SUM(Q42:V42) -> 0 | AD42: =SUM(X42:AC42) -> 0
A43: 14 | B43: RSAL SAMUEL J MOEDA | I43: =SUM(C43:H43) -> 0 | P43: =SUM(J43:O43) -> 0 | W43: =SUM(Q43:V43) -> 0 | AD43: =SUM(X43:AC43) -> 0
A44: 15 | B44: RSUP Dr. BEN MBOI KUPANG | I44: =SUM(C44:H44) -> 0 | P44: =SUM(J44:O44) -> 0 | W44: =SUM(Q44:V44) -> 0 | AD44: =SUM(X44:AC44) -> 0
A45: TOTAL | C45: =SUM(C30:C44) -> 0 | D45: =SUM(D30:D44) -> 0 | E45: =SUM(E30:E44) -> 2 | F45: =SUM(F30:F44) -> 3 | G45: =SUM(G30:G44) -> 0 | H45: =SUM(H30:H44) -> 0 | I45: =SUM(C45:H45) -> 5 | J45: =SUM(J30:J44) -> 0 | K45: =SUM(K30:K44) -> 0 | L45: =SUM(L30:L44) -> 3 | M45: =SUM(M30:M44) -> 5 | N45: =SUM(N30:N44) -> 0 | O45: =SUM(O30:O44) -> 0 | P45: =SUM(J45:O45) -> 8 | Q45: =SUM(Q30:Q44) -> 0 | R45: =SUM(R30:R44) -> 0 | S45: =SUM(S30:S44) -> 0 | T45: =SUM(T30:T44) -> 0 | U45: =SUM(U30:U44) -> 0 | V45: =SUM(V30:V44) -> 0 | W45: =SUM(Q45:V45) -> 0 | X45: =SUM(X30:X44) -> 0 | Y45: =SUM(Y30:Y44) -> 0 | Z45: =SUM(Z30:Z44) -> 0 | AA45: =SUM(AA30:AA44) -> 0 | AB45: =SUM(AB30:AB44) -> 0 | AC45: =SUM(AC30:AC44) -> 0 | AD45: =SUM(X45:AC45) -> 0
A48: No. | B48: NAMA FASKES | C48: SEPTEMBER | J48: OKTOBER | Q48: NOVEMBER | X48: DESEMBER
C49: UMUM | E49: BPJS/KIS | G49: SKTM | I49: TOTAL | J49: UMUM | L49: BPJS/KIS | N49: SKTM | P49: TOTAL | Q49: UMUM | S49: BPJS/KIS | U49: SKTM | W49: TOTAL | X49: UMUM | Z49: BPJS/KIS | AB49: SKTM | AD49: TOTAL
C50: L | D50: P | E50: L | F50: P | G50: L | H50: P | J50: L | K50: P | L50: L | M50: P | N50: L | O50: P | Q50: L | R50: P | S50: L | T50: P | U50: L | V50: P | X50: L | Y50: P | Z50: L | AA50: P | AB50: L | AC50: P
A51: 1 | B51: RSUD KAB. ROTE NDAO | I51: =SUM(C51:H51) -> 0 | P51: =SUM(J51:O51) -> 0 | W51: =SUM(Q51:V51) -> 0 | AD51: =SUM(X51:AC51) -> 0
A52: 2 | B52: RSUD PROF DR WZ JOHANNES | I52: =SUM(C52:H52) -> 0 | P52: =SUM(J52:O52) -> 0 | W52: =SUM(Q52:V52) -> 0 | AD52: =SUM(X52:AC52) -> 0
A53: 3 | B53: RS BHAYANGKARA KUPANG | I53: =SUM(C53:H53) -> 0 | P53: =SUM(J53:O53) -> 0 | W53: =SUM(Q53:V53) -> 0 | AD53: =SUM(X53:AC53) -> 0
A54: 4 | B54: RS KARTINI KUPANG | I54: =SUM(C54:H54) -> 0 | P54: =SUM(J54:O54) -> 0 | W54: =SUM(Q54:V54) -> 0 | AD54: =SUM(X54:AC54) -> 0
A55: 5 | B55: RS ST. CAROLUS BORROMEUS | I55: =SUM(C55:H55) -> 0 | P55: =SUM(J55:O55) -> 0 | W55: =SUM(Q55:V55) -> 0 | AD55: =SUM(X55:AC55) -> 0
A56: 6 | B56: RSU LEONA KUPANG | I56: =SUM(C56:H56) -> 0 | P56: =SUM(J56:O56) -> 0 | W56: =SUM(Q56:V56) -> 0 | AD56: =SUM(X56:AC56) -> 0
A57: 7 | B57: RSU SILOAM KUPANG | I57: =SUM(C57:H57) -> 0 | P57: =SUM(J57:O57) -> 0 | W57: =SUM(Q57:V57) -> 0 | AD57: =SUM(X57:AC57) -> 0
A58: 8 | B58: RUMAH SAKIT TK. III WIRASAKTI | I58: =SUM(C58:H58) -> 0 | P58: =SUM(J58:O58) -> 0 | W58: =SUM(Q58:V58) -> 0 | AD58: =SUM(X58:AC58) -> 0
A59: 9 | B59: RSJ NAIMATA | I59: =SUM(C59:H59) -> 0 | P59: =SUM(J59:O59) -> 0 | W59: =SUM(Q59:V59) -> 0 | AD59: =SUM(X59:AC59) -> 0
A60: 10 | B60: RS MAMAMI | I60: =SUM(C60:H60) -> 0 | P60: =SUM(J60:O60) -> 0 | W60: =SUM(Q60:V60) -> 0 | AD60: =SUM(X60:AC60) -> 0
A61: 11 | B61: RSUD S.K. LERIK | I61: =SUM(C61:H61) -> 0 | P61: =SUM(J61:O61) -> 0 | W61: =SUM(Q61:V61) -> 0 | AD61: =SUM(X61:AC61) -> 0
A62: 12 | B62: KU DEWANTA MENTAL JIWA HEALTH CARE | I62: =SUM(C62:H62) -> 0 | P62: =SUM(J62:O62) -> 0 | W62: =SUM(Q62:V62) -> 0 | AD62: =SUM(X62:AC62) -> 0
... A65: 15 | B65: RSUP Dr. BEN MBOI KUPANG | I65: =SUM(C65:H65) -> 0 | P65: =SUM(J65:O65) -> 0 | W65: =SUM(Q65:V65) -> 0 | AD65: =SUM(X65:AC65) -> 0
A66: TOTAL | C66: =SUM(C51:C65) -> 0 | D66: =SUM(D51:D65) -> 0 | E66: =SUM(E51:E65) -> 0 | F66: =SUM(F51:F65) -> 0 | G66: =SUM(G51:G65) -> 0 | H66: =SUM(H51:H65) -> 0 | I66: =SUM(C66:H66) -> 0 | J66: =SUM(J51:J65) -> 0 | K66: =SUM(K51:K65) -> 0 | L66: =SUM(L51:L65) -> 0 | M66: =SUM(M51:M65) -> 0 | N66: =SUM(N51:N65) -> 0 | O66: =SUM(O51:O65) -> 0 | P66: =SUM(J66:O66) -> 0 | Q66: =SUM(Q51:Q65) -> 0 | R66: =SUM(R51:R65) -> 0 | S66: =SUM(S51:S65) -> 0 | T66: =SUM(T51:T65) -> 0 | U66: =SUM(U51:U65) -> 0 | V66: =SUM(V51:V65) -> 0 | W66: =SUM(Q66:V66) -> 0 | X66: =SUM(X51:X65) -> 0 | Y66: =SUM(Y51:Y65) -> 0 | Z66: =SUM(Z51:Z65) -> 0 | AA66: =SUM(AA51:AA65) -> 0 | AB66: =SUM(AB51:AB65) -> 0 | AC66: =SUM(AC51:AC65) -> 0 | AD66: =SUM(X66:AC66) -> 0

Sheet SOTIMORI
A2: LAPORAN RUJUKAN
A3: DI PUSKESMAS SOTIMORI
A4: TAHUN 2026
A6: No. | B6: NAMA FASKES | C6: JANUARI | J6: FEBRUARI | Q6: MARET | X6: APRIL
C7: UMUM | E7: BPJS/KIS | G7: SKTM | I7: TOTAL | J7: UMUM | L7: BPJS/KIS | N7: SKTM | P7: TOTAL | Q7: UMUM | S7: BPJS/KIS | U7: SKTM | W7: TOTAL | X7: UMUM | Z7: BPJS/KIS | AB7: SKTM | AD7: TOTAL
C8: L | D8: P | E8: L | F8: P | G8: L | H8: P | J8: L | K8: P | L8: L | M8: P | N8: L | O8: P | Q8: L | R8: P | S8: L | T8: P | U8: L | V8: P | X8: L | Y8: P | Z8: L | AA8: P | AB8: L | AC8: P
A9: 1 | B9: RSUD KAB. ROTE NDAO | E9: 10 | F9: 8 | I9: =SUM(C9:H9) -> 18 | L9: 1 | M9: 4 | P9: =SUM(J9:O9) -> 5 | S9: 2 | T9: 3 | W9: =SUM(Q9:V9) -> 5 | Z9: 3 | AA9: 9 | AD9: =SUM(X9:AC9) -> 12
A10: 2 | B10: RSUD PROF DR WZ JOHANNES | I10: =SUM(C10:H10) -> 0 | P10: =SUM(J10:O10) -> 0 | W10: =SUM(Q10:V10) -> 0 | AD10: =SUM(X10:AC10) -> 0
A11: 3 | B11: RS BHAYANGKARA KUPANG | I11: =SUM(C11:H11) -> 0 | P11: =SUM(J11:O11) -> 0 | W11: =SUM(Q11:V11) -> 0 | AD11: =SUM(X11:AC11) -> 0
A12: 4 | B12: RS KARTINI KUPANG | I12: =SUM(C12:H12) -> 0 | L12: 1 | P12: =SUM(J12:O12) -> 1 | W12: =SUM(Q12:V12) -> 0 | AA12: 1 | AD12: =SUM(X12:AC12) -> 1
A13: 5 | B13: RS ST. CAROLUS BORROMEUS | I13: =SUM(C13:H13) -> 0 | L13: 1 | M13: 1 | P13: =SUM(J13:O13) -> 2 | W13: =SUM(Q13:V13) -> 0 | AA13: 1 | AD13: =SUM(X13:AC13) -> 1
A14: 6 | B14: RSU LEONA KUPANG | I14: =SUM(C14:H14) -> 0 | L14: 2 | M14: 1 | P14: =SUM(J14:O14) -> 3 | T14: 2 | W14: =SUM(Q14:V14) -> 2 | Z14: 1 | AD14: =SUM(X14:AC14) -> 1
A15: 7 | B15: RSU SILOAM KUPANG | I15: =SUM(C15:H15) -> 0 | P15: =SUM(J15:O15) -> 0 | W15: =SUM(Q15:V15) -> 0 | AD15: =SUM(X15:AC15) -> 0
A16: 8 | B16: RUMAH SAKIT TK. III WIRASAKTI | I16: =SUM(C16:H16) -> 0 | P16: =SUM(J16:O16) -> 0 | W16: =SUM(Q16:V16) -> 0 | AD16: =SUM(X16:AC16) -> 0
A17: 9 | B17: RSJ NAIMATA | I17: =SUM(C17:H17) -> 0 | P17: =SUM(J17:O17) -> 0 | W17: =SUM(Q17:V17) -> 0 | AD17: =SUM(X17:AC17) -> 0
A18: 10 | B18: RS MAMAMI | I18: =SUM(C18:H18) -> 0 | P18: =SUM(J18:O18) -> 0 | W18: =SUM(Q18:V18) -> 0 | AD18: =SUM(X18:AC18) -> 0
A19: 11 | B19: RSUD S.K. LERIK | I19: =SUM(C19:H19) -> 0 | P19: =SUM(J19:O19) -> 0 | W19: =SUM(Q19:V19) -> 0 | AD19: =SUM(X19:AC19) -> 0
A20: 12 | B20: KU DEWANTA MENTAL JIWA HEALTH CARE | I20: =SUM(C20:H20) -> 0 | P20: =SUM(J20:O20) -> 0 | W20: =SUM(Q20:V20) -> 0 | AD20: =SUM(X20:AC20) -> 0
A21: 13 | B21: RSIA DEDARI | I21: =SUM(C21:H21) -> 0 | M21: 1 | P21: =SUM(J21:O21) -> 1 | T21: 1 | W21: =SUM(Q21:V21) -> 1 | AD21: =SUM(X21:AC21) -> 0
A22: 14 | B22: RSAL SAMUEL J MOEDA | I22: =SUM(C22:H22) -> 0 | P22: =SUM(J22:O22) -> 0 | W22: =SUM(Q22:V22) -> 0 | AD22: =SUM(X22:AC22) -> 0
A23: 15 | B23: RSUP Dr. BEN MBOI KUPANG | I23: =SUM(C23:H23) -> 0 | P23: =SUM(J23:O23) -> 0 | W23: =SUM(Q23:V23) -> 0 | AD23: =SUM(X23:AC23) -> 0
A24: TOTAL | C24: =SUM(C9:C23) -> 0 | D24: =SUM(D9:D23) -> 0 | E24: =SUM(E9:E23) -> 10 | F24: =SUM(F9:F23) -> 8 | G24: =SUM(G9:G23) -> 0 | H24: =SUM(H9:H23) -> 0 | I24: =SUM(C24:H24) -> 18 | J24: =SUM(J9:J23) -> 0 | K24: =SUM(K9:K23) -> 0 | L24: =SUM(L9:L23) -> 5 | M24: =SUM(M9:M23) -> 7 | N24: =SUM(N9:N23) -> 0 | O24: =SUM(O9:O23) -> 0 | P24: =SUM(J24:O24) -> 12 | Q24: =SUM(Q9:Q23) -> 0 | R24: =SUM(R9:R23) -> 0 | S24: =SUM(S9:S23) -> 2 | T24: =SUM(T9:T23) -> 6 | U24: =SUM(U9:U23) -> 0 | V24: =SUM(V9:V23) -> 0 | W24: =SUM(Q24:V24) -> 8 | X24: =SUM(X9:X23) -> 0 | Y24: =SUM(Y9:Y23) -> 0 | Z24: =SUM(Z9:Z23) -> 4 | AA24: =SUM(AA9:AA23) -> 11 | AB24: =SUM(AB9:AB23) -> 0 | AC24: =SUM(AC9:AC23) -> 0 | AD24: =SUM(X24:AC24) -> 15
A27: No. | B27: NAMA FASKES | C27: MEI | J27: JUNI | Q27: JULI | X27: AGUSTUS
C28: UMUM | E28: BPJS/KIS | G28: SKTM | I28: TOTAL | J28: UMUM | L28: BPJS/KIS | N28: SKTM | P28: TOTAL | Q28: UMUM | S28: BPJS/KIS | U28: SKTM | W28: TOTAL | X28: UMUM | Z28: BPJS/KIS | AB28: SKTM | AD28: TOTAL
C29: L | D29: P | E29: L | F29: P | G29: L | H29: P | J29: L | K29: P | L29: L | M29: P | N29: L | O29: P | Q29: L | R29: P | S29: L | T29: P | U29: L | V29: P | X29: L | Y29: P | Z29: L | AA29: P | AB29: L | AC29: P
A30: 1 | B30: RSUD KAB. ROTE NDAO | E30: 7 | F30: 6 | I30: =SUM(C30:H30) -> 13 | P30: =SUM(J30:O30) -> 0 | W30: =SUM(Q30:V30) -> 0 | AD30: =SUM(X30:AC30) -> 0
A31: 2 | B31: RSUD PROF DR WZ JOHANNES | E31: 1 | I31: =SUM(C31:H31) -> 1 | P31: =SUM(J31:O31) -> 0 | W31: =SUM(Q31:V31) -> 0 | AD31: =SUM(X31:AC31) -> 0
A32: 3 | B32: RS BHAYANGKARA KUPANG | I32: =SUM(C32:H32) -> 0 | P32: =SUM(J32:O32) -> 0 | W32: =SUM(Q32:V32) -> 0 | AD32: =SUM(X32:AC32) -> 0
A33: 4 | B33: RS KARTINI KUPANG | I33: =SUM(C33:H33) -> 0 | P33: =SUM(J33:O33) -> 0 | W33: =SUM(Q33:V33) -> 0 | AD33: =SUM(X33:AC33) -> 0
A34: 5 | B34: RS ST. CAROLUS BORROMEUS | F34: 1 | I34: =SUM(C34:H34) -> 1 | P34: =SUM(J34:O34) -> 0 | W34: =SUM(Q34:V34) -> 0 | AD34: =SUM(X34:AC34) -> 0
A35: 6 | B35: RSU LEONA KUPANG | E35: 1 | F35: 3 | I35: =SUM(C35:H35) -> 4 | P35: =SUM(J35:O35) -> 0 | W35: =SUM(Q35:V35) -> 0 | AD35: =SUM(X35:AC35) -> 0
A36: 7 | B36: RSU SILOAM KUPANG | I36: =SUM(C36:H36) -> 0 | P36: =SUM(J36:O36) -> 0 | W36: =SUM(Q36:V36) -> 0 | AD36: =SUM(X36:AC36) -> 0
A37: 8 | B37: RUMAH SAKIT TK. III WIRASAKTI | F37: 1 | I37: =SUM(C37:H37) -> 1 | P37: =SUM(J37:O37) -> 0 | W37: =SUM(Q37:V37) -> 0 | AD37: =SUM(X37:AC37) -> 0
A38: 9 | B38: RSJ NAIMATA | I38: =SUM(C38:H38) -> 0 | P38: =SUM(J38:O38) -> 0 | W38: =SUM(Q38:V38) -> 0 | AD38: =SUM(X38:AC38) -> 0
A39: 10 | B39: RS MAMAMI | I39: =SUM(C39:H39) -> 0 | P39: =SUM(J39:O39) -> 0 | W39: =SUM(Q39:V39) -> 0 | AD39: =SUM(X39:AC39) -> 0
A40: 11 | B40: RSUD S.K. LERIK | I40: =SUM(C40:H40) -> 0 | P40: =SUM(J40:O40) -> 0 | W40: =SUM(Q40:V40) -> 0 | AD40: =SUM(X40:AC40) -> 0
A41: 12 | B41: KU DEWANTA MENTAL JIWA HEALTH CARE | I41: =SUM(C41:H41) -> 0 | P41: =SUM(J41:O41) -> 0 | W41: =SUM(Q41:V41) -> 0 | AD41: =SUM(X41:AC41) -> 0
A42: 13 | B42: RSIA DEDARI | I42: =SUM(C42:H42) -> 0 | P42: =SUM(J42:O42) -> 0 | W42: =SUM(Q42:V42) -> 0 | AD42: =SUM(X42:AC42) -> 0
A43: 14 | B43: RSAL SAMUEL J MOEDA | I43: =SUM(C43:H43) -> 0 | P43: =SUM(J43:O43) -> 0 | W43: =SUM(Q43:V43) -> 0 | AD43: =SUM(X43:AC43) -> 0
A44: 15 | B44: RSUP Dr. BEN MBOI KUPANG | I44: =SUM(C44:H44) -> 0 | P44: =SUM(J44:O44) -> 0 | W44: =SUM(Q44:V44) -> 0 | AD44: =SUM(X44:AC44) -> 0
A45: TOTAL | C45: =SUM(C30:C44) -> 0 | D45: =SUM(D30:D44) -> 0 | E45: =SUM(E30:E44) -> 9 | F45: =SUM(F30:F44) -> 11 | G45: =SUM(G30:G44) -> 0 | H45: =SUM(H30:H44) -> 0 | I45: =SUM(C45:H45) -> 20 | J45: =SUM(J30:J44) -> 0 | K45: =SUM(K30:K44) -> 0 | L45: =SUM(L30:L44) -> 0 | M45: =SUM(M30:M44) -> 0 | N45: =SUM(N30:N44) -> 0 | O45: =SUM(O30:O44) -> 0 | P45: =SUM(J45:O45) -> 0 | Q45: =SUM(Q30:Q44) -> 0 | R45: =SUM(R30:R44) -> 0 | S45: =SUM(S30:S44) -> 0 | T45: =SUM(T30:T44) -> 0 | U45: =SUM(U30:U44) -> 0 | V45: =SUM(V30:V44) -> 0 | W45: =SUM(Q45:V45) -> 0 | X45: =SUM(X30:X44) -> 0 | Y45: =SUM(Y30:Y44) -> 0 | Z45: =SUM(Z30:Z44) -> 0 | AA45: =SUM(AA30:AA44) -> 0 | AB45: =SUM(AB30:AB44) -> 0 | AC45: =SUM(AC30:AC44) -> 0 | AD45: =SUM(X45:AC45) -> 0
A48: No. | B48: NAMA FASKES | C48: SEPTEMBER | J48: OKTOBER | Q48: NOVEMBER | X48: DESEMBER
C49: UMUM | E49: BPJS/KIS | G49: SKTM | I49: TOTAL | J49: UMUM | L49: BPJS/KIS | N49: SKTM | P49: TOTAL | Q49: UMUM | S49: BPJS/KIS | U49: SKTM | W49: TOTAL | X49: UMUM | Z49: BPJS/KIS | AB49: SKTM | AD49: TOTAL
C50: L | D50: P | E50: L | F50: P | G50: L | H50: P | J50: L | K50: P | L50: L | M50: P | N50: L | O50: P | Q50: L | R50: P | S50: L | T50: P | U50: L | V50: P | X50: L | Y50: P | Z50: L | AA50: P | AB50: L | AC50: P
A51: 1 | B51: RSUD KAB. ROTE NDAO | I51: =SUM(C51:H51) -> 0 | P51: =SUM(J51:O51) -> 0 | W51: =SUM(Q51:V51) -> 0 | AD51: =SUM(X51:AC51) -> 0
A52: 2 | B52: RSUD PROF DR WZ JOHANNES | I52: =SUM(C52:H52) -> 0 | P52: =SUM(J52:O52) -> 0 | W52: =SUM(Q52:V52) -> 0 | AD52: =SUM(X52:AC52) -> 0
A53: 3 | B53: RS BHAYANGKARA KUPANG | I53: =SUM(C53:H53) -> 0 | P53: =SUM(J53:O53) -> 0 | W53: =SUM(Q53:V53) -> 0 | AD53: =SUM(X53:AC53) -> 0
A54: 4 | B54: RS KARTINI KUPANG | I54: =SUM(C54:H54) -> 0 | P54: =SUM(J54:O54) -> 0 | W54: =SUM(Q54:V54) -> 0 | AD54: =SUM(X54:AC54) -> 0
A55: 5 | B55: RS ST. CAROLUS BORROMEUS | I55: =SUM(C55:H55) -> 0 | P55: =SUM(J55:O55) -> 0 | W55: =SUM(Q55:V55) -> 0 | AD55: =SUM(X55:AC55) -> 0
A56: 6 | B56: RSU LEONA KUPANG | I56: =SUM(C56:H56) -> 0 | P56: =SUM(J56:O56) -> 0 | W56: =SUM(Q56:V56) -> 0 | AD56: =SUM(X56:AC56) -> 0
A57: 7 | B57: RSU SILOAM KUPANG | I57: =SUM(C57:H57) -> 0 | P57: =SUM(J57:O57) -> 0 | W57: =SUM(Q57:V57) -> 0 | AD57: =SUM(X57:AC57) -> 0
A58: 8 | B58: RUMAH SAKIT TK. III WIRASAKTI | I58: =SUM(C58:H58) -> 0 | P58: =SUM(J58:O58) -> 0 | W58: =SUM(Q58:V58) -> 0 | AD58: =SUM(X58:AC58) -> 0
A59: 9 | B59: RSJ NAIMATA | I59: =SUM(C59:H59) -> 0 | P59: =SUM(J59:O59) -> 0 | W59: =SUM(Q59:V59) -> 0 | AD59: =SUM(X59:AC59) -> 0
A60: 10 | B60: RS MAMAMI | I60: =SUM(C60:H60) -> 0 | P60: =SUM(J60:O60) -> 0 | W60: =SUM(Q60:V60) -> 0 | AD60: =SUM(X60:AC60) -> 0
A61: 11 | B61: RSUD S.K. LERIK | I61: =SUM(C61:H61) -> 0 | P61: =SUM(J61:O61) -> 0 | W61: =SUM(Q61:V61) -> 0 | AD61: =SUM(X61:AC61) -> 0
A62: 12 | B62: KU DEWANTA MENTAL JIWA HEALTH CARE | I62: =SUM(C62:H62) -> 0 | P62: =SUM(J62:O62) -> 0 | W62: =SUM(Q62:V62) -> 0 | AD62: =SUM(X62:AC62) -> 0
... A65: 15 | B65: RSUP Dr. BEN MBOI KUPANG | I65: =SUM(C65:H65) -> 0 | P65: =SUM(J65:O65) -> 0 | W65: =SUM(Q65:V65) -> 0 | AD65: =SUM(X65:AC65) -> 0
A66: TOTAL | C66: =SUM(C51:C65) -> 0 | D66: =SUM(D51:D65) -> 0 | E66: =SUM(E51:E65) -> 0 | F66: =SUM(F51:F65) -> 0 | G66: =SUM(G51:G65) -> 0 | H66: =SUM(H51:H65) -> 0 | I66: =SUM(C66:H66) -> 0 | J66: =SUM(J51:J65) -> 0 | K66: =SUM(K51:K65) -> 0 | L66: =SUM(L51:L65) -> 0 | M66: =SUM(M51:M65) -> 0 | N66: =SUM(N51:N65) -> 0 | O66: =SUM(O51:O65) -> 0 | P66: =SUM(J66:O66) -> 0 | Q66: =SUM(Q51:Q65) -> 0 | R66: =SUM(R51:R65) -> 0 | S66: =SUM(S51:S65) -> 0 | T66: =SUM(T51:T65) -> 0 | U66: =SUM(U51:U65) -> 0 | V66: =SUM(V51:V65) -> 0 | W66: =SUM(Q66:V66) -> 0 | X66: =SUM(X51:X65) -> 0 | Y66: =SUM(Y51:Y65) -> 0 | Z66: =SUM(Z51:Z65) -> 0 | AA66: =SUM(AA51:AA65) -> 0 | AB66: =SUM(AB51:AB65) -> 0 | AC66: =SUM(AC51:AC65) -> 0 | AD66: =SUM(X66:AC66) -> 0

Sheet REKAP
A2: LAPORAN RUJUKAN
A3: DI PUSKESMAS
A4: TAHUN 2026
A6: No. | B6: NAMA FASKES | C6: JANUARI | J6: FEBRUARI | Q6: MARET | X6: APRIL
C7: UMUM | E7: BPJS/KIS | G7: SKTM | I7: TOTAL | J7: UMUM | L7: BPJS/KIS | N7: SKTM | P7: TOTAL | Q7: UMUM | S7: BPJS/KIS | U7: SKTM | W7: TOTAL | X7: UMUM | Z7: BPJS/KIS | AB7: SKTM | AD7: TOTAL
C8: L | D8: P | E8: L | F8: P | G8: L | H8: P | J8: L | K8: P | L8: L | M8: P | N8: L | O8: P | Q8: L | R8: P | S8: L | T8: P | U8: L | V8: P | X8: L | Y8: P | Z8: L | AA8: P | AB8: L | AC8: P
A9: 1 | B9: RSUD KAB. ROTE NDAO | C9: =sum(BAA!C9+BATUTUA!C9+BUSALANGGA!C9+DELHA!C9+EAHUN!C9+FEAPOPI!C9+KORBAFO!C9+NDAO!C9+OELABA!C9+OELE!C9+SONIMANU!C9+SOTIMORI!C9) -> 6 | D9: =sum(BAA!D9+BATUTUA!D9+BUSALANGGA!D9+DELHA!D9+EAHUN!D9+FEAPOPI!D9+KORBAFO!D9+NDAO!D9+OELABA!D9+OELE!D9+SONIMANU!D9+SOTIMORI!D9) -> 26 | E9: =sum(BAA!E9+BATUTUA!E9+BUSALANGGA!E9+DELHA!E9+EAHUN!E9+FEAPOPI!E9+KORBAFO!E9+NDAO!E9+OELABA!E9+OELE!E9+SONIMANU!E9+SOTIMORI!E9) -> 107 | F9: =sum(BAA!F9+BATUTUA!F9+BUSALANGGA!F9+DELHA!F9+EAHUN!F9+FEAPOPI!F9+KORBAFO!F9+NDAO!F9+OELABA!F9+OELE!F9+SONIMANU!F9+SOTIMORI!F9) -> 184 | G9: =sum(BAA!G9+BATUTUA!G9+BUSALANGGA!G9+DELHA!G9+EAHUN!G9+FEAPOPI!G9+KORBAFO!G9+NDAO!G9+OELABA!G9+OELE!G9+SONIMANU!G9+SOTIMORI!G9) -> 0 | H9: =sum(BAA!H9+BATUTUA!H9+BUSALANGGA!H9+DELHA!H9+EAHUN!H9+FEAPOPI!H9+KORBAFO!H9+NDAO!H9+OELABA!H9+OELE!H9+SONIMANU!H9+SOTIMORI!H9) -> 0 | I9: =sum(BAA!I9+BATUTUA!I9+BUSALANGGA!I9+DELHA!I9+EAHUN!I9+FEAPOPI!I9+KORBAFO!I9+NDAO!I9+OELABA!I9+OELE!I9+SONIMANU!I9+SOTIMORI!I9) -> 323 | J9: =sum(BAA!J9+BATUTUA!J9+BUSALANGGA!J9+DELHA!J9+EAHUN!J9+FEAPOPI!J9+KORBAFO!J9+NDAO!J9+OELABA!J9+OELE!J9+SONIMANU!J9+SOTIMORI!J9) -> 7 | ... AD9: =sum(BAA!AD9+BATUTUA!AD9+BUSALANGGA!AD9+DELHA!AD9+EAHUN!AD9+FEAPOPI!AD9+KORBAFO!AD9+NDAO!AD9+OELABA!AD9+OELE!AD9+SONIMANU!AD9+SOTIMORI!AD9) -> 206
A10: 2 | B10: RSUD PROF DR WZ JOHANNES | C10: =sum(BAA!C10+BATUTUA!C10+BUSALANGGA!C10+DELHA!C10+EAHUN!C10+FEAPOPI!C10+KORBAFO!C10+NDAO!C10+OELABA!C10+OELE!C10+SONIMANU!C10+SOTIMORI!C10) -> 0 | D10: =sum(BAA!D10+BATUTUA!D10+BUSALANGGA!D10+DELHA!D10+EAHUN!D10+FEAPOPI!D10+KORBAFO!D10+NDAO!D10+OELABA!D10+OELE!D10+SONIMANU!D10+SOTIMORI!D10) -> 0 | E10: =sum(BAA!E10+BATUTUA!E10+BUSALANGGA!E10+DELHA!E10+EAHUN!E10+FEAPOPI!E10+KORBAFO!E10+NDAO!E10+OELABA!E10+OELE!E10+SONIMANU!E10+SOTIMORI!E10) -> 3 | F10: =sum(BAA!F10+BATUTUA!F10+BUSALANGGA!F10+DELHA!F10+EAHUN!F10+FEAPOPI!F10+KORBAFO!F10+NDAO!F10+OELABA!F10+OELE!F10+SONIMANU!F10+SOTIMORI!F10) -> 8 | G10: =sum(BAA!G10+BATUTUA!G10+BUSALANGGA!G10+DELHA!G10+EAHUN!G10+FEAPOPI!G10+KORBAFO!G10+NDAO!G10+OELABA!G10+OELE!G10+SONIMANU!G10+SOTIMORI!G10) -> 0 | H10: =sum(BAA!H10+BATUTUA!H10+BUSALANGGA!H10+DELHA!H10+EAHUN!H10+FEAPOPI!H10+KORBAFO!H10+NDAO!H10+OELABA!H10+OELE!H10+SONIMANU!H10+SOTIMORI!H10) -> 0 | I10: =sum(BAA!I10+BATUTUA!I10+BUSALANGGA!I10+DELHA!I10+EAHUN!I10+FEAPOPI!I10+KORBAFO!I10+NDAO!I10+OELABA!I10+OELE!I10+SONIMANU!I10+SOTIMORI!I10) -> 11 | J10: =sum(BAA!J10+BATUTUA!J10+BUSALANGGA!J10+DELHA!J10+EAHUN!J10+FEAPOPI!J10+KORBAFO!J10+NDAO!J10+OELABA!J10+OELE!J10+SONIMANU!J10+SOTIMORI!J10) -> 0 | ... AD10: =sum(BAA!AD10+BATUTUA!AD10+BUSALANGGA!AD10+DELHA!AD10+EAHUN!AD10+FEAPOPI!AD10+KORBAFO!AD10+NDAO!AD10+OELABA!AD10+OELE!AD10+SONIMANU!AD10+SOTIMORI!AD10) -> 18
A11: 3 | B11: RS BHAYANGKARA KUPANG | C11: =sum(BAA!C11+BATUTUA!C11+BUSALANGGA!C11+DELHA!C11+EAHUN!C11+FEAPOPI!C11+KORBAFO!C11+NDAO!C11+OELABA!C11+OELE!C11+SONIMANU!C11+SOTIMORI!C11) -> 0 | D11: =sum(BAA!D11+BATUTUA!D11+BUSALANGGA!D11+DELHA!D11+EAHUN!D11+FEAPOPI!D11+KORBAFO!D11+NDAO!D11+OELABA!D11+OELE!D11+SONIMANU!D11+SOTIMORI!D11) -> 0 | E11: =sum(BAA!E11+BATUTUA!E11+BUSALANGGA!E11+DELHA!E11+EAHUN!E11+FEAPOPI!E11+KORBAFO!E11+NDAO!E11+OELABA!E11+OELE!E11+SONIMANU!E11+SOTIMORI!E11) -> 3 | F11: =sum(BAA!F11+BATUTUA!F11+BUSALANGGA!F11+DELHA!F11+EAHUN!F11+FEAPOPI!F11+KORBAFO!F11+NDAO!F11+OELABA!F11+OELE!F11+SONIMANU!F11+SOTIMORI!F11) -> 2 | G11: =sum(BAA!G11+BATUTUA!G11+BUSALANGGA!G11+DELHA!G11+EAHUN!G11+FEAPOPI!G11+KORBAFO!G11+NDAO!G11+OELABA!G11+OELE!G11+SONIMANU!G11+SOTIMORI!G11) -> 0 | H11: =sum(BAA!H11+BATUTUA!H11+BUSALANGGA!H11+DELHA!H11+EAHUN!H11+FEAPOPI!H11+KORBAFO!H11+NDAO!H11+OELABA!H11+OELE!H11+SONIMANU!H11+SOTIMORI!H11) -> 0 | I11: =sum(BAA!I11+BATUTUA!I11+BUSALANGGA!I11+DELHA!I11+EAHUN!I11+FEAPOPI!I11+KORBAFO!I11+NDAO!I11+OELABA!I11+OELE!I11+SONIMANU!I11+SOTIMORI!I11) -> 5 | J11: =sum(BAA!J11+BATUTUA!J11+BUSALANGGA!J11+DELHA!J11+EAHUN!J11+FEAPOPI!J11+KORBAFO!J11+NDAO!J11+OELABA!J11+OELE!J11+SONIMANU!J11+SOTIMORI!J11) -> 0 | ... AD11: =sum(BAA!AD11+BATUTUA!AD11+BUSALANGGA!AD11+DELHA!AD11+EAHUN!AD11+FEAPOPI!AD11+KORBAFO!AD11+NDAO!AD11+OELABA!AD11+OELE!AD11+SONIMANU!AD11+SOTIMORI!AD11) -> 6
A12: 4 | B12: RS KARTINI KUPANG | C12: =sum(BAA!C12+BATUTUA!C12+BUSALANGGA!C12+DELHA!C12+EAHUN!C12+FEAPOPI!C12+KORBAFO!C12+NDAO!C12+OELABA!C12+OELE!C12+SONIMANU!C12+SOTIMORI!C12) -> 0 | D12: =sum(BAA!D12+BATUTUA!D12+BUSALANGGA!D12+DELHA!D12+EAHUN!D12+FEAPOPI!D12+KORBAFO!D12+NDAO!D12+OELABA!D12+OELE!D12+SONIMANU!D12+SOTIMORI!D12) -> 0 | E12: =sum(BAA!E12+BATUTUA!E12+BUSALANGGA!E12+DELHA!E12+EAHUN!E12+FEAPOPI!E12+KORBAFO!E12+NDAO!E12+OELABA!E12+OELE!E12+SONIMANU!E12+SOTIMORI!E12) -> 11 | F12: =sum(BAA!F12+BATUTUA!F12+BUSALANGGA!F12+DELHA!F12+EAHUN!F12+FEAPOPI!F12+KORBAFO!F12+NDAO!F12+OELABA!F12+OELE!F12+SONIMANU!F12+SOTIMORI!F12) -> 19 | G12: =sum(BAA!G12+BATUTUA!G12+BUSALANGGA!G12+DELHA!G12+EAHUN!G12+FEAPOPI!G12+KORBAFO!G12+NDAO!G12+OELABA!G12+OELE!G12+SONIMANU!G12+SOTIMORI!G12) -> 0 | H12: =sum(BAA!H12+BATUTUA!H12+BUSALANGGA!H12+DELHA!H12+EAHUN!H12+FEAPOPI!H12+KORBAFO!H12+NDAO!H12+OELABA!H12+OELE!H12+SONIMANU!H12+SOTIMORI!H12) -> 3 | I12: =sum(BAA!I12+BATUTUA!I12+BUSALANGGA!I12+DELHA!I12+EAHUN!I12+FEAPOPI!I12+KORBAFO!I12+NDAO!I12+OELABA!I12+OELE!I12+SONIMANU!I12+SOTIMORI!I12) -> 33 | J12: =sum(BAA!J12+BATUTUA!J12+BUSALANGGA!J12+DELHA!J12+EAHUN!J12+FEAPOPI!J12+KORBAFO!J12+NDAO!J12+OELABA!J12+OELE!J12+SONIMANU!J12+SOTIMORI!J12) -> 0 | ... AD12: =sum(BAA!AD12+BATUTUA!AD12+BUSALANGGA!AD12+DELHA!AD12+EAHUN!AD12+FEAPOPI!AD12+KORBAFO!AD12+NDAO!AD12+OELABA!AD12+OELE!AD12+SONIMANU!AD12+SOTIMORI!AD12) -> 50
A13: 5 | B13: RS ST. CAROLUS BORROMEUS | C13: =sum(BAA!C13+BATUTUA!C13+BUSALANGGA!C13+DELHA!C13+EAHUN!C13+FEAPOPI!C13+KORBAFO!C13+NDAO!C13+OELABA!C13+OELE!C13+SONIMANU!C13+SOTIMORI!C13) -> 0 | D13: =sum(BAA!D13+BATUTUA!D13+BUSALANGGA!D13+DELHA!D13+EAHUN!D13+FEAPOPI!D13+KORBAFO!D13+NDAO!D13+OELABA!D13+OELE!D13+SONIMANU!D13+SOTIMORI!D13) -> 0 | E13: =sum(BAA!E13+BATUTUA!E13+BUSALANGGA!E13+DELHA!E13+EAHUN!E13+FEAPOPI!E13+KORBAFO!E13+NDAO!E13+OELABA!E13+OELE!E13+SONIMANU!E13+SOTIMORI!E13) -> 1 | F13: =sum(BAA!F13+BATUTUA!F13+BUSALANGGA!F13+DELHA!F13+EAHUN!F13+FEAPOPI!F13+KORBAFO!F13+NDAO!F13+OELABA!F13+OELE!F13+SONIMANU!F13+SOTIMORI!F13) -> 5 | G13: =sum(BAA!G13+BATUTUA!G13+BUSALANGGA!G13+DELHA!G13+EAHUN!G13+FEAPOPI!G13+KORBAFO!G13+NDAO!G13+OELABA!G13+OELE!G13+SONIMANU!G13+SOTIMORI!G13) -> 0 | H13: =sum(BAA!H13+BATUTUA!H13+BUSALANGGA!H13+DELHA!H13+EAHUN!H13+FEAPOPI!H13+KORBAFO!H13+NDAO!H13+OELABA!H13+OELE!H13+SONIMANU!H13+SOTIMORI!H13) -> 0 | I13: =sum(BAA!I13+BATUTUA!I13+BUSALANGGA!I13+DELHA!I13+EAHUN!I13+FEAPOPI!I13+KORBAFO!I13+NDAO!I13+OELABA!I13+OELE!I13+SONIMANU!I13+SOTIMORI!I13) -> 6 | J13: =sum(BAA!J13+BATUTUA!J13+BUSALANGGA!J13+DELHA!J13+EAHUN!J13+FEAPOPI!J13+KORBAFO!J13+NDAO!J13+OELABA!J13+OELE!J13+SONIMANU!J13+SOTIMORI!J13) -> 0 | ... AD13: =sum(BAA!AD13+BATUTUA!AD13+BUSALANGGA!AD13+DELHA!AD13+EAHUN!AD13+FEAPOPI!AD13+KORBAFO!AD13+NDAO!AD13+OELABA!AD13+OELE!AD13+SONIMANU!AD13+SOTIMORI!AD13) -> 9
A14: 6 | B14: RSU LEONA KUPANG | C14: =sum(BAA!C14+BATUTUA!C14+BUSALANGGA!C14+DELHA!C14+EAHUN!C14+FEAPOPI!C14+KORBAFO!C14+NDAO!C14+OELABA!C14+OELE!C14+SONIMANU!C14+SOTIMORI!C14) -> 0 | D14: =sum(BAA!D14+BATUTUA!D14+BUSALANGGA!D14+DELHA!D14+EAHUN!D14+FEAPOPI!D14+KORBAFO!D14+NDAO!D14+OELABA!D14+OELE!D14+SONIMANU!D14+SOTIMORI!D14) -> 0 | E14: =sum(BAA!E14+BATUTUA!E14+BUSALANGGA!E14+DELHA!E14+EAHUN!E14+FEAPOPI!E14+KORBAFO!E14+NDAO!E14+OELABA!E14+OELE!E14+SONIMANU!E14+SOTIMORI!E14) -> 21 | F14: =sum(BAA!F14+BATUTUA!F14+BUSALANGGA!F14+DELHA!F14+EAHUN!F14+FEAPOPI!F14+KORBAFO!F14+NDAO!F14+OELABA!F14+OELE!F14+SONIMANU!F14+SOTIMORI!F14) -> 24 | G14: =sum(BAA!G14+BATUTUA!G14+BUSALANGGA!G14+DELHA!G14+EAHUN!G14+FEAPOPI!G14+KORBAFO!G14+NDAO!G14+OELABA!G14+OELE!G14+SONIMANU!G14+SOTIMORI!G14) -> 0 | H14: =sum(BAA!H14+BATUTUA!H14+BUSALANGGA!H14+DELHA!H14+EAHUN!H14+FEAPOPI!H14+KORBAFO!H14+NDAO!H14+OELABA!H14+OELE!H14+SONIMANU!H14+SOTIMORI!H14) -> 0 | I14: =sum(BAA!I14+BATUTUA!I14+BUSALANGGA!I14+DELHA!I14+EAHUN!I14+FEAPOPI!I14+KORBAFO!I14+NDAO!I14+OELABA!I14+OELE!I14+SONIMANU!I14+SOTIMORI!I14) -> 45 | J14: =sum(BAA!J14+BATUTUA!J14+BUSALANGGA!J14+DELHA!J14+EAHUN!J14+FEAPOPI!J14+KORBAFO!J14+NDAO!J14+OELABA!J14+OELE!J14+SONIMANU!J14+SOTIMORI!J14) -> 0 | ... AD14: =sum(BAA!AD14+BATUTUA!AD14+BUSALANGGA!AD14+DELHA!AD14+EAHUN!AD14+FEAPOPI!AD14+KORBAFO!AD14+NDAO!AD14+OELABA!AD14+OELE!AD14+SONIMANU!AD14+SOTIMORI!AD14) -> 79
A15: 7 | B15: RSU SILOAM KUPANG | C15: =sum(BAA!C15+BATUTUA!C15+BUSALANGGA!C15+DELHA!C15+EAHUN!C15+FEAPOPI!C15+KORBAFO!C15+NDAO!C15+OELABA!C15+OELE!C15+SONIMANU!C15+SOTIMORI!C15) -> 0 | D15: =sum(BAA!D15+BATUTUA!D15+BUSALANGGA!D15+DELHA!D15+EAHUN!D15+FEAPOPI!D15+KORBAFO!D15+NDAO!D15+OELABA!D15+OELE!D15+SONIMANU!D15+SOTIMORI!D15) -> 0 | E15: =sum(BAA!E15+BATUTUA!E15+BUSALANGGA!E15+DELHA!E15+EAHUN!E15+FEAPOPI!E15+KORBAFO!E15+NDAO!E15+OELABA!E15+OELE!E15+SONIMANU!E15+SOTIMORI!E15) -> 11 | F15: =sum(BAA!F15+BATUTUA!F15+BUSALANGGA!F15+DELHA!F15+EAHUN!F15+FEAPOPI!F15+KORBAFO!F15+NDAO!F15+OELABA!F15+OELE!F15+SONIMANU!F15+SOTIMORI!F15) -> 11 | G15: =sum(BAA!G15+BATUTUA!G15+BUSALANGGA!G15+DELHA!G15+EAHUN!G15+FEAPOPI!G15+KORBAFO!G15+NDAO!G15+OELABA!G15+OELE!G15+SONIMANU!G15+SOTIMORI!G15) -> 0 | H15: =sum(BAA!H15+BATUTUA!H15+BUSALANGGA!H15+DELHA!H15+EAHUN!H15+FEAPOPI!H15+KORBAFO!H15+NDAO!H15+OELABA!H15+OELE!H15+SONIMANU!H15+SOTIMORI!H15) -> 0 | I15: =sum(BAA!I15+BATUTUA!I15+BUSALANGGA!I15+DELHA!I15+EAHUN!I15+FEAPOPI!I15+KORBAFO!I15+NDAO!I15+OELABA!I15+OELE!I15+SONIMANU!I15+SOTIMORI!I15) -> 22 | J15: =sum(BAA!J15+BATUTUA!J15+BUSALANGGA!J15+DELHA!J15+EAHUN!J15+FEAPOPI!J15+KORBAFO!J15+NDAO!J15+OELABA!J15+OELE!J15+SONIMANU!J15+SOTIMORI!J15) -> 0 | ... AD15: =sum(BAA!AD15+BATUTUA!AD15+BUSALANGGA!AD15+DELHA!AD15+EAHUN!AD15+FEAPOPI!AD15+KORBAFO!AD15+NDAO!AD15+OELABA!AD15+OELE!AD15+SONIMANU!AD15+SOTIMORI!AD15) -> 28
A16: 8 | B16: RUMAH SAKIT TK. III WIRASAKTI | C16: =sum(BAA!C16+BATUTUA!C16+BUSALANGGA!C16+DELHA!C16+EAHUN!C16+FEAPOPI!C16+KORBAFO!C16+NDAO!C16+OELABA!C16+OELE!C16+SONIMANU!C16+SOTIMORI!C16) -> 0 | D16: =sum(BAA!D16+BATUTUA!D16+BUSALANGGA!D16+DELHA!D16+EAHUN!D16+FEAPOPI!D16+KORBAFO!D16+NDAO!D16+OELABA!D16+OELE!D16+SONIMANU!D16+SOTIMORI!D16) -> 0 | E16: =sum(BAA!E16+BATUTUA!E16+BUSALANGGA!E16+DELHA!E16+EAHUN!E16+FEAPOPI!E16+KORBAFO!E16+NDAO!E16+OELABA!E16+OELE!E16+SONIMANU!E16+SOTIMORI!E16) -> 2 | F16: =sum(BAA!F16+BATUTUA!F16+BUSALANGGA!F16+DELHA!F16+EAHUN!F16+FEAPOPI!F16+KORBAFO!F16+NDAO!F16+OELABA!F16+OELE!F16+SONIMANU!F16+SOTIMORI!F16) -> 5 | G16: =sum(BAA!G16+BATUTUA!G16+BUSALANGGA!G16+DELHA!G16+EAHUN!G16+FEAPOPI!G16+KORBAFO!G16+NDAO!G16+OELABA!G16+OELE!G16+SONIMANU!G16+SOTIMORI!G16) -> 0 | H16: =sum(BAA!H16+BATUTUA!H16+BUSALANGGA!H16+DELHA!H16+EAHUN!H16+FEAPOPI!H16+KORBAFO!H16+NDAO!H16+OELABA!H16+OELE!H16+SONIMANU!H16+SOTIMORI!H16) -> 0 | I16: =sum(BAA!I16+BATUTUA!I16+BUSALANGGA!I16+DELHA!I16+EAHUN!I16+FEAPOPI!I16+KORBAFO!I16+NDAO!I16+OELABA!I16+OELE!I16+SONIMANU!I16+SOTIMORI!I16) -> 7 | J16: =sum(BAA!J16+BATUTUA!J16+BUSALANGGA!J16+DELHA!J16+EAHUN!J16+FEAPOPI!J16+KORBAFO!J16+NDAO!J16+OELABA!J16+OELE!J16+SONIMANU!J16+SOTIMORI!J16) -> 0 | ... AD16: =sum(BAA!AD16+BATUTUA!AD16+BUSALANGGA!AD16+DELHA!AD16+EAHUN!AD16+FEAPOPI!AD16+KORBAFO!AD16+NDAO!AD16+OELABA!AD16+OELE!AD16+SONIMANU!AD16+SOTIMORI!AD16) -> 15
A17: 9 | B17: RSJ NAIMATA | C17: =sum(BAA!C17+BATUTUA!C17+BUSALANGGA!C17+DELHA!C17+EAHUN!C17+FEAPOPI!C17+KORBAFO!C17+NDAO!C17+OELABA!C17+OELE!C17+SONIMANU!C17+SOTIMORI!C17) -> 1 | D17: =sum(BAA!D17+BATUTUA!D17+BUSALANGGA!D17+DELHA!D17+EAHUN!D17+FEAPOPI!D17+KORBAFO!D17+NDAO!D17+OELABA!D17+OELE!D17+SONIMANU!D17+SOTIMORI!D17) -> 0 | E17: =sum(BAA!E17+BATUTUA!E17+BUSALANGGA!E17+DELHA!E17+EAHUN!E17+FEAPOPI!E17+KORBAFO!E17+NDAO!E17+OELABA!E17+OELE!E17+SONIMANU!E17+SOTIMORI!E17) -> 0 | F17: =sum(BAA!F17+BATUTUA!F17+BUSALANGGA!F17+DELHA!F17+EAHUN!F17+FEAPOPI!F17+KORBAFO!F17+NDAO!F17+OELABA!F17+OELE!F17+SONIMANU!F17+SOTIMORI!F17) -> 0 | G17: =sum(BAA!G17+BATUTUA!G17+BUSALANGGA!G17+DELHA!G17+EAHUN!G17+FEAPOPI!G17+KORBAFO!G17+NDAO!G17+OELABA!G17+OELE!G17+SONIMANU!G17+SOTIMORI!G17) -> 0 | H17: =sum(BAA!H17+BATUTUA!H17+BUSALANGGA!H17+DELHA!H17+EAHUN!H17+FEAPOPI!H17+KORBAFO!H17+NDAO!H17+OELABA!H17+OELE!H17+SONIMANU!H17+SOTIMORI!H17) -> 0 | I17: =sum(BAA!I17+BATUTUA!I17+BUSALANGGA!I17+DELHA!I17+EAHUN!I17+FEAPOPI!I17+KORBAFO!I17+NDAO!I17+OELABA!I17+OELE!I17+SONIMANU!I17+SOTIMORI!I17) -> 1 | J17: =sum(BAA!J17+BATUTUA!J17+BUSALANGGA!J17+DELHA!J17+EAHUN!J17+FEAPOPI!J17+KORBAFO!J17+NDAO!J17+OELABA!J17+OELE!J17+SONIMANU!J17+SOTIMORI!J17) -> 0 | ... AD17: =sum(BAA!AD17+BATUTUA!AD17+BUSALANGGA!AD17+DELHA!AD17+EAHUN!AD17+FEAPOPI!AD17+KORBAFO!AD17+NDAO!AD17+OELABA!AD17+OELE!AD17+SONIMANU!AD17+SOTIMORI!AD17) -> 4
A18: 10 | B18: RS MAMAMI | C18: =sum(BAA!C18+BATUTUA!C18+BUSALANGGA!C18+DELHA!C18+EAHUN!C18+FEAPOPI!C18+KORBAFO!C18+NDAO!C18+OELABA!C18+OELE!C18+SONIMANU!C18+SOTIMORI!C18) -> 0 | D18: =sum(BAA!D18+BATUTUA!D18+BUSALANGGA!D18+DELHA!D18+EAHUN!D18+FEAPOPI!D18+KORBAFO!D18+NDAO!D18+OELABA!D18+OELE!D18+SONIMANU!D18+SOTIMORI!D18) -> 0 | E18: =sum(BAA!E18+BATUTUA!E18+BUSALANGGA!E18+DELHA!E18+EAHUN!E18+FEAPOPI!E18+KORBAFO!E18+NDAO!E18+OELABA!E18+OELE!E18+SONIMANU!E18+SOTIMORI!E18) -> 0 | F18: =sum(BAA!F18+BATUTUA!F18+BUSALANGGA!F18+DELHA!F18+EAHUN!F18+FEAPOPI!F18+KORBAFO!F18+NDAO!F18+OELABA!F18+OELE!F18+SONIMANU!F18+SOTIMORI!F18) -> 2 | G18: =sum(BAA!G18+BATUTUA!G18+BUSALANGGA!G18+DELHA!G18+EAHUN!G18+FEAPOPI!G18+KORBAFO!G18+NDAO!G18+OELABA!G18+OELE!G18+SONIMANU!G18+SOTIMORI!G18) -> 0 | H18: =sum(BAA!H18+BATUTUA!H18+BUSALANGGA!H18+DELHA!H18+EAHUN!H18+FEAPOPI!H18+KORBAFO!H18+NDAO!H18+OELABA!H18+OELE!H18+SONIMANU!H18+SOTIMORI!H18) -> 0 | I18: =sum(BAA!I18+BATUTUA!I18+BUSALANGGA!I18+DELHA!I18+EAHUN!I18+FEAPOPI!I18+KORBAFO!I18+NDAO!I18+OELABA!I18+OELE!I18+SONIMANU!I18+SOTIMORI!I18) -> 2 | J18: =sum(BAA!J18+BATUTUA!J18+BUSALANGGA!J18+DELHA!J18+EAHUN!J18+FEAPOPI!J18+KORBAFO!J18+NDAO!J18+OELABA!J18+OELE!J18+SONIMANU!J18+SOTIMORI!J18) -> 0 | ... AD18: =sum(BAA!AD18+BATUTUA!AD18+BUSALANGGA!AD18+DELHA!AD18+EAHUN!AD18+FEAPOPI!AD18+KORBAFO!AD18+NDAO!AD18+OELABA!AD18+OELE!AD18+SONIMANU!AD18+SOTIMORI!AD18) -> 6
A19: 11 | B19: RSUD S.K. LERIK | C19: =sum(BAA!C19+BATUTUA!C19+BUSALANGGA!C19+DELHA!C19+EAHUN!C19+FEAPOPI!C19+KORBAFO!C19+NDAO!C19+OELABA!C19+OELE!C19+SONIMANU!C19+SOTIMORI!C19) -> 0 | D19: =sum(BAA!D19+BATUTUA!D19+BUSALANGGA!D19+DELHA!D19+EAHUN!D19+FEAPOPI!D19+KORBAFO!D19+NDAO!D19+OELABA!D19+OELE!D19+SONIMANU!D19+SOTIMORI!D19) -> 0 | E19: =sum(BAA!E19+BATUTUA!E19+BUSALANGGA!E19+DELHA!E19+EAHUN!E19+FEAPOPI!E19+KORBAFO!E19+NDAO!E19+OELABA!E19+OELE!E19+SONIMANU!E19+SOTIMORI!E19) -> 4 | F19: =sum(BAA!F19+BATUTUA!F19+BUSALANGGA!F19+DELHA!F19+EAHUN!F19+FEAPOPI!F19+KORBAFO!F19+NDAO!F19+OELABA!F19+OELE!F19+SONIMANU!F19+SOTIMORI!F19) -> 4 | G19: =sum(BAA!G19+BATUTUA!G19+BUSALANGGA!G19+DELHA!G19+EAHUN!G19+FEAPOPI!G19+KORBAFO!G19+NDAO!G19+OELABA!G19+OELE!G19+SONIMANU!G19+SOTIMORI!G19) -> 0 | H19: =sum(BAA!H19+BATUTUA!H19+BUSALANGGA!H19+DELHA!H19+EAHUN!H19+FEAPOPI!H19+KORBAFO!H19+NDAO!H19+OELABA!H19+OELE!H19+SONIMANU!H19+SOTIMORI!H19) -> 0 | I19: =sum(BAA!I19+BATUTUA!I19+BUSALANGGA!I19+DELHA!I19+EAHUN!I19+FEAPOPI!I19+KORBAFO!I19+NDAO!I19+OELABA!I19+OELE!I19+SONIMANU!I19+SOTIMORI!I19) -> 8 | J19: =sum(BAA!J19+BATUTUA!J19+BUSALANGGA!J19+DELHA!J19+EAHUN!J19+FEAPOPI!J19+KORBAFO!J19+NDAO!J19+OELABA!J19+OELE!J19+SONIMANU!J19+SOTIMORI!J19) -> 0 | ... AD19: =sum(BAA!AD19+BATUTUA!AD19+BUSALANGGA!AD19+DELHA!AD19+EAHUN!AD19+FEAPOPI!AD19+KORBAFO!AD19+NDAO!AD19+OELABA!AD19+OELE!AD19+SONIMANU!AD19+SOTIMORI!AD19) -> 5
A20: 12 | B20: KU DEWANTA MENTAL JIWA HEALTH CARE | C20: =sum(BAA!C20+BATUTUA!C20+BUSALANGGA!C20+DELHA!C20+EAHUN!C20+FEAPOPI!C20+KORBAFO!C20+NDAO!C20+OELABA!C20+OELE!C20+SONIMANU!C20+SOTIMORI!C20) -> 0 | D20: =sum(BAA!D20+BATUTUA!D20+BUSALANGGA!D20+DELHA!D20+EAHUN!D20+FEAPOPI!D20+KORBAFO!D20+NDAO!D20+OELABA!D20+OELE!D20+SONIMANU!D20+SOTIMORI!D20) -> 0 | E20: =sum(BAA!E20+BATUTUA!E20+BUSALANGGA!E20+DELHA!E20+EAHUN!E20+FEAPOPI!E20+KORBAFO!E20+NDAO!E20+OELABA!E20+OELE!E20+SONIMANU!E20+SOTIMORI!E20) -> 1 | F20: =sum(BAA!F20+BATUTUA!F20+BUSALANGGA!F20+DELHA!F20+EAHUN!F20+FEAPOPI!F20+KORBAFO!F20+NDAO!F20+OELABA!F20+OELE!F20+SONIMANU!F20+SOTIMORI!F20) -> 1 | G20: =sum(BAA!G20+BATUTUA!G20+BUSALANGGA!G20+DELHA!G20+EAHUN!G20+FEAPOPI!G20+KORBAFO!G20+NDAO!G20+OELABA!G20+OELE!G20+SONIMANU!G20+SOTIMORI!G20) -> 0 | H20: =sum(BAA!H20+BATUTUA!H20+BUSALANGGA!H20+DELHA!H20+EAHUN!H20+FEAPOPI!H20+KORBAFO!H20+NDAO!H20+OELABA!H20+OELE!H20+SONIMANU!H20+SOTIMORI!H20) -> 0 | I20: =sum(BAA!I20+BATUTUA!I20+BUSALANGGA!I20+DELHA!I20+EAHUN!I20+FEAPOPI!I20+KORBAFO!I20+NDAO!I20+OELABA!I20+OELE!I20+SONIMANU!I20+SOTIMORI!I20) -> 2 | J20: =sum(BAA!J20+BATUTUA!J20+BUSALANGGA!J20+DELHA!J20+EAHUN!J20+FEAPOPI!J20+KORBAFO!J20+NDAO!J20+OELABA!J20+OELE!J20+SONIMANU!J20+SOTIMORI!J20) -> 0 | ... AD20: =sum(BAA!AD20+BATUTUA!AD20+BUSALANGGA!AD20+DELHA!AD20+EAHUN!AD20+FEAPOPI!AD20+KORBAFO!AD20+NDAO!AD20+OELABA!AD20+OELE!AD20+SONIMANU!AD20+SOTIMORI!AD20) -> 3
... A23: 15 | B23: RSUP Dr. BEN MBOI KUPANG | C23: =sum(BAA!C23+BATUTUA!C23+BUSALANGGA!C23+DELHA!C23+EAHUN!C23+FEAPOPI!C23+KORBAFO!C23+NDAO!C23+OELABA!C23+OELE!C23+SONIMANU!C23+SOTIMORI!C23) -> 0 | D23: =sum(BAA!D23+BATUTUA!D23+BUSALANGGA!D23+DELHA!D23+EAHUN!D23+FEAPOPI!D23+KORBAFO!D23+NDAO!D23+OELABA!D23+OELE!D23+SONIMANU!D23+SOTIMORI!D23) -> 0 | E23: =sum(BAA!E23+BATUTUA!E23+BUSALANGGA!E23+DELHA!E23+EAHUN!E23+FEAPOPI!E23+KORBAFO!E23+NDAO!E23+OELABA!E23+OELE!E23+SONIMANU!E23+SOTIMORI!E23) -> 2 | F23: =sum(BAA!F23+BATUTUA!F23+BUSALANGGA!F23+DELHA!F23+EAHUN!F23+FEAPOPI!F23+KORBAFO!F23+NDAO!F23+OELABA!F23+OELE!F23+SONIMANU!F23+SOTIMORI!F23) -> 2 | G23: =sum(BAA!G23+BATUTUA!G23+BUSALANGGA!G23+DELHA!G23+EAHUN!G23+FEAPOPI!G23+KORBAFO!G23+NDAO!G23+OELABA!G23+OELE!G23+SONIMANU!G23+SOTIMORI!G23) -> 0 | H23: =sum(BAA!H23+BATUTUA!H23+BUSALANGGA!H23+DELHA!H23+EAHUN!H23+FEAPOPI!H23+KORBAFO!H23+NDAO!H23+OELABA!H23+OELE!H23+SONIMANU!H23+SOTIMORI!H23) -> 0 | I23: =sum(BAA!I23+BATUTUA!I23+BUSALANGGA!I23+DELHA!I23+EAHUN!I23+FEAPOPI!I23+KORBAFO!I23+NDAO!I23+OELABA!I23+OELE!I23+SONIMANU!I23+SOTIMORI!I23) -> 4 | J23: =sum(BAA!J23+BATUTUA!J23+BUSALANGGA!J23+DELHA!J23+EAHUN!J23+FEAPOPI!J23+KORBAFO!J23+NDAO!J23+OELABA!J23+OELE!J23+SONIMANU!J23+SOTIMORI!J23) -> 0 | ... AD23: =sum(BAA!AD23+BATUTUA!AD23+BUSALANGGA!AD23+DELHA!AD23+EAHUN!AD23+FEAPOPI!AD23+KORBAFO!AD23+NDAO!AD23+OELABA!AD23+OELE!AD23+SONIMANU!AD23+SOTIMORI!AD23) -> 13
A24: TOTAL | C24: =SUM(C9:C23) -> 7 | D24: =SUM(D9:D23) -> 26 | E24: =SUM(E9:E23) -> 167 | F24: =SUM(F9:F23) -> 271 | G24: =SUM(G9:G23) -> 0 | H24: =SUM(H9:H23) -> 3 | I24: =SUM(C24:H24) -> 474 | J24: =SUM(J9:J23) -> 7 | K24: =SUM(K9:K23) -> 16 | L24: =SUM(L9:L23) -> 136 | M24: =SUM(M9:M23) -> 212 | N24: =SUM(N9:N23) -> 0 | O24: =SUM(O9:O23) -> 1 | P24: =SUM(J24:O24) -> 372 | Q24: =SUM(Q9:Q23) -> 11 | R24: =SUM(R9:R23) -> 13 | S24: =SUM(S9:S23) -> 160 | T24: =SUM(T9:T23) -> 231 | U24: =SUM(U9:U23) -> 4 | V24: =SUM(V9:V23) -> 0 | W24: =SUM(Q24:V24) -> 419 | X24: =SUM(X9:X23) -> 7 | Y24: =SUM(Y9:Y23) -> 17 | Z24: =SUM(Z9:Z23) -> 182 | AA24: =SUM(AA9:AA23) -> 259 | AB24: =SUM(AB9:AB23) -> 0 | AC24: =SUM(AC9:AC23) -> 0 | AD24: =SUM(X24:AC24) -> 465
A27: No. | B27: NAMA FASKES | C27: MEI | J27: JUNI | Q27: JULI | X27: AGUSTUS
C28: UMUM | E28: BPJS/KIS | G28: SKTM | I28: TOTAL | J28: UMUM | L28: BPJS/KIS | N28: SKTM | P28: TOTAL | Q28: UMUM | S28: BPJS/KIS | U28: SKTM | W28: TOTAL | X28: UMUM | Z28: BPJS/KIS | AB28: SKTM | AD28: TOTAL
C29: L | D29: P | E29: L | F29: P | G29: L | H29: P | J29: L | K29: P | L29: L | M29: P | N29: L | O29: P | Q29: L | R29: P | S29: L | T29: P | U29: L | V29: P | X29: L | Y29: P | Z29: L | AA29: P | AB29: L | AC29: P
A30: 1 | B30: RSUD KAB. ROTE NDAO | I30: =SUM(C30:H30) -> 0 | P30: =SUM(J30:O30) -> 0 | W30: =SUM(Q30:V30) -> 0 | AD30: =SUM(X30:AC30) -> 0
A31: 2 | B31: RSUD PROF DR WZ JOHANNES | I31: =SUM(C31:H31) -> 0 | P31: =SUM(J31:O31) -> 0 | W31: =SUM(Q31:V31) -> 0 | AD31: =SUM(X31:AC31) -> 0
A32: 3 | B32: RS BHAYANGKARA KUPANG | I32: =SUM(C32:H32) -> 0 | P32: =SUM(J32:O32) -> 0 | W32: =SUM(Q32:V32) -> 0 | AD32: =SUM(X32:AC32) -> 0
A33: 4 | B33: RS KARTINI KUPANG | I33: =SUM(C33:H33) -> 0 | P33: =SUM(J33:O33) -> 0 | W33: =SUM(Q33:V33) -> 0 | AD33: =SUM(X33:AC33) -> 0
A34: 5 | B34: RS ST. CAROLUS BORROMEUS | I34: =SUM(C34:H34) -> 0 | P34: =SUM(J34:O34) -> 0 | W34: =SUM(Q34:V34) -> 0 | AD34: =SUM(X34:AC34) -> 0
A35: 6 | B35: RSU LEONA KUPANG | I35: =SUM(C35:H35) -> 0 | P35: =SUM(J35:O35) -> 0 | W35: =SUM(Q35:V35) -> 0 | AD35: =SUM(X35:AC35) -> 0
A36: 7 | B36: RSU SILOAM KUPANG | I36: =SUM(C36:H36) -> 0 | P36: =SUM(J36:O36) -> 0 | W36: =SUM(Q36:V36) -> 0 | AD36: =SUM(X36:AC36) -> 0
A37: 8 | B37: RUMAH SAKIT TK. III WIRASAKTI | I37: =SUM(C37:H37) -> 0 | P37: =SUM(J37:O37) -> 0 | W37: =SUM(Q37:V37) -> 0 | AD37: =SUM(X37:AC37) -> 0
A38: 9 | B38: RSJ NAIMATA | I38: =SUM(C38:H38) -> 0 | P38: =SUM(J38:O38) -> 0 | W38: =SUM(Q38:V38) -> 0 | AD38: =SUM(X38:AC38) -> 0
A39: 10 | B39: RS MAMAMI | I39: =SUM(C39:H39) -> 0 | P39: =SUM(J39:O39) -> 0 | W39: =SUM(Q39:V39) -> 0 | AD39: =SUM(X39:AC39) -> 0
A40: 11 | B40: RSUD S.K. LERIK | I40: =SUM(C40:H40) -> 0 | P40: =SUM(J40:O40) -> 0 | W40: =SUM(Q40:V40) -> 0 | AD40: =SUM(X40:AC40) -> 0
A41: 12 | B41: KU DEWANTA MENTAL JIWA HEALTH CARE | I41: =SUM(C41:H41) -> 0 | P41: =SUM(J41:O41) -> 0 | W41: =SUM(Q41:V41) -> 0 | AD41: =SUM(X41:AC41) -> 0
... A44: 15 | B44: RSUP Dr. BEN MBOI KUPANG | I44: =SUM(C44:H44) -> 0 | P44: =SUM(J44:O44) -> 0 | W44: =SUM(Q44:V44) -> 0 | AD44: =SUM(X44:AC44) -> 0
A45: TOTAL | C45: =SUM(C30:C44) -> 0 | D45: =SUM(D30:D44) -> 0 | E45: =SUM(E30:E44) -> 0 | F45: =SUM(F30:F44) -> 0 | G45: =SUM(G30:G44) -> 0 | H45: =SUM(H30:H44) -> 0 | I45: =SUM(C45:H45) -> 0 | J45: =SUM(J30:J44) -> 0 | K45: =SUM(K30:K44) -> 0 | L45: =SUM(L30:L44) -> 0 | M45: =SUM(M30:M44) -> 0 | N45: =SUM(N30:N44) -> 0 | O45: =SUM(O30:O44) -> 0 | P45: =SUM(J45:O45) -> 0 | Q45: =SUM(Q30:Q44) -> 0 | R45: =SUM(R30:R44) -> 0 | S45: =SUM(S30:S44) -> 0 | T45: =SUM(T30:T44) -> 0 | U45: =SUM(U30:U44) -> 0 | V45: =SUM(V30:V44) -> 0 | W45: =SUM(Q45:V45) -> 0 | X45: =SUM(X30:X44) -> 0 | Y45: =SUM(Y30:Y44) -> 0 | Z45: =SUM(Z30:Z44) -> 0 | AA45: =SUM(AA30:AA44) -> 0 | AB45: =SUM(AB30:AB44) -> 0 | AC45: =SUM(AC30:AC44) -> 0 | AD45: =SUM(X45:AC45) -> 0
A48: No. | B48: NAMA FASKES | C48: SEPTEMBER | J48: OKTOBER | Q48: NOVEMBER | X48: DESEMBER
C49: UMUM | E49: BPJS/KIS | G49: SKTM | I49: TOTAL | J49: UMUM | L49: BPJS/KIS | N49: SKTM | P49: TOTAL | Q49: UMUM | S49: BPJS/KIS | U49: SKTM | W49: TOTAL | X49: UMUM | Z49: BPJS/KIS | AB49: SKTM | AD49: TOTAL
C50: L | D50: P | E50: L | F50: P | G50: L | H50: P | J50: L | K50: P | L50: L | M50: P | N50: L | O50: P | Q50: L | R50: P | S50: L | T50: P | U50: L | V50: P | X50: L | Y50: P | Z50: L | AA50: P | AB50: L | AC50: P
A51: 1 | B51: RSUD KAB. ROTE NDAO | I51: =SUM(C51:H51) -> 0 | P51: =SUM(J51:O51) -> 0 | W51: =SUM(Q51:V51) -> 0 | AD51: =SUM(X51:AC51) -> 0
A52: 2 | B52: RSUD PROF DR WZ JOHANNES | I52: =SUM(C52:H52) -> 0 | P52: =SUM(J52:O52) -> 0 | W52: =SUM(Q52:V52) -> 0 | AD52: =SUM(X52:AC52) -> 0
A53: 3 | B53: RS BHAYANGKARA KUPANG | I53: =SUM(C53:H53) -> 0 | P53: =SUM(J53:O53) -> 0 | W53: =SUM(Q53:V53) -> 0 | AD53: =SUM(X53:AC53) -> 0
A54: 4 | B54: RS KARTINI KUPANG | I54: =SUM(C54:H54) -> 0 | P54: =SUM(J54:O54) -> 0 | W54: =SUM(Q54:V54) -> 0 | AD54: =SUM(X54:AC54) -> 0
A55: 5 | B55: RS ST. CAROLUS BORROMEUS | I55: =SUM(C55:H55) -> 0 | P55: =SUM(J55:O55) -> 0 | W55: =SUM(Q55:V55) -> 0 | AD55: =SUM(X55:AC55) -> 0
A56: 6 | B56: RSU LEONA KUPANG | I56: =SUM(C56:H56) -> 0 | P56: =SUM(J56:O56) -> 0 | W56: =SUM(Q56:V56) -> 0 | AD56: =SUM(X56:AC56) -> 0
A57: 7 | B57: RSU SILOAM KUPANG | I57: =SUM(C57:H57) -> 0 | P57: =SUM(J57:O57) -> 0 | W57: =SUM(Q57:V57) -> 0 | AD57: =SUM(X57:AC57) -> 0
A58: 8 | B58: RUMAH SAKIT TK. III WIRASAKTI | I58: =SUM(C58:H58) -> 0 | P58: =SUM(J58:O58) -> 0 | W58: =SUM(Q58:V58) -> 0 | AD58: =SUM(X58:AC58) -> 0
A59: 9 | B59: RSJ NAIMATA | I59: =SUM(C59:H59) -> 0 | P59: =SUM(J59:O59) -> 0 | W59: =SUM(Q59:V59) -> 0 | AD59: =SUM(X59:AC59) -> 0
A60: 10 | B60: RS MAMAMI | I60: =SUM(C60:H60) -> 0 | P60: =SUM(J60:O60) -> 0 | W60: =SUM(Q60:V60) -> 0 | AD60: =SUM(X60:AC60) -> 0
A61: 11 | B61: RSUD S.K. LERIK | I61: =SUM(C61:H61) -> 0 | P61: =SUM(J61:O61) -> 0 | W61: =SUM(Q61:V61) -> 0 | AD61: =SUM(X61:AC61) -> 0
A62: 12 | B62: KU DEWANTA MENTAL JIWA HEALTH CARE | I62: =SUM(C62:H62) -> 0 | P62: =SUM(J62:O62) -> 0 | W62: =SUM(Q62:V62) -> 0 | AD62: =SUM(X62:AC62) -> 0
... A65: 15 | B65: RSUP Dr. BEN MBOI KUPANG | I65: =SUM(C65:H65) -> 0 | P65: =SUM(J65:O65) -> 0 | W65: =SUM(Q65:V65) -> 0 | AD65: =SUM(X65:AC65) -> 0
A66: TOTAL | C66: =SUM(C51:C65) -> 0 | D66: =SUM(D51:D65) -> 0 | E66: =SUM(E51:E65) -> 0 | F66: =SUM(F51:F65) -> 0 | G66: =SUM(G51:G65) -> 0 | H66: =SUM(H51:H65) -> 0 | I66: =SUM(C66:H66) -> 0 | J66: =SUM(J51:J65) -> 0 | K66: =SUM(K51:K65) -> 0 | L66: =SUM(L51:L65) -> 0 | M66: =SUM(M51:M65) -> 0 | N66: =SUM(N51:N65) -> 0 | O66: =SUM(O51:O65) -> 0 | P66: =SUM(J66:O66) -> 0 | Q66: =SUM(Q51:Q65) -> 0 | R66: =SUM(R51:R65) -> 0 | S66: =SUM(S51:S65) -> 0 | T66: =SUM(T51:T65) -> 0 | U66: =SUM(U51:U65) -> 0 | V66: =SUM(V51:V65) -> 0 | W66: =SUM(Q66:V66) -> 0 | X66: =SUM(X51:X65) -> 0 | Y66: =SUM(Y51:Y65) -> 0 | Z66: =SUM(Z51:Z65) -> 0 | AA66: =SUM(AA51:AA65) -> 0 | AB66: =SUM(AB51:AB65) -> 0 | AC66: =SUM(AC51:AC65) -> 0 | AD66: =SUM(X66:AC66) -> 0
